VID,EID,LID,Group,Last calving,Days in milk,Date,Ruminating
1243,,,20,29/08/2024,302,27/06/2025,
1243,,,20,29/08/2024,303,28/06/2025,553
1243,,,20,29/08/2024,304,29/06/2025,611
1243,,,20,29/08/2024,305,30/06/2025,646
1243,,,20,29/08/2024,306,01/07/2025,536
1243,,,20,29/08/2024,307,02/07/2025,539
1243,,,20,29/08/2024,308,03/07/2025,726
1243,,,20,29/08/2024,309,04/07/2025,544
1243,,,20,29/08/2024,310,05/07/2025,500
1243,,,20,29/08/2024,311,06/07/2025,473
1243,,,20,29/08/2024,312,07/07/2025,569
1243,,,20,29/08/2024,313,08/07/2025,537
1243,,,20,29/08/2024,314,09/07/2025,541
1243,,,20,29/08/2024,315,10/07/2025,609
1243,,,20,29/08/2024,316,11/07/2025,434
1243,,,20,29/08/2024,317,12/07/2025,593
1243,,,20,29/08/2024,318,13/07/2025,530
1243,,,20,29/08/2024,319,14/07/2025,449
1243,,,20,29/08/2024,320,15/07/2025,571
1243,,,20,29/08/2024,321,16/07/2025,401
1243,,,20,29/08/2024,322,17/07/2025,806
1243,,,20,29/08/2024,323,18/07/2025,351
1243,,,20,29/08/2024,324,19/07/2025,653
1243,,,20,29/08/2024,325,20/07/2025,573
1243,,,20,29/08/2024,326,21/07/2025,637
1243,,,20,29/08/2024,327,22/07/2025,513
1243,,,20,29/08/2024,328,23/07/2025,475
1243,,,20,29/08/2024,329,24/07/2025,615
1243,,,20,29/08/2024,330,25/07/2025,565
1243,,,20,29/08/2024,331,26/07/2025,546
1243,,,20,29/08/2024,332,27/07/2025,552
1243,,,20,29/08/2024,333,28/07/2025,656
1243,,,20,29/08/2024,334,29/07/2025,552
1243,,,20,29/08/2024,335,30/07/2025,572
1243,,,20,29/08/2024,336,31/07/2025,532
1243,,,20,29/08/2024,337,01/08/2025,401
1243,,,20,29/08/2024,338,02/08/2025,544
1243,,,20,29/08/2024,339,03/08/2025,557
1243,,,20,29/08/2024,340,04/08/2025,618
1243,,,20,29/08/2024,341,05/08/2025,611
1243,,,20,29/08/2024,342,06/08/2025,585
1243,,,20,29/08/2024,343,07/08/2025,635
1243,,,20,29/08/2024,344,08/08/2025,547
1243,,,20,29/08/2024,345,09/08/2025,518
1243,,,20,29/08/2024,346,10/08/2025,556
1243,,,20,29/08/2024,347,11/08/2025,648
1243,,,20,29/08/2024,348,12/08/2025,647
1243,,,20,29/08/2024,349,13/08/2025,547
1243,,,20,29/08/2024,350,14/08/2025,657
1243,,,20,29/08/2024,351,15/08/2025,598
1243,,,20,29/08/2024,352,16/08/2025,477
1243,,,20,29/08/2024,353,17/08/2025,517
1243,,,20,29/08/2024,354,18/08/2025,568
1243,,,20,29/08/2024,355,19/08/2025,581
1243,,,20,29/08/2024,356,20/08/2025,645
1243,,,20,29/08/2024,357,21/08/2025,573
1243,,,20,29/08/2024,358,22/08/2025,616
1243,,,20,29/08/2024,359,23/08/2025,546
1243,,,20,29/08/2024,360,24/08/2025,589
1243,,,20,29/08/2024,361,25/08/2025,573
1243,,,20,29/08/2024,362,26/08/2025,608
1243,,,20,29/08/2024,363,27/08/2025,488
1243,,,20,29/08/2024,364,28/08/2025,602
1243,,,20,29/08/2024,365,29/08/2025,619
1243,,,20,29/08/2024,366,30/08/2025,570
1243,,,20,29/08/2024,367,31/08/2025,469
1243,,,20,29/08/2024,368,01/09/2025,573
1243,,,20,29/08/2024,369,02/09/2025,470
1243,,,20,29/08/2024,370,03/09/2025,511
1243,,,20,29/08/2024,371,04/09/2025,507
1243,,,20,29/08/2024,372,05/09/2025,632
1243,,,20,29/08/2024,373,06/09/2025,573
1243,,,20,29/08/2024,374,07/09/2025,594
1243,,,20,29/08/2024,375,08/09/2025,679
1243,,,20,29/08/2024,376,09/09/2025,620
1243,,,20,29/08/2024,377,10/09/2025,556
1243,,,20,29/08/2024,378,11/09/2025,497
1243,,,20,29/08/2024,379,12/09/2025,502
1243,,,20,29/08/2024,380,13/09/2025,568
1243,,,20,29/08/2024,381,14/09/2025,524
1243,,,20,29/08/2024,382,15/09/2025,387
1243,,,20,29/08/2024,383,16/09/2025,475
1243,,,20,29/08/2024,384,17/09/2025,389
1243,,,20,29/08/2024,385,18/09/2025,538
1243,,,20,29/08/2024,386,19/09/2025,567
1243,,,20,29/08/2024,387,20/09/2025,558
1243,,,20,29/08/2024,388,21/09/2025,420
1243,,,20,29/08/2024,389,22/09/2025,346
1243,,,20,29/08/2024,390,23/09/2025,0
1243,,,20,29/08/2024,391,24/09/2025,0
1243,,,20,29/08/2024,392,25/09/2025,
8768,,,3,21/07/2025,,27/06/2025,
8768,,,3,21/07/2025,,28/06/2025,
8768,,,3,21/07/2025,,29/06/2025,
8768,,,3,21/07/2025,,30/06/2025,
8768,,,3,21/07/2025,,01/07/2025,
8768,,,3,21/07/2025,,02/07/2025,
8768,,,3,21/07/2025,,03/07/2025,
8768,,,3,21/07/2025,,04/07/2025,
8768,,,3,21/07/2025,,05/07/2025,
8768,,,3,21/07/2025,,06/07/2025,
8768,,,3,21/07/2025,,07/07/2025,181
8768,,,3,21/07/2025,,08/07/2025,399
8768,,,3,21/07/2025,,09/07/2025,368
8768,,,3,21/07/2025,,10/07/2025,464
8768,,,3,21/07/2025,,11/07/2025,416
8768,,,3,21/07/2025,,12/07/2025,405
8768,,,3,21/07/2025,,13/07/2025,433
8768,,,3,21/07/2025,,14/07/2025,286
8768,,,3,21/07/2025,,15/07/2025,590
8768,,,3,21/07/2025,,16/07/2025,294
8768,,,3,21/07/2025,,17/07/2025,450
8768,,,3,21/07/2025,,18/07/2025,361
8768,,,3,21/07/2025,,19/07/2025,403
8768,,,3,21/07/2025,,20/07/2025,403
8768,,,3,21/07/2025,,21/07/2025,265
8768,,,3,21/07/2025,1,22/07/2025,444
8768,,,3,21/07/2025,2,23/07/2025,463
8768,,,3,21/07/2025,3,24/07/2025,494
8768,,,3,21/07/2025,4,25/07/2025,358
8768,,,3,21/07/2025,5,26/07/2025,220
8768,,,3,21/07/2025,6,27/07/2025,339
8768,,,3,21/07/2025,7,28/07/2025,301
8768,,,3,21/07/2025,8,29/07/2025,240
8768,,,3,21/07/2025,9,30/07/2025,309
8768,,,3,21/07/2025,10,31/07/2025,173
8768,,,3,21/07/2025,11,01/08/2025,322
8768,,,3,21/07/2025,12,02/08/2025,406
8768,,,3,21/07/2025,13,03/08/2025,306
8768,,,3,21/07/2025,14,04/08/2025,336
8768,,,3,21/07/2025,15,05/08/2025,394
8768,,,3,21/07/2025,16,06/08/2025,464
8768,,,3,21/07/2025,17,07/08/2025,445
8768,,,3,21/07/2025,18,08/08/2025,480
8768,,,3,21/07/2025,19,09/08/2025,401
8768,,,3,21/07/2025,20,10/08/2025,477
8768,,,3,21/07/2025,21,11/08/2025,377
8768,,,3,21/07/2025,22,12/08/2025,449
8768,,,3,21/07/2025,23,13/08/2025,294
8768,,,3,21/07/2025,24,14/08/2025,298
8768,,,3,21/07/2025,25,15/08/2025,274
8768,,,3,21/07/2025,26,16/08/2025,455
8768,,,3,21/07/2025,27,17/08/2025,402
8768,,,3,21/07/2025,28,18/08/2025,215
8768,,,3,21/07/2025,29,19/08/2025,388
8768,,,3,21/07/2025,30,20/08/2025,227
8768,,,3,21/07/2025,31,21/08/2025,290
8768,,,3,21/07/2025,32,22/08/2025,280
8768,,,3,21/07/2025,33,23/08/2025,453
8768,,,3,21/07/2025,34,24/08/2025,277
8768,,,3,21/07/2025,35,25/08/2025,286
8768,,,3,21/07/2025,36,26/08/2025,215
8768,,,3,21/07/2025,37,27/08/2025,624
8768,,,3,21/07/2025,38,28/08/2025,651
8768,,,3,21/07/2025,39,29/08/2025,475
8768,,,3,21/07/2025,40,30/08/2025,519
8768,,,3,21/07/2025,41,31/08/2025,646
8768,,,3,21/07/2025,42,01/09/2025,573
8768,,,3,21/07/2025,43,02/09/2025,422
8768,,,3,21/07/2025,44,03/09/2025,697
8768,,,3,21/07/2025,45,04/09/2025,534
8768,,,3,21/07/2025,46,05/09/2025,657
8768,,,3,21/07/2025,47,06/09/2025,537
8768,,,3,21/07/2025,48,07/09/2025,565
8768,,,3,21/07/2025,49,08/09/2025,452
8768,,,3,21/07/2025,50,09/09/2025,564
8768,,,3,21/07/2025,51,10/09/2025,693
8768,,,3,21/07/2025,52,11/09/2025,605
8768,,,3,21/07/2025,53,12/09/2025,521
8768,,,3,21/07/2025,54,13/09/2025,598
8768,,,3,21/07/2025,55,14/09/2025,591
8768,,,3,21/07/2025,56,15/09/2025,485
8768,,,3,21/07/2025,57,16/09/2025,625
8768,,,3,21/07/2025,58,17/09/2025,594
8768,,,3,21/07/2025,59,18/09/2025,604
8768,,,3,21/07/2025,60,19/09/2025,495
8768,,,3,21/07/2025,61,20/09/2025,474
8768,,,3,21/07/2025,62,21/09/2025,623
8768,,,3,21/07/2025,63,22/09/2025,315
8768,,,3,21/07/2025,64,23/09/2025,8
8768,,,3,21/07/2025,65,24/09/2025,0
8768,,,3,21/07/2025,66,25/09/2025,
8732,,,100,10/11/2024,229,27/06/2025,
8732,,,100,10/11/2024,230,28/06/2025,561
8732,,,100,10/11/2024,231,29/06/2025,465
8732,,,100,10/11/2024,232,30/06/2025,597
8732,,,100,10/11/2024,233,01/07/2025,506
8732,,,100,10/11/2024,234,02/07/2025,561
8732,,,100,10/11/2024,235,03/07/2025,537
8732,,,100,10/11/2024,236,04/07/2025,521
8732,,,100,10/11/2024,237,05/07/2025,514
8732,,,100,10/11/2024,238,06/07/2025,525
8732,,,100,10/11/2024,239,07/07/2025,480
8732,,,100,10/11/2024,240,08/07/2025,549
8732,,,100,10/11/2024,241,09/07/2025,514
8732,,,100,10/11/2024,242,10/07/2025,531
8732,,,100,10/11/2024,243,11/07/2025,430
8732,,,100,10/11/2024,244,12/07/2025,456
8732,,,100,10/11/2024,245,13/07/2025,568
8732,,,100,10/11/2024,246,14/07/2025,367
8732,,,100,10/11/2024,247,15/07/2025,476
8732,,,100,10/11/2024,248,16/07/2025,356
8732,,,100,10/11/2024,249,17/07/2025,612
8732,,,100,10/11/2024,250,18/07/2025,490
8732,,,100,10/11/2024,251,19/07/2025,529
8732,,,100,10/11/2024,252,20/07/2025,481
8732,,,100,10/11/2024,253,21/07/2025,550
8732,,,100,10/11/2024,254,22/07/2025,491
8732,,,100,10/11/2024,255,23/07/2025,514
8732,,,100,10/11/2024,256,24/07/2025,445
8732,,,100,10/11/2024,257,25/07/2025,516
8732,,,100,10/11/2024,258,26/07/2025,496
8732,,,100,10/11/2024,259,27/07/2025,455
8732,,,100,10/11/2024,260,28/07/2025,494
8732,,,100,10/11/2024,261,29/07/2025,411
8732,,,100,10/11/2024,262,30/07/2025,556
8732,,,100,10/11/2024,263,31/07/2025,481
8732,,,100,10/11/2024,264,01/08/2025,347
8732,,,100,10/11/2024,265,02/08/2025,375
8732,,,100,10/11/2024,266,03/08/2025,431
8732,,,100,10/11/2024,267,04/08/2025,468
8732,,,100,10/11/2024,268,05/08/2025,529
8732,,,100,10/11/2024,269,06/08/2025,481
8732,,,100,10/11/2024,270,07/08/2025,499
8732,,,100,10/11/2024,271,08/08/2025,425
8732,,,100,10/11/2024,272,09/08/2025,553
8732,,,100,10/11/2024,273,10/08/2025,460
8732,,,100,10/11/2024,274,11/08/2025,478
8732,,,100,10/11/2024,275,12/08/2025,485
8732,,,100,10/11/2024,276,13/08/2025,364
8732,,,100,10/11/2024,277,14/08/2025,343
8732,,,100,10/11/2024,278,15/08/2025,376
8732,,,100,10/11/2024,279,16/08/2025,358
8732,,,100,10/11/2024,280,17/08/2025,391
8732,,,100,10/11/2024,281,18/08/2025,438
8732,,,100,10/11/2024,282,19/08/2025,494
8732,,,100,10/11/2024,283,20/08/2025,610
8732,,,100,10/11/2024,284,21/08/2025,553
8732,,,100,10/11/2024,285,22/08/2025,588
8732,,,100,10/11/2024,286,23/08/2025,624
8732,,,100,10/11/2024,287,24/08/2025,596
8732,,,100,10/11/2024,288,25/08/2025,373
8732,,,100,10/11/2024,289,26/08/2025,574
8732,,,100,10/11/2024,290,27/08/2025,478
8732,,,100,10/11/2024,291,28/08/2025,537
8732,,,100,10/11/2024,292,29/08/2025,452
8732,,,100,10/11/2024,293,30/08/2025,535
8732,,,100,10/11/2024,294,31/08/2025,458
8732,,,100,10/11/2024,295,01/09/2025,476
8732,,,100,10/11/2024,296,02/09/2025,483
8732,,,100,10/11/2024,297,03/09/2025,488
8732,,,100,10/11/2024,298,04/09/2025,546
8732,,,100,10/11/2024,299,05/09/2025,624
8732,,,100,10/11/2024,300,06/09/2025,532
8732,,,100,10/11/2024,301,07/09/2025,531
8732,,,100,10/11/2024,302,08/09/2025,718
8732,,,100,10/11/2024,303,09/09/2025,530
8732,,,100,10/11/2024,304,10/09/2025,594
8732,,,100,10/11/2024,305,11/09/2025,456
8732,,,100,10/11/2024,306,12/09/2025,497
8732,,,100,10/11/2024,307,13/09/2025,550
8732,,,100,10/11/2024,308,14/09/2025,525
8732,,,100,10/11/2024,309,15/09/2025,382
8732,,,100,10/11/2024,310,16/09/2025,350
8732,,,100,10/11/2024,311,17/09/2025,447
8732,,,100,10/11/2024,312,18/09/2025,446
8732,,,100,10/11/2024,313,19/09/2025,548
8732,,,100,10/11/2024,314,20/09/2025,635
8732,,,100,10/11/2024,315,21/09/2025,605
8732,,,100,10/11/2024,316,22/09/2025,253
8732,,,100,10/11/2024,317,23/09/2025,0
8732,,,100,10/11/2024,318,24/09/2025,0
8732,,,100,10/11/2024,319,25/09/2025,
1644,,,100,15/10/2024,255,27/06/2025,
1644,,,100,15/10/2024,256,28/06/2025,685
1644,,,100,15/10/2024,257,29/06/2025,606
1644,,,100,15/10/2024,258,30/06/2025,475
1644,,,100,15/10/2024,259,01/07/2025,626
1644,,,100,15/10/2024,260,02/07/2025,515
1644,,,100,15/10/2024,261,03/07/2025,674
1644,,,100,15/10/2024,262,04/07/2025,528
1644,,,100,15/10/2024,263,05/07/2025,543
1644,,,100,15/10/2024,264,06/07/2025,675
1644,,,100,15/10/2024,265,07/07/2025,611
1644,,,100,15/10/2024,266,08/07/2025,503
1644,,,100,15/10/2024,267,09/07/2025,539
1644,,,100,15/10/2024,268,10/07/2025,481
1644,,,100,15/10/2024,269,11/07/2025,618
1644,,,100,15/10/2024,270,12/07/2025,555
1644,,,100,15/10/2024,271,13/07/2025,545
1644,,,100,15/10/2024,272,14/07/2025,407
1644,,,100,15/10/2024,273,15/07/2025,610
1644,,,100,15/10/2024,274,16/07/2025,464
1644,,,100,15/10/2024,275,17/07/2025,542
1644,,,100,15/10/2024,276,18/07/2025,506
1644,,,100,15/10/2024,277,19/07/2025,546
1644,,,100,15/10/2024,278,20/07/2025,471
1644,,,100,15/10/2024,279,21/07/2025,623
1644,,,100,15/10/2024,280,22/07/2025,543
1644,,,100,15/10/2024,281,23/07/2025,483
1644,,,100,15/10/2024,282,24/07/2025,563
1644,,,100,15/10/2024,283,25/07/2025,563
1644,,,100,15/10/2024,284,26/07/2025,640
1644,,,100,15/10/2024,285,27/07/2025,641
1644,,,100,15/10/2024,286,28/07/2025,514
1644,,,100,15/10/2024,287,29/07/2025,530
1644,,,100,15/10/2024,288,30/07/2025,453
1644,,,100,15/10/2024,289,31/07/2025,375
1644,,,100,15/10/2024,290,01/08/2025,484
1644,,,100,15/10/2024,291,02/08/2025,581
1644,,,100,15/10/2024,292,03/08/2025,505
1644,,,100,15/10/2024,293,04/08/2025,503
1644,,,100,15/10/2024,294,05/08/2025,563
1644,,,100,15/10/2024,295,06/08/2025,518
1644,,,100,15/10/2024,296,07/08/2025,589
1644,,,100,15/10/2024,297,08/08/2025,577
1644,,,100,15/10/2024,298,09/08/2025,639
1644,,,100,15/10/2024,299,10/08/2025,563
1644,,,100,15/10/2024,300,11/08/2025,547
1644,,,100,15/10/2024,301,12/08/2025,654
1644,,,100,15/10/2024,302,13/08/2025,621
1644,,,100,15/10/2024,303,14/08/2025,599
1644,,,100,15/10/2024,304,15/08/2025,621
1644,,,100,15/10/2024,305,16/08/2025,492
1644,,,100,15/10/2024,306,17/08/2025,556
1644,,,100,15/10/2024,307,18/08/2025,507
1644,,,100,15/10/2024,308,19/08/2025,501
1644,,,100,15/10/2024,309,20/08/2025,683
1644,,,100,15/10/2024,310,21/08/2025,611
1644,,,100,15/10/2024,311,22/08/2025,572
1644,,,100,15/10/2024,312,23/08/2025,602
1644,,,100,15/10/2024,313,24/08/2025,602
1644,,,100,15/10/2024,314,25/08/2025,490
1644,,,100,15/10/2024,315,26/08/2025,700
1644,,,100,15/10/2024,316,27/08/2025,464
1644,,,100,15/10/2024,317,28/08/2025,692
1644,,,100,15/10/2024,318,29/08/2025,561
1644,,,100,15/10/2024,319,30/08/2025,564
1644,,,100,15/10/2024,320,31/08/2025,510
1644,,,100,15/10/2024,321,01/09/2025,504
1644,,,100,15/10/2024,322,02/09/2025,491
1644,,,100,15/10/2024,323,03/09/2025,574
1644,,,100,15/10/2024,324,04/09/2025,570
1644,,,100,15/10/2024,325,05/09/2025,610
1644,,,100,15/10/2024,326,06/09/2025,594
1644,,,100,15/10/2024,327,07/09/2025,539
1644,,,100,15/10/2024,328,08/09/2025,624
1644,,,100,15/10/2024,329,09/09/2025,641
1644,,,100,15/10/2024,330,10/09/2025,550
1644,,,100,15/10/2024,331,11/09/2025,553
1644,,,100,15/10/2024,332,12/09/2025,572
1644,,,100,15/10/2024,333,13/09/2025,527
1644,,,100,15/10/2024,334,14/09/2025,603
1644,,,100,15/10/2024,335,15/09/2025,442
1644,,,100,15/10/2024,336,16/09/2025,343
1644,,,100,15/10/2024,337,17/09/2025,359
1644,,,100,15/10/2024,338,18/09/2025,480
1644,,,100,15/10/2024,339,19/09/2025,615
1644,,,100,15/10/2024,340,20/09/2025,643
1644,,,100,15/10/2024,341,21/09/2025,613
1644,,,100,15/10/2024,342,22/09/2025,307
1644,,,100,15/10/2024,343,23/09/2025,0
1644,,,100,15/10/2024,344,24/09/2025,151
1644,,,100,15/10/2024,345,25/09/2025,
1213,,,100,02/09/2024,298,27/06/2025,
1213,,,100,02/09/2024,299,28/06/2025,533
1213,,,100,02/09/2024,300,29/06/2025,630
1213,,,100,02/09/2024,301,30/06/2025,544
1213,,,100,02/09/2024,302,01/07/2025,627
1213,,,100,02/09/2024,303,02/07/2025,569
1213,,,100,02/09/2024,304,03/07/2025,591
1213,,,100,02/09/2024,305,04/07/2025,584
1213,,,100,02/09/2024,306,05/07/2025,547
1213,,,100,02/09/2024,307,06/07/2025,624
1213,,,100,02/09/2024,308,07/07/2025,489
1213,,,100,02/09/2024,309,08/07/2025,588
1213,,,100,02/09/2024,310,09/07/2025,559
1213,,,100,02/09/2024,311,10/07/2025,568
1213,,,100,02/09/2024,312,11/07/2025,452
1213,,,100,02/09/2024,313,12/07/2025,511
1213,,,100,02/09/2024,314,13/07/2025,525
1213,,,100,02/09/2024,315,14/07/2025,393
1213,,,100,02/09/2024,316,15/07/2025,452
1213,,,100,02/09/2024,317,16/07/2025,319
1213,,,100,02/09/2024,318,17/07/2025,375
1213,,,100,02/09/2024,319,18/07/2025,393
1213,,,100,02/09/2024,320,19/07/2025,407
1213,,,100,02/09/2024,321,20/07/2025,360
1213,,,100,02/09/2024,322,21/07/2025,337
1213,,,100,02/09/2024,323,22/07/2025,509
1213,,,100,02/09/2024,324,23/07/2025,360
1213,,,100,02/09/2024,325,24/07/2025,408
1213,,,100,02/09/2024,326,25/07/2025,401
1213,,,100,02/09/2024,327,26/07/2025,483
1213,,,100,02/09/2024,328,27/07/2025,460
1213,,,100,02/09/2024,329,28/07/2025,550
1213,,,100,02/09/2024,330,29/07/2025,521
1213,,,100,02/09/2024,331,30/07/2025,469
1213,,,100,02/09/2024,332,31/07/2025,560
1213,,,100,02/09/2024,333,01/08/2025,510
1213,,,100,02/09/2024,334,02/08/2025,582
1213,,,100,02/09/2024,335,03/08/2025,525
1213,,,100,02/09/2024,336,04/08/2025,454
1213,,,100,02/09/2024,337,05/08/2025,567
1213,,,100,02/09/2024,338,06/08/2025,415
1213,,,100,02/09/2024,339,07/08/2025,536
1213,,,100,02/09/2024,340,08/08/2025,423
1213,,,100,02/09/2024,341,09/08/2025,547
1213,,,100,02/09/2024,342,10/08/2025,502
1213,,,100,02/09/2024,343,11/08/2025,542
1213,,,100,02/09/2024,344,12/08/2025,568
1213,,,100,02/09/2024,345,13/08/2025,528
1213,,,100,02/09/2024,346,14/08/2025,516
1213,,,100,02/09/2024,347,15/08/2025,589
1213,,,100,02/09/2024,348,16/08/2025,475
1213,,,100,02/09/2024,349,17/08/2025,412
1213,,,100,02/09/2024,350,18/08/2025,478
1213,,,100,02/09/2024,351,19/08/2025,453
1213,,,100,02/09/2024,352,20/08/2025,501
1213,,,100,02/09/2024,353,21/08/2025,484
1213,,,100,02/09/2024,354,22/08/2025,539
1213,,,100,02/09/2024,355,23/08/2025,506
1213,,,100,02/09/2024,356,24/08/2025,622
1213,,,100,02/09/2024,357,25/08/2025,339
1213,,,100,02/09/2024,358,26/08/2025,532
1213,,,100,02/09/2024,359,27/08/2025,431
1213,,,100,02/09/2024,360,28/08/2025,592
1213,,,100,02/09/2024,361,29/08/2025,426
1213,,,100,02/09/2024,362,30/08/2025,480
1213,,,100,02/09/2024,363,31/08/2025,448
1213,,,100,02/09/2024,364,01/09/2025,490
1213,,,100,02/09/2024,365,02/09/2025,414
1213,,,100,02/09/2024,366,03/09/2025,390
1213,,,100,02/09/2024,367,04/09/2025,458
1213,,,100,02/09/2024,368,05/09/2025,524
1213,,,100,02/09/2024,369,06/09/2025,524
1213,,,100,02/09/2024,370,07/09/2025,443
1213,,,100,02/09/2024,371,08/09/2025,465
1213,,,100,02/09/2024,372,09/09/2025,519
1213,,,100,02/09/2024,373,10/09/2025,574
1213,,,100,02/09/2024,374,11/09/2025,447
1213,,,100,02/09/2024,375,12/09/2025,461
1213,,,100,02/09/2024,376,13/09/2025,450
1213,,,100,02/09/2024,377,14/09/2025,498
1213,,,100,02/09/2024,378,15/09/2025,409
1213,,,100,02/09/2024,379,16/09/2025,355
1213,,,100,02/09/2024,380,17/09/2025,388
1213,,,100,02/09/2024,381,18/09/2025,375
1213,,,100,02/09/2024,382,19/09/2025,503
1213,,,100,02/09/2024,383,20/09/2025,545
1213,,,100,02/09/2024,384,21/09/2025,590
1213,,,100,02/09/2024,385,22/09/2025,249
1213,,,100,02/09/2024,386,23/09/2025,23
1213,,,100,02/09/2024,387,24/09/2025,0
1213,,,100,02/09/2024,388,25/09/2025,
6137,,,20,27/06/2023,731,27/06/2025,
6137,,,20,27/06/2023,732,28/06/2025,515
6137,,,20,27/06/2023,733,29/06/2025,429
6137,,,20,27/06/2023,734,30/06/2025,420
6137,,,20,27/06/2023,735,01/07/2025,635
6137,,,20,27/06/2023,736,02/07/2025,599
6137,,,20,27/06/2023,737,03/07/2025,629
6137,,,20,27/06/2023,738,04/07/2025,511
6137,,,20,27/06/2023,739,05/07/2025,522
6137,,,20,27/06/2023,740,06/07/2025,546
6137,,,20,27/06/2023,741,07/07/2025,511
6137,,,20,27/06/2023,742,08/07/2025,521
6137,,,20,27/06/2023,743,09/07/2025,532
6137,,,20,27/06/2023,744,10/07/2025,390
6137,,,20,27/06/2023,745,11/07/2025,380
6137,,,20,27/06/2023,746,12/07/2025,382
6137,,,20,27/06/2023,747,13/07/2025,386
6137,,,20,27/06/2023,748,14/07/2025,321
6137,,,20,27/06/2023,749,15/07/2025,355
6137,,,20,27/06/2023,750,16/07/2025,365
6137,,,20,27/06/2023,751,17/07/2025,396
6137,,,20,27/06/2023,752,18/07/2025,417
6137,,,20,27/06/2023,753,19/07/2025,485
6137,,,20,27/06/2023,754,20/07/2025,448
6137,,,20,27/06/2023,755,21/07/2025,538
6137,,,20,27/06/2023,756,22/07/2025,507
6137,,,20,27/06/2023,757,23/07/2025,395
6137,,,20,27/06/2023,758,24/07/2025,435
6137,,,20,27/06/2023,759,25/07/2025,450
6137,,,20,27/06/2023,760,26/07/2025,582
6137,,,20,27/06/2023,761,27/07/2025,551
6137,,,20,27/06/2023,762,28/07/2025,469
6137,,,20,27/06/2023,763,29/07/2025,491
6137,,,20,27/06/2023,764,30/07/2025,404
6137,,,20,27/06/2023,765,31/07/2025,503
6137,,,20,27/06/2023,766,01/08/2025,481
6137,,,20,27/06/2023,767,02/08/2025,566
6137,,,20,27/06/2023,768,03/08/2025,545
6137,,,20,27/06/2023,769,04/08/2025,473
6137,,,20,27/06/2023,770,05/08/2025,462
6137,,,20,27/06/2023,771,06/08/2025,421
6137,,,20,27/06/2023,772,07/08/2025,539
6137,,,20,27/06/2023,773,08/08/2025,468
6137,,,20,27/06/2023,774,09/08/2025,608
6137,,,20,27/06/2023,775,10/08/2025,504
6137,,,20,27/06/2023,776,11/08/2025,399
6137,,,20,27/06/2023,777,12/08/2025,455
6137,,,20,27/06/2023,778,13/08/2025,557
6137,,,20,27/06/2023,779,14/08/2025,556
6137,,,20,27/06/2023,780,15/08/2025,565
6137,,,20,27/06/2023,781,16/08/2025,466
6137,,,20,27/06/2023,782,17/08/2025,526
6137,,,20,27/06/2023,783,18/08/2025,526
6137,,,20,27/06/2023,784,19/08/2025,468
6137,,,20,27/06/2023,785,20/08/2025,608
6137,,,20,27/06/2023,786,21/08/2025,516
6137,,,20,27/06/2023,787,22/08/2025,544
6137,,,20,27/06/2023,788,23/08/2025,585
6137,,,20,27/06/2023,789,24/08/2025,576
6137,,,20,27/06/2023,790,25/08/2025,452
6137,,,20,27/06/2023,791,26/08/2025,566
6137,,,20,27/06/2023,792,27/08/2025,410
6137,,,20,27/06/2023,793,28/08/2025,622
6137,,,20,27/06/2023,794,29/08/2025,506
6137,,,20,27/06/2023,795,30/08/2025,460
6137,,,20,27/06/2023,796,31/08/2025,390
6137,,,20,27/06/2023,797,01/09/2025,437
6137,,,20,27/06/2023,798,02/09/2025,338
6137,,,20,27/06/2023,799,03/09/2025,387
6137,,,20,27/06/2023,800,04/09/2025,361
6137,,,20,27/06/2023,801,05/09/2025,511
6137,,,20,27/06/2023,802,06/09/2025,462
6137,,,20,27/06/2023,803,07/09/2025,546
6137,,,20,27/06/2023,804,08/09/2025,560
6137,,,20,27/06/2023,805,09/09/2025,451
6137,,,20,27/06/2023,806,10/09/2025,536
6137,,,20,27/06/2023,807,11/09/2025,466
6137,,,20,27/06/2023,808,12/09/2025,482
6137,,,20,27/06/2023,809,13/09/2025,489
6137,,,20,27/06/2023,810,14/09/2025,550
6137,,,20,27/06/2023,811,15/09/2025,379
6137,,,20,27/06/2023,812,16/09/2025,349
6137,,,20,27/06/2023,813,17/09/2025,419
6137,,,20,27/06/2023,814,18/09/2025,452
6137,,,20,27/06/2023,815,19/09/2025,450
6137,,,20,27/06/2023,816,20/09/2025,508
6137,,,20,27/06/2023,817,21/09/2025,384
6137,,,20,27/06/2023,818,22/09/2025,310
6137,,,20,27/06/2023,819,23/09/2025,0
6137,,,20,27/06/2023,820,24/09/2025,0
6137,,,20,27/06/2023,821,25/09/2025,
6157,,,100,21/02/2024,492,27/06/2025,
6157,,,100,21/02/2024,493,28/06/2025,20
6157,,,100,21/02/2024,494,29/06/2025,2
6157,,,100,21/02/2024,495,30/06/2025,21
6157,,,100,21/02/2024,496,01/07/2025,0
6157,,,100,21/02/2024,497,02/07/2025,0
6157,,,100,21/02/2024,498,03/07/2025,0
6157,,,100,21/02/2024,499,04/07/2025,0
6157,,,100,21/02/2024,500,05/07/2025,0
6157,,,100,21/02/2024,501,06/07/2025,0
6157,,,100,21/02/2024,502,07/07/2025,0
6157,,,100,21/02/2024,503,08/07/2025,
6157,,,100,21/02/2024,504,09/07/2025,
6157,,,100,21/02/2024,505,10/07/2025,
6157,,,100,21/02/2024,506,11/07/2025,
6157,,,100,21/02/2024,507,12/07/2025,
6157,,,100,21/02/2024,508,13/07/2025,
6157,,,100,21/02/2024,509,14/07/2025,
6157,,,100,21/02/2024,510,15/07/2025,
6157,,,100,21/02/2024,511,16/07/2025,
6157,,,100,21/02/2024,512,17/07/2025,
6157,,,100,21/02/2024,513,18/07/2025,
6157,,,100,21/02/2024,514,19/07/2025,
6157,,,100,21/02/2024,515,20/07/2025,
6157,,,100,21/02/2024,516,21/07/2025,
6157,,,100,21/02/2024,517,22/07/2025,
6157,,,100,21/02/2024,518,23/07/2025,
6157,,,100,21/02/2024,519,24/07/2025,
6157,,,100,21/02/2024,520,25/07/2025,
6157,,,100,21/02/2024,521,26/07/2025,
6157,,,100,21/02/2024,522,27/07/2025,
6157,,,100,21/02/2024,523,28/07/2025,
6157,,,100,21/02/2024,524,29/07/2025,
6157,,,100,21/02/2024,525,30/07/2025,
6157,,,100,21/02/2024,526,31/07/2025,
6157,,,100,21/02/2024,527,01/08/2025,
6157,,,100,21/02/2024,528,02/08/2025,
6157,,,100,21/02/2024,529,03/08/2025,
6157,,,100,21/02/2024,530,04/08/2025,
6157,,,100,21/02/2024,531,05/08/2025,
6157,,,100,21/02/2024,532,06/08/2025,
6157,,,100,21/02/2024,533,07/08/2025,
6157,,,100,21/02/2024,534,08/08/2025,
6157,,,100,21/02/2024,535,09/08/2025,
6157,,,100,21/02/2024,536,10/08/2025,
6157,,,100,21/02/2024,537,11/08/2025,
6157,,,100,21/02/2024,538,12/08/2025,
6157,,,100,21/02/2024,539,13/08/2025,
6157,,,100,21/02/2024,540,14/08/2025,
6157,,,100,21/02/2024,541,15/08/2025,
6157,,,100,21/02/2024,542,16/08/2025,
6157,,,100,21/02/2024,543,17/08/2025,
6157,,,100,21/02/2024,544,18/08/2025,
6157,,,100,21/02/2024,545,19/08/2025,
6157,,,100,21/02/2024,546,20/08/2025,
6157,,,100,21/02/2024,547,21/08/2025,
6157,,,100,21/02/2024,548,22/08/2025,
6157,,,100,21/02/2024,549,23/08/2025,
6157,,,100,21/02/2024,550,24/08/2025,
6157,,,100,21/02/2024,551,25/08/2025,
6157,,,100,21/02/2024,552,26/08/2025,
6157,,,100,21/02/2024,553,27/08/2025,
6157,,,100,21/02/2024,554,28/08/2025,
6157,,,100,21/02/2024,555,29/08/2025,
6157,,,100,21/02/2024,556,30/08/2025,
6157,,,100,21/02/2024,557,31/08/2025,
6157,,,100,21/02/2024,558,01/09/2025,
6157,,,100,21/02/2024,559,02/09/2025,
6157,,,100,21/02/2024,560,03/09/2025,
6157,,,100,21/02/2024,561,04/09/2025,
6157,,,100,21/02/2024,562,05/09/2025,
6157,,,100,21/02/2024,563,06/09/2025,
6157,,,100,21/02/2024,564,07/09/2025,
6157,,,100,21/02/2024,565,08/09/2025,
6157,,,100,21/02/2024,566,09/09/2025,
6157,,,100,21/02/2024,567,10/09/2025,
6157,,,100,21/02/2024,568,11/09/2025,
6157,,,100,21/02/2024,569,12/09/2025,
6157,,,100,21/02/2024,570,13/09/2025,
6157,,,100,21/02/2024,571,14/09/2025,
6157,,,100,21/02/2024,572,15/09/2025,
6157,,,100,21/02/2024,573,16/09/2025,
6157,,,100,21/02/2024,574,17/09/2025,
6157,,,100,21/02/2024,575,18/09/2025,
6157,,,100,21/02/2024,576,19/09/2025,
6157,,,100,21/02/2024,577,20/09/2025,
6157,,,100,21/02/2024,578,21/09/2025,
6157,,,100,21/02/2024,579,22/09/2025,
6157,,,100,21/02/2024,580,23/09/2025,
6157,,,100,21/02/2024,581,24/09/2025,
6157,,,100,21/02/2024,582,25/09/2025,
5981,,,2,26/07/2025,,27/06/2025,
5981,,,2,26/07/2025,,28/06/2025,
5981,,,2,26/07/2025,,29/06/2025,
5981,,,2,26/07/2025,,30/06/2025,
5981,,,2,26/07/2025,,01/07/2025,
5981,,,2,26/07/2025,,02/07/2025,
5981,,,2,26/07/2025,,03/07/2025,
5981,,,2,26/07/2025,,04/07/2025,
5981,,,2,26/07/2025,,05/07/2025,
5981,,,2,26/07/2025,,06/07/2025,
5981,,,2,26/07/2025,,07/07/2025,443
5981,,,2,26/07/2025,,08/07/2025,334
5981,,,2,26/07/2025,,09/07/2025,407
5981,,,2,26/07/2025,,10/07/2025,341
5981,,,2,26/07/2025,,11/07/2025,383
5981,,,2,26/07/2025,,12/07/2025,391
5981,,,2,26/07/2025,,13/07/2025,438
5981,,,2,26/07/2025,,14/07/2025,287
5981,,,2,26/07/2025,,15/07/2025,382
5981,,,2,26/07/2025,,16/07/2025,202
5981,,,2,26/07/2025,,17/07/2025,425
5981,,,2,26/07/2025,,18/07/2025,377
5981,,,2,26/07/2025,,19/07/2025,429
5981,,,2,26/07/2025,,20/07/2025,417
5981,,,2,26/07/2025,,21/07/2025,491
5981,,,2,26/07/2025,,22/07/2025,386
5981,,,2,26/07/2025,,23/07/2025,332
5981,,,2,26/07/2025,,24/07/2025,255
5981,,,2,26/07/2025,,25/07/2025,307
5981,,,2,26/07/2025,,26/07/2025,237
5981,,,2,26/07/2025,1,27/07/2025,458
5981,,,2,26/07/2025,2,28/07/2025,254
5981,,,2,26/07/2025,3,29/07/2025,252
5981,,,2,26/07/2025,4,30/07/2025,219
5981,,,2,26/07/2025,5,31/07/2025,162
5981,,,2,26/07/2025,6,01/08/2025,239
5981,,,2,26/07/2025,7,02/08/2025,351
5981,,,2,26/07/2025,8,03/08/2025,382
5981,,,2,26/07/2025,9,04/08/2025,485
5981,,,2,26/07/2025,10,05/08/2025,450
5981,,,2,26/07/2025,11,06/08/2025,519
5981,,,2,26/07/2025,12,07/08/2025,414
5981,,,2,26/07/2025,13,08/08/2025,255
5981,,,2,26/07/2025,14,09/08/2025,606
5981,,,2,26/07/2025,15,10/08/2025,551
5981,,,2,26/07/2025,16,11/08/2025,528
5981,,,2,26/07/2025,17,12/08/2025,492
5981,,,2,26/07/2025,18,13/08/2025,486
5981,,,2,26/07/2025,19,14/08/2025,445
5981,,,2,26/07/2025,20,15/08/2025,538
5981,,,2,26/07/2025,21,16/08/2025,505
5981,,,2,26/07/2025,22,17/08/2025,474
5981,,,2,26/07/2025,23,18/08/2025,555
5981,,,2,26/07/2025,24,19/08/2025,468
5981,,,2,26/07/2025,25,20/08/2025,563
5981,,,2,26/07/2025,26,21/08/2025,493
5981,,,2,26/07/2025,27,22/08/2025,603
5981,,,2,26/07/2025,28,23/08/2025,561
5981,,,2,26/07/2025,29,24/08/2025,492
5981,,,2,26/07/2025,30,25/08/2025,542
5981,,,2,26/07/2025,31,26/08/2025,569
5981,,,2,26/07/2025,32,27/08/2025,384
5981,,,2,26/07/2025,33,28/08/2025,585
5981,,,2,26/07/2025,34,29/08/2025,522
5981,,,2,26/07/2025,35,30/08/2025,437
5981,,,2,26/07/2025,36,31/08/2025,647
5981,,,2,26/07/2025,37,01/09/2025,569
5981,,,2,26/07/2025,38,02/09/2025,561
5981,,,2,26/07/2025,39,03/09/2025,548
5981,,,2,26/07/2025,40,04/09/2025,572
5981,,,2,26/07/2025,41,05/09/2025,559
5981,,,2,26/07/2025,42,06/09/2025,515
5981,,,2,26/07/2025,43,07/09/2025,551
5981,,,2,26/07/2025,44,08/09/2025,466
5981,,,2,26/07/2025,45,09/09/2025,581
5981,,,2,26/07/2025,46,10/09/2025,563
5981,,,2,26/07/2025,47,11/09/2025,644
5981,,,2,26/07/2025,48,12/09/2025,476
5981,,,2,26/07/2025,49,13/09/2025,517
5981,,,2,26/07/2025,50,14/09/2025,574
5981,,,2,26/07/2025,51,15/09/2025,604
5981,,,2,26/07/2025,52,16/09/2025,526
5981,,,2,26/07/2025,53,17/09/2025,493
5981,,,2,26/07/2025,54,18/09/2025,487
5981,,,2,26/07/2025,55,19/09/2025,501
5981,,,2,26/07/2025,56,20/09/2025,507
5981,,,2,26/07/2025,57,21/09/2025,464
5981,,,2,26/07/2025,58,22/09/2025,195
5981,,,2,26/07/2025,59,23/09/2025,0
5981,,,2,26/07/2025,60,24/09/2025,0
5981,,,2,26/07/2025,61,25/09/2025,
2124,,,,30/07/2025,,27/06/2025,
2124,,,,30/07/2025,,28/06/2025,
2124,,,,30/07/2025,,29/06/2025,
2124,,,,30/07/2025,,30/06/2025,
2124,,,,30/07/2025,,01/07/2025,
2124,,,,30/07/2025,,02/07/2025,
2124,,,,30/07/2025,,03/07/2025,
2124,,,,30/07/2025,,04/07/2025,
2124,,,,30/07/2025,,05/07/2025,
2124,,,,30/07/2025,,06/07/2025,
2124,,,,30/07/2025,,07/07/2025,124
2124,,,,30/07/2025,,08/07/2025,396
2124,,,,30/07/2025,,09/07/2025,469
2124,,,,30/07/2025,,10/07/2025,462
2124,,,,30/07/2025,,11/07/2025,503
2124,,,,30/07/2025,,12/07/2025,387
2124,,,,30/07/2025,,13/07/2025,549
2124,,,,30/07/2025,,14/07/2025,433
2124,,,,30/07/2025,,15/07/2025,411
2124,,,,30/07/2025,,16/07/2025,471
2124,,,,30/07/2025,,17/07/2025,512
2124,,,,30/07/2025,,18/07/2025,347
2124,,,,30/07/2025,,19/07/2025,470
2124,,,,30/07/2025,,20/07/2025,419
2124,,,,30/07/2025,,21/07/2025,422
2124,,,,30/07/2025,,22/07/2025,407
2124,,,,30/07/2025,,23/07/2025,403
2124,,,,30/07/2025,,24/07/2025,338
2124,,,,30/07/2025,,25/07/2025,449
2124,,,,30/07/2025,,26/07/2025,413
2124,,,,30/07/2025,,27/07/2025,386
2124,,,,30/07/2025,,28/07/2025,342
2124,,,,30/07/2025,,29/07/2025,401
2124,,,,30/07/2025,,30/07/2025,407
2124,,,,30/07/2025,1,31/07/2025,374
2124,,,,30/07/2025,2,01/08/2025,375
2124,,,,30/07/2025,3,02/08/2025,144
2124,,,,30/07/2025,4,03/08/2025,158
2124,,,,30/07/2025,5,04/08/2025,192
2124,,,,30/07/2025,6,05/08/2025,211
2124,,,,30/07/2025,7,06/08/2025,267
2124,,,,30/07/2025,8,07/08/2025,283
2124,,,,30/07/2025,9,08/08/2025,316
2124,,,,30/07/2025,10,09/08/2025,348
2124,,,,30/07/2025,11,10/08/2025,348
2124,,,,30/07/2025,12,11/08/2025,359
2124,,,,30/07/2025,13,12/08/2025,338
2124,,,,30/07/2025,14,13/08/2025,362
2124,,,,30/07/2025,15,14/08/2025,226
2124,,,,30/07/2025,16,15/08/2025,220
2124,,,,30/07/2025,17,16/08/2025,222
2124,,,,30/07/2025,18,17/08/2025,350
2124,,,,30/07/2025,19,18/08/2025,470
2124,,,,30/07/2025,20,19/08/2025,279
2124,,,,30/07/2025,21,20/08/2025,150
2124,,,,30/07/2025,22,21/08/2025,290
2124,,,,30/07/2025,23,22/08/2025,276
2124,,,,30/07/2025,24,23/08/2025,219
2124,,,,30/07/2025,25,24/08/2025,215
2124,,,,30/07/2025,26,25/08/2025,259
2124,,,,30/07/2025,27,26/08/2025,167
2124,,,,30/07/2025,28,27/08/2025,162
2124,,,,30/07/2025,29,28/08/2025,256
2124,,,,30/07/2025,30,29/08/2025,159
2124,,,,30/07/2025,31,30/08/2025,217
2124,,,,30/07/2025,32,31/08/2025,183
2124,,,,30/07/2025,33,01/09/2025,128
2124,,,,30/07/2025,34,02/09/2025,143
2124,,,,30/07/2025,35,03/09/2025,53
2124,,,,30/07/2025,36,04/09/2025,561
2124,,,,30/07/2025,37,05/09/2025,250
2124,,,,30/07/2025,38,06/09/2025,0
2124,,,,30/07/2025,39,07/09/2025,0
2124,,,,30/07/2025,40,08/09/2025,
2124,,,,30/07/2025,41,09/09/2025,
2124,,,,30/07/2025,42,10/09/2025,
2124,,,,30/07/2025,43,11/09/2025,
2124,,,,30/07/2025,44,12/09/2025,
2124,,,,30/07/2025,45,13/09/2025,
2124,,,,30/07/2025,46,14/09/2025,
2124,,,,30/07/2025,47,15/09/2025,
2124,,,,30/07/2025,48,16/09/2025,
2124,,,,30/07/2025,49,17/09/2025,
2124,,,,30/07/2025,50,18/09/2025,
2124,,,,30/07/2025,51,19/09/2025,
2124,,,,30/07/2025,52,20/09/2025,
2124,,,,30/07/2025,53,21/09/2025,
2124,,,,30/07/2025,54,22/09/2025,
2124,,,,30/07/2025,55,23/09/2025,
2124,,,,30/07/2025,56,24/09/2025,
2124,,,,30/07/2025,57,25/09/2025,
2082,,,100,29/09/2024,271,27/06/2025,
2082,,,100,29/09/2024,272,28/06/2025,523
2082,,,100,29/09/2024,273,29/06/2025,445
2082,,,100,29/09/2024,274,30/06/2025,658
2082,,,100,29/09/2024,275,01/07/2025,547
2082,,,100,29/09/2024,276,02/07/2025,588
2082,,,100,29/09/2024,277,03/07/2025,405
2082,,,100,29/09/2024,278,04/07/2025,455
2082,,,100,29/09/2024,279,05/07/2025,629
2082,,,100,29/09/2024,280,06/07/2025,605
2082,,,100,29/09/2024,281,07/07/2025,635
2082,,,100,29/09/2024,282,08/07/2025,563
2082,,,100,29/09/2024,283,09/07/2025,525
2082,,,100,29/09/2024,284,10/07/2025,488
2082,,,100,29/09/2024,285,11/07/2025,451
2082,,,100,29/09/2024,286,12/07/2025,655
2082,,,100,29/09/2024,287,13/07/2025,525
2082,,,100,29/09/2024,288,14/07/2025,534
2082,,,100,29/09/2024,289,15/07/2025,525
2082,,,100,29/09/2024,290,16/07/2025,380
2082,,,100,29/09/2024,291,17/07/2025,727
2082,,,100,29/09/2024,292,18/07/2025,472
2082,,,100,29/09/2024,293,19/07/2025,470
2082,,,100,29/09/2024,294,20/07/2025,587
2082,,,100,29/09/2024,295,21/07/2025,613
2082,,,100,29/09/2024,296,22/07/2025,460
2082,,,100,29/09/2024,297,23/07/2025,443
2082,,,100,29/09/2024,298,24/07/2025,566
2082,,,100,29/09/2024,299,25/07/2025,521
2082,,,100,29/09/2024,300,26/07/2025,522
2082,,,100,29/09/2024,301,27/07/2025,529
2082,,,100,29/09/2024,302,28/07/2025,458
2082,,,100,29/09/2024,303,29/07/2025,472
2082,,,100,29/09/2024,304,30/07/2025,525
2082,,,100,29/09/2024,305,31/07/2025,465
2082,,,100,29/09/2024,306,01/08/2025,558
2082,,,100,29/09/2024,307,02/08/2025,537
2082,,,100,29/09/2024,308,03/08/2025,481
2082,,,100,29/09/2024,309,04/08/2025,510
2082,,,100,29/09/2024,310,05/08/2025,525
2082,,,100,29/09/2024,311,06/08/2025,463
2082,,,100,29/09/2024,312,07/08/2025,546
2082,,,100,29/09/2024,313,08/08/2025,467
2082,,,100,29/09/2024,314,09/08/2025,425
2082,,,100,29/09/2024,315,10/08/2025,442
2082,,,100,29/09/2024,316,11/08/2025,449
2082,,,100,29/09/2024,317,12/08/2025,287
2082,,,100,29/09/2024,318,13/08/2025,222
2082,,,100,29/09/2024,319,14/08/2025,381
2082,,,100,29/09/2024,320,15/08/2025,226
2082,,,100,29/09/2024,321,16/08/2025,333
2082,,,100,29/09/2024,322,17/08/2025,240
2082,,,100,29/09/2024,323,18/08/2025,410
2082,,,100,29/09/2024,324,19/08/2025,384
2082,,,100,29/09/2024,325,20/08/2025,486
2082,,,100,29/09/2024,326,21/08/2025,561
2082,,,100,29/09/2024,327,22/08/2025,538
2082,,,100,29/09/2024,328,23/08/2025,530
2082,,,100,29/09/2024,329,24/08/2025,503
2082,,,100,29/09/2024,330,25/08/2025,409
2082,,,100,29/09/2024,331,26/08/2025,569
2082,,,100,29/09/2024,332,27/08/2025,454
2082,,,100,29/09/2024,333,28/08/2025,565
2082,,,100,29/09/2024,334,29/08/2025,468
2082,,,100,29/09/2024,335,30/08/2025,474
2082,,,100,29/09/2024,336,31/08/2025,444
2082,,,100,29/09/2024,337,01/09/2025,479
2082,,,100,29/09/2024,338,02/09/2025,507
2082,,,100,29/09/2024,339,03/09/2025,427
2082,,,100,29/09/2024,340,04/09/2025,464
2082,,,100,29/09/2024,341,05/09/2025,567
2082,,,100,29/09/2024,342,06/09/2025,494
2082,,,100,29/09/2024,343,07/09/2025,483
2082,,,100,29/09/2024,344,08/09/2025,468
2082,,,100,29/09/2024,345,09/09/2025,583
2082,,,100,29/09/2024,346,10/09/2025,477
2082,,,100,29/09/2024,347,11/09/2025,555
2082,,,100,29/09/2024,348,12/09/2025,469
2082,,,100,29/09/2024,349,13/09/2025,526
2082,,,100,29/09/2024,350,14/09/2025,473
2082,,,100,29/09/2024,351,15/09/2025,412
2082,,,100,29/09/2024,352,16/09/2025,331
2082,,,100,29/09/2024,353,17/09/2025,349
2082,,,100,29/09/2024,354,18/09/2025,541
2082,,,100,29/09/2024,355,19/09/2025,427
2082,,,100,29/09/2024,356,20/09/2025,635
2082,,,100,29/09/2024,357,21/09/2025,590
2082,,,100,29/09/2024,358,22/09/2025,262
2082,,,100,29/09/2024,359,23/09/2025,19
2082,,,100,29/09/2024,360,24/09/2025,0
2082,,,100,29/09/2024,361,25/09/2025,
6262,,,20,13/09/2024,287,27/06/2025,
6262,,,20,13/09/2024,288,28/06/2025,530
6262,,,20,13/09/2024,289,29/06/2025,463
6262,,,20,13/09/2024,290,30/06/2025,546
6262,,,20,13/09/2024,291,01/07/2025,496
6262,,,20,13/09/2024,292,02/07/2025,550
6262,,,20,13/09/2024,293,03/07/2025,569
6262,,,20,13/09/2024,294,04/07/2025,292
6262,,,20,13/09/2024,295,05/07/2025,107
6262,,,20,13/09/2024,296,06/07/2025,17
6262,,,20,13/09/2024,297,07/07/2025,146
6262,,,20,13/09/2024,298,08/07/2025,
6262,,,20,13/09/2024,299,09/07/2025,
6262,,,20,13/09/2024,300,10/07/2025,
6262,,,20,13/09/2024,301,11/07/2025,
6262,,,20,13/09/2024,302,12/07/2025,
6262,,,20,13/09/2024,303,13/07/2025,
6262,,,20,13/09/2024,304,14/07/2025,
6262,,,20,13/09/2024,305,15/07/2025,
6262,,,20,13/09/2024,306,16/07/2025,
6262,,,20,13/09/2024,307,17/07/2025,
6262,,,20,13/09/2024,308,18/07/2025,
6262,,,20,13/09/2024,309,19/07/2025,
6262,,,20,13/09/2024,310,20/07/2025,
6262,,,20,13/09/2024,311,21/07/2025,
6262,,,20,13/09/2024,312,22/07/2025,
6262,,,20,13/09/2024,313,23/07/2025,
6262,,,20,13/09/2024,314,24/07/2025,
6262,,,20,13/09/2024,315,25/07/2025,
6262,,,20,13/09/2024,316,26/07/2025,
6262,,,20,13/09/2024,317,27/07/2025,
6262,,,20,13/09/2024,318,28/07/2025,
6262,,,20,13/09/2024,319,29/07/2025,
6262,,,20,13/09/2024,320,30/07/2025,
6262,,,20,13/09/2024,321,31/07/2025,
6262,,,20,13/09/2024,322,01/08/2025,
6262,,,20,13/09/2024,323,02/08/2025,
6262,,,20,13/09/2024,324,03/08/2025,
6262,,,20,13/09/2024,325,04/08/2025,
6262,,,20,13/09/2024,326,05/08/2025,
6262,,,20,13/09/2024,327,06/08/2025,
6262,,,20,13/09/2024,328,07/08/2025,
6262,,,20,13/09/2024,329,08/08/2025,
6262,,,20,13/09/2024,330,09/08/2025,
6262,,,20,13/09/2024,331,10/08/2025,
6262,,,20,13/09/2024,332,11/08/2025,
6262,,,20,13/09/2024,333,12/08/2025,
6262,,,20,13/09/2024,334,13/08/2025,
6262,,,20,13/09/2024,335,14/08/2025,
6262,,,20,13/09/2024,336,15/08/2025,
6262,,,20,13/09/2024,337,16/08/2025,
6262,,,20,13/09/2024,338,17/08/2025,
6262,,,20,13/09/2024,339,18/08/2025,
6262,,,20,13/09/2024,340,19/08/2025,
6262,,,20,13/09/2024,341,20/08/2025,
6262,,,20,13/09/2024,342,21/08/2025,
6262,,,20,13/09/2024,343,22/08/2025,
6262,,,20,13/09/2024,344,23/08/2025,
6262,,,20,13/09/2024,345,24/08/2025,
6262,,,20,13/09/2024,346,25/08/2025,
6262,,,20,13/09/2024,347,26/08/2025,
6262,,,20,13/09/2024,348,27/08/2025,
6262,,,20,13/09/2024,349,28/08/2025,
6262,,,20,13/09/2024,350,29/08/2025,
6262,,,20,13/09/2024,351,30/08/2025,
6262,,,20,13/09/2024,352,31/08/2025,
6262,,,20,13/09/2024,353,01/09/2025,
6262,,,20,13/09/2024,354,02/09/2025,
6262,,,20,13/09/2024,355,03/09/2025,
6262,,,20,13/09/2024,356,04/09/2025,
6262,,,20,13/09/2024,357,05/09/2025,
6262,,,20,13/09/2024,358,06/09/2025,
6262,,,20,13/09/2024,359,07/09/2025,
6262,,,20,13/09/2024,360,08/09/2025,
6262,,,20,13/09/2024,361,09/09/2025,
6262,,,20,13/09/2024,362,10/09/2025,
6262,,,20,13/09/2024,363,11/09/2025,
6262,,,20,13/09/2024,364,12/09/2025,
6262,,,20,13/09/2024,365,13/09/2025,
6262,,,20,13/09/2024,366,14/09/2025,
6262,,,20,13/09/2024,367,15/09/2025,
6262,,,20,13/09/2024,368,16/09/2025,
6262,,,20,13/09/2024,369,17/09/2025,
6262,,,20,13/09/2024,370,18/09/2025,
6262,,,20,13/09/2024,371,19/09/2025,
6262,,,20,13/09/2024,372,20/09/2025,
6262,,,20,13/09/2024,373,21/09/2025,
6262,,,20,13/09/2024,374,22/09/2025,
6262,,,20,13/09/2024,375,23/09/2025,
6262,,,20,13/09/2024,376,24/09/2025,
6262,,,20,13/09/2024,377,25/09/2025,
6124,,,2,29/07/2025,,27/06/2025,
6124,,,2,29/07/2025,,28/06/2025,
6124,,,2,29/07/2025,,29/06/2025,
6124,,,2,29/07/2025,,30/06/2025,
6124,,,2,29/07/2025,,01/07/2025,
6124,,,2,29/07/2025,,02/07/2025,
6124,,,2,29/07/2025,,03/07/2025,
6124,,,2,29/07/2025,,04/07/2025,
6124,,,2,29/07/2025,,05/07/2025,
6124,,,2,29/07/2025,,06/07/2025,
6124,,,2,29/07/2025,,07/07/2025,150
6124,,,2,29/07/2025,,08/07/2025,482
6124,,,2,29/07/2025,,09/07/2025,510
6124,,,2,29/07/2025,,10/07/2025,430
6124,,,2,29/07/2025,,11/07/2025,522
6124,,,2,29/07/2025,,12/07/2025,462
6124,,,2,29/07/2025,,13/07/2025,508
6124,,,2,29/07/2025,,14/07/2025,346
6124,,,2,29/07/2025,,15/07/2025,414
6124,,,2,29/07/2025,,16/07/2025,488
6124,,,2,29/07/2025,,17/07/2025,505
6124,,,2,29/07/2025,,18/07/2025,422
6124,,,2,29/07/2025,,19/07/2025,497
6124,,,2,29/07/2025,,20/07/2025,462
6124,,,2,29/07/2025,,21/07/2025,462
6124,,,2,29/07/2025,,22/07/2025,449
6124,,,2,29/07/2025,,23/07/2025,392
6124,,,2,29/07/2025,,24/07/2025,289
6124,,,2,29/07/2025,,25/07/2025,478
6124,,,2,29/07/2025,,26/07/2025,444
6124,,,2,29/07/2025,,27/07/2025,428
6124,,,2,29/07/2025,,28/07/2025,359
6124,,,2,29/07/2025,,29/07/2025,269
6124,,,2,29/07/2025,1,30/07/2025,293
6124,,,2,29/07/2025,2,31/07/2025,469
6124,,,2,29/07/2025,3,01/08/2025,159
6124,,,2,29/07/2025,4,02/08/2025,377
6124,,,2,29/07/2025,5,03/08/2025,319
6124,,,2,29/07/2025,6,04/08/2025,309
6124,,,2,29/07/2025,7,05/08/2025,428
6124,,,2,29/07/2025,8,06/08/2025,378
6124,,,2,29/07/2025,9,07/08/2025,242
6124,,,2,29/07/2025,10,08/08/2025,377
6124,,,2,29/07/2025,11,09/08/2025,412
6124,,,2,29/07/2025,12,10/08/2025,465
6124,,,2,29/07/2025,13,11/08/2025,356
6124,,,2,29/07/2025,14,12/08/2025,515
6124,,,2,29/07/2025,15,13/08/2025,459
6124,,,2,29/07/2025,16,14/08/2025,537
6124,,,2,29/07/2025,17,15/08/2025,439
6124,,,2,29/07/2025,18,16/08/2025,415
6124,,,2,29/07/2025,19,17/08/2025,494
6124,,,2,29/07/2025,20,18/08/2025,518
6124,,,2,29/07/2025,21,19/08/2025,519
6124,,,2,29/07/2025,22,20/08/2025,283
6124,,,2,29/07/2025,23,21/08/2025,491
6124,,,2,29/07/2025,24,22/08/2025,496
6124,,,2,29/07/2025,25,23/08/2025,543
6124,,,2,29/07/2025,26,24/08/2025,592
6124,,,2,29/07/2025,27,25/08/2025,220
6124,,,2,29/07/2025,28,26/08/2025,411
6124,,,2,29/07/2025,29,27/08/2025,514
6124,,,2,29/07/2025,30,28/08/2025,362
6124,,,2,29/07/2025,31,29/08/2025,483
6124,,,2,29/07/2025,32,30/08/2025,506
6124,,,2,29/07/2025,33,31/08/2025,501
6124,,,2,29/07/2025,34,01/09/2025,636
6124,,,2,29/07/2025,35,02/09/2025,543
6124,,,2,29/07/2025,36,03/09/2025,666
6124,,,2,29/07/2025,37,04/09/2025,485
6124,,,2,29/07/2025,38,05/09/2025,508
6124,,,2,29/07/2025,39,06/09/2025,495
6124,,,2,29/07/2025,40,07/09/2025,487
6124,,,2,29/07/2025,41,08/09/2025,579
6124,,,2,29/07/2025,42,09/09/2025,440
6124,,,2,29/07/2025,43,10/09/2025,429
6124,,,2,29/07/2025,44,11/09/2025,537
6124,,,2,29/07/2025,45,12/09/2025,600
6124,,,2,29/07/2025,46,13/09/2025,560
6124,,,2,29/07/2025,47,14/09/2025,603
6124,,,2,29/07/2025,48,15/09/2025,559
6124,,,2,29/07/2025,49,16/09/2025,644
6124,,,2,29/07/2025,50,17/09/2025,563
6124,,,2,29/07/2025,51,18/09/2025,501
6124,,,2,29/07/2025,52,19/09/2025,560
6124,,,2,29/07/2025,53,20/09/2025,494
6124,,,2,29/07/2025,54,21/09/2025,611
6124,,,2,29/07/2025,55,22/09/2025,209
6124,,,2,29/07/2025,56,23/09/2025,0
6124,,,2,29/07/2025,57,24/09/2025,0
6124,,,2,29/07/2025,58,25/09/2025,
8707,,,2,27/08/2025,,27/06/2025,
8707,,,2,27/08/2025,,28/06/2025,
8707,,,2,27/08/2025,,29/06/2025,
8707,,,2,27/08/2025,,30/06/2025,
8707,,,2,27/08/2025,,01/07/2025,
8707,,,2,27/08/2025,,02/07/2025,
8707,,,2,27/08/2025,,03/07/2025,
8707,,,2,27/08/2025,,04/07/2025,
8707,,,2,27/08/2025,,05/07/2025,
8707,,,2,27/08/2025,,06/07/2025,
8707,,,2,27/08/2025,,07/07/2025,
8707,,,2,27/08/2025,,08/07/2025,
8707,,,2,27/08/2025,,09/07/2025,
8707,,,2,27/08/2025,,10/07/2025,
8707,,,2,27/08/2025,,11/07/2025,
8707,,,2,27/08/2025,,12/07/2025,
8707,,,2,27/08/2025,,13/07/2025,
8707,,,2,27/08/2025,,14/07/2025,
8707,,,2,27/08/2025,,15/07/2025,
8707,,,2,27/08/2025,,16/07/2025,
8707,,,2,27/08/2025,,17/07/2025,
8707,,,2,27/08/2025,,18/07/2025,
8707,,,2,27/08/2025,,19/07/2025,
8707,,,2,27/08/2025,,20/07/2025,
8707,,,2,27/08/2025,,21/07/2025,
8707,,,2,27/08/2025,,22/07/2025,
8707,,,2,27/08/2025,,23/07/2025,
8707,,,2,27/08/2025,,24/07/2025,
8707,,,2,27/08/2025,,25/07/2025,
8707,,,2,27/08/2025,,26/07/2025,
8707,,,2,27/08/2025,,27/07/2025,
8707,,,2,27/08/2025,,28/07/2025,
8707,,,2,27/08/2025,,29/07/2025,
8707,,,2,27/08/2025,,30/07/2025,
8707,,,2,27/08/2025,,31/07/2025,
8707,,,2,27/08/2025,,01/08/2025,362
8707,,,2,27/08/2025,,02/08/2025,441
8707,,,2,27/08/2025,,03/08/2025,361
8707,,,2,27/08/2025,,04/08/2025,483
8707,,,2,27/08/2025,,05/08/2025,513
8707,,,2,27/08/2025,,06/08/2025,578
8707,,,2,27/08/2025,,07/08/2025,471
8707,,,2,27/08/2025,,08/08/2025,424
8707,,,2,27/08/2025,,09/08/2025,475
8707,,,2,27/08/2025,,10/08/2025,414
8707,,,2,27/08/2025,,11/08/2025,470
8707,,,2,27/08/2025,,12/08/2025,456
8707,,,2,27/08/2025,,13/08/2025,497
8707,,,2,27/08/2025,,14/08/2025,509
8707,,,2,27/08/2025,,15/08/2025,432
8707,,,2,27/08/2025,,16/08/2025,454
8707,,,2,27/08/2025,,17/08/2025,344
8707,,,2,27/08/2025,,18/08/2025,460
8707,,,2,27/08/2025,,19/08/2025,495
8707,,,2,27/08/2025,,20/08/2025,485
8707,,,2,27/08/2025,,21/08/2025,353
8707,,,2,27/08/2025,,22/08/2025,339
8707,,,2,27/08/2025,,23/08/2025,467
8707,,,2,27/08/2025,,24/08/2025,338
8707,,,2,27/08/2025,,25/08/2025,457
8707,,,2,27/08/2025,,26/08/2025,395
8707,,,2,27/08/2025,,27/08/2025,276
8707,,,2,27/08/2025,1,28/08/2025,400
8707,,,2,27/08/2025,2,29/08/2025,167
8707,,,2,27/08/2025,3,30/08/2025,543
8707,,,2,27/08/2025,4,31/08/2025,693
8707,,,2,27/08/2025,5,01/09/2025,648
8707,,,2,27/08/2025,6,02/09/2025,622
8707,,,2,27/08/2025,7,03/09/2025,502
8707,,,2,27/08/2025,8,04/09/2025,584
8707,,,2,27/08/2025,9,05/09/2025,563
8707,,,2,27/08/2025,10,06/09/2025,546
8707,,,2,27/08/2025,11,07/09/2025,597
8707,,,2,27/08/2025,12,08/09/2025,505
8707,,,2,27/08/2025,13,09/09/2025,557
8707,,,2,27/08/2025,14,10/09/2025,516
8707,,,2,27/08/2025,15,11/09/2025,601
8707,,,2,27/08/2025,16,12/09/2025,520
8707,,,2,27/08/2025,17,13/09/2025,626
8707,,,2,27/08/2025,18,14/09/2025,560
8707,,,2,27/08/2025,19,15/09/2025,512
8707,,,2,27/08/2025,20,16/09/2025,589
8707,,,2,27/08/2025,21,17/09/2025,572
8707,,,2,27/08/2025,22,18/09/2025,526
8707,,,2,27/08/2025,23,19/09/2025,583
8707,,,2,27/08/2025,24,20/09/2025,571
8707,,,2,27/08/2025,25,21/09/2025,588
8707,,,2,27/08/2025,26,22/09/2025,353
8707,,,2,27/08/2025,27,23/09/2025,0
8707,,,2,27/08/2025,28,24/09/2025,0
8707,,,2,27/08/2025,29,25/09/2025,
2122,,,100,15/10/2024,255,27/06/2025,
2122,,,100,15/10/2024,256,28/06/2025,497
2122,,,100,15/10/2024,257,29/06/2025,324
2122,,,100,15/10/2024,258,30/06/2025,549
2122,,,100,15/10/2024,259,01/07/2025,608
2122,,,100,15/10/2024,260,02/07/2025,543
2122,,,100,15/10/2024,261,03/07/2025,517
2122,,,100,15/10/2024,262,04/07/2025,408
2122,,,100,15/10/2024,263,05/07/2025,580
2122,,,100,15/10/2024,264,06/07/2025,584
2122,,,100,15/10/2024,265,07/07/2025,582
2122,,,100,15/10/2024,266,08/07/2025,615
2122,,,100,15/10/2024,267,09/07/2025,615
2122,,,100,15/10/2024,268,10/07/2025,612
2122,,,100,15/10/2024,269,11/07/2025,524
2122,,,100,15/10/2024,270,12/07/2025,524
2122,,,100,15/10/2024,271,13/07/2025,707
2122,,,100,15/10/2024,272,14/07/2025,434
2122,,,100,15/10/2024,273,15/07/2025,520
2122,,,100,15/10/2024,274,16/07/2025,502
2122,,,100,15/10/2024,275,17/07/2025,590
2122,,,100,15/10/2024,276,18/07/2025,573
2122,,,100,15/10/2024,277,19/07/2025,650
2122,,,100,15/10/2024,278,20/07/2025,601
2122,,,100,15/10/2024,279,21/07/2025,599
2122,,,100,15/10/2024,280,22/07/2025,573
2122,,,100,15/10/2024,281,23/07/2025,580
2122,,,100,15/10/2024,282,24/07/2025,557
2122,,,100,15/10/2024,283,25/07/2025,622
2122,,,100,15/10/2024,284,26/07/2025,563
2122,,,100,15/10/2024,285,27/07/2025,640
2122,,,100,15/10/2024,286,28/07/2025,580
2122,,,100,15/10/2024,287,29/07/2025,634
2122,,,100,15/10/2024,288,30/07/2025,527
2122,,,100,15/10/2024,289,31/07/2025,545
2122,,,100,15/10/2024,290,01/08/2025,603
2122,,,100,15/10/2024,291,02/08/2025,643
2122,,,100,15/10/2024,292,03/08/2025,551
2122,,,100,15/10/2024,293,04/08/2025,491
2122,,,100,15/10/2024,294,05/08/2025,647
2122,,,100,15/10/2024,295,06/08/2025,490
2122,,,100,15/10/2024,296,07/08/2025,571
2122,,,100,15/10/2024,297,08/08/2025,635
2122,,,100,15/10/2024,298,09/08/2025,570
2122,,,100,15/10/2024,299,10/08/2025,470
2122,,,100,15/10/2024,300,11/08/2025,591
2122,,,100,15/10/2024,301,12/08/2025,643
2122,,,100,15/10/2024,302,13/08/2025,555
2122,,,100,15/10/2024,303,14/08/2025,600
2122,,,100,15/10/2024,304,15/08/2025,647
2122,,,100,15/10/2024,305,16/08/2025,428
2122,,,100,15/10/2024,306,17/08/2025,474
2122,,,100,15/10/2024,307,18/08/2025,522
2122,,,100,15/10/2024,308,19/08/2025,594
2122,,,100,15/10/2024,309,20/08/2025,626
2122,,,100,15/10/2024,310,21/08/2025,609
2122,,,100,15/10/2024,311,22/08/2025,567
2122,,,100,15/10/2024,312,23/08/2025,596
2122,,,100,15/10/2024,313,24/08/2025,645
2122,,,100,15/10/2024,314,25/08/2025,441
2122,,,100,15/10/2024,315,26/08/2025,609
2122,,,100,15/10/2024,316,27/08/2025,466
2122,,,100,15/10/2024,317,28/08/2025,560
2122,,,100,15/10/2024,318,29/08/2025,471
2122,,,100,15/10/2024,319,30/08/2025,532
2122,,,100,15/10/2024,320,31/08/2025,537
2122,,,100,15/10/2024,321,01/09/2025,481
2122,,,100,15/10/2024,322,02/09/2025,527
2122,,,100,15/10/2024,323,03/09/2025,448
2122,,,100,15/10/2024,324,04/09/2025,530
2122,,,100,15/10/2024,325,05/09/2025,603
2122,,,100,15/10/2024,326,06/09/2025,558
2122,,,100,15/10/2024,327,07/09/2025,544
2122,,,100,15/10/2024,328,08/09/2025,581
2122,,,100,15/10/2024,329,09/09/2025,552
2122,,,100,15/10/2024,330,10/09/2025,601
2122,,,100,15/10/2024,331,11/09/2025,539
2122,,,100,15/10/2024,332,12/09/2025,497
2122,,,100,15/10/2024,333,13/09/2025,601
2122,,,100,15/10/2024,334,14/09/2025,567
2122,,,100,15/10/2024,335,15/09/2025,390
2122,,,100,15/10/2024,336,16/09/2025,427
2122,,,100,15/10/2024,337,17/09/2025,401
2122,,,100,15/10/2024,338,18/09/2025,584
2122,,,100,15/10/2024,339,19/09/2025,564
2122,,,100,15/10/2024,340,20/09/2025,619
2122,,,100,15/10/2024,341,21/09/2025,639
2122,,,100,15/10/2024,342,22/09/2025,333
2122,,,100,15/10/2024,343,23/09/2025,0
2122,,,100,15/10/2024,344,24/09/2025,0
2122,,,100,15/10/2024,345,25/09/2025,
2165,,,2,26/07/2025,,27/06/2025,
2165,,,2,26/07/2025,,28/06/2025,
2165,,,2,26/07/2025,,29/06/2025,
2165,,,2,26/07/2025,,30/06/2025,
2165,,,2,26/07/2025,,01/07/2025,
2165,,,2,26/07/2025,,02/07/2025,
2165,,,2,26/07/2025,,03/07/2025,
2165,,,2,26/07/2025,,04/07/2025,
2165,,,2,26/07/2025,,05/07/2025,
2165,,,2,26/07/2025,,06/07/2025,
2165,,,2,26/07/2025,,07/07/2025,516
2165,,,2,26/07/2025,,08/07/2025,454
2165,,,2,26/07/2025,,09/07/2025,534
2165,,,2,26/07/2025,,10/07/2025,562
2165,,,2,26/07/2025,,11/07/2025,626
2165,,,2,26/07/2025,,12/07/2025,533
2165,,,2,26/07/2025,,13/07/2025,552
2165,,,2,26/07/2025,,14/07/2025,430
2165,,,2,26/07/2025,,15/07/2025,615
2165,,,2,26/07/2025,,16/07/2025,516
2165,,,2,26/07/2025,,17/07/2025,533
2165,,,2,26/07/2025,,18/07/2025,489
2165,,,2,26/07/2025,,19/07/2025,508
2165,,,2,26/07/2025,,20/07/2025,457
2165,,,2,26/07/2025,,21/07/2025,536
2165,,,2,26/07/2025,,22/07/2025,458
2165,,,2,26/07/2025,,23/07/2025,416
2165,,,2,26/07/2025,,24/07/2025,432
2165,,,2,26/07/2025,,25/07/2025,435
2165,,,2,26/07/2025,,26/07/2025,351
2165,,,2,26/07/2025,1,27/07/2025,348
2165,,,2,26/07/2025,2,28/07/2025,366
2165,,,2,26/07/2025,3,29/07/2025,387
2165,,,2,26/07/2025,4,30/07/2025,475
2165,,,2,26/07/2025,5,31/07/2025,506
2165,,,2,26/07/2025,6,01/08/2025,512
2165,,,2,26/07/2025,7,02/08/2025,496
2165,,,2,26/07/2025,8,03/08/2025,512
2165,,,2,26/07/2025,9,04/08/2025,377
2165,,,2,26/07/2025,10,05/08/2025,498
2165,,,2,26/07/2025,11,06/08/2025,478
2165,,,2,26/07/2025,12,07/08/2025,498
2165,,,2,26/07/2025,13,08/08/2025,481
2165,,,2,26/07/2025,14,09/08/2025,641
2165,,,2,26/07/2025,15,10/08/2025,577
2165,,,2,26/07/2025,16,11/08/2025,499
2165,,,2,26/07/2025,17,12/08/2025,620
2165,,,2,26/07/2025,18,13/08/2025,525
2165,,,2,26/07/2025,19,14/08/2025,594
2165,,,2,26/07/2025,20,15/08/2025,568
2165,,,2,26/07/2025,21,16/08/2025,642
2165,,,2,26/07/2025,22,17/08/2025,594
2165,,,2,26/07/2025,23,18/08/2025,594
2165,,,2,26/07/2025,24,19/08/2025,654
2165,,,2,26/07/2025,25,20/08/2025,420
2165,,,2,26/07/2025,26,21/08/2025,589
2165,,,2,26/07/2025,27,22/08/2025,589
2165,,,2,26/07/2025,28,23/08/2025,693
2165,,,2,26/07/2025,29,24/08/2025,518
2165,,,2,26/07/2025,30,25/08/2025,575
2165,,,2,26/07/2025,31,26/08/2025,653
2165,,,2,26/07/2025,32,27/08/2025,598
2165,,,2,26/07/2025,33,28/08/2025,595
2165,,,2,26/07/2025,34,29/08/2025,645
2165,,,2,26/07/2025,35,30/08/2025,621
2165,,,2,26/07/2025,36,31/08/2025,577
2165,,,2,26/07/2025,37,01/09/2025,648
2165,,,2,26/07/2025,38,02/09/2025,590
2165,,,2,26/07/2025,39,03/09/2025,508
2165,,,2,26/07/2025,40,04/09/2025,633
2165,,,2,26/07/2025,41,05/09/2025,573
2165,,,2,26/07/2025,42,06/09/2025,616
2165,,,2,26/07/2025,43,07/09/2025,636
2165,,,2,26/07/2025,44,08/09/2025,373
2165,,,2,26/07/2025,45,09/09/2025,763
2165,,,2,26/07/2025,46,10/09/2025,537
2165,,,2,26/07/2025,47,11/09/2025,600
2165,,,2,26/07/2025,48,12/09/2025,581
2165,,,2,26/07/2025,49,13/09/2025,654
2165,,,2,26/07/2025,50,14/09/2025,677
2165,,,2,26/07/2025,51,15/09/2025,459
2165,,,2,26/07/2025,52,16/09/2025,631
2165,,,2,26/07/2025,53,17/09/2025,598
2165,,,2,26/07/2025,54,18/09/2025,629
2165,,,2,26/07/2025,55,19/09/2025,617
2165,,,2,26/07/2025,56,20/09/2025,580
2165,,,2,26/07/2025,57,21/09/2025,591
2165,,,2,26/07/2025,58,22/09/2025,247
2165,,,2,26/07/2025,59,23/09/2025,0
2165,,,2,26/07/2025,60,24/09/2025,0
2165,,,2,26/07/2025,61,25/09/2025,
6178,,,100,27/10/2024,243,27/06/2025,
6178,,,100,27/10/2024,244,28/06/2025,519
6178,,,100,27/10/2024,245,29/06/2025,588
6178,,,100,27/10/2024,246,30/06/2025,611
6178,,,100,27/10/2024,247,01/07/2025,603
6178,,,100,27/10/2024,248,02/07/2025,559
6178,,,100,27/10/2024,249,03/07/2025,634
6178,,,100,27/10/2024,250,04/07/2025,594
6178,,,100,27/10/2024,251,05/07/2025,506
6178,,,100,27/10/2024,252,06/07/2025,485
6178,,,100,27/10/2024,253,07/07/2025,553
6178,,,100,27/10/2024,254,08/07/2025,657
6178,,,100,27/10/2024,255,09/07/2025,561
6178,,,100,27/10/2024,256,10/07/2025,539
6178,,,100,27/10/2024,257,11/07/2025,497
6178,,,100,27/10/2024,258,12/07/2025,633
6178,,,100,27/10/2024,259,13/07/2025,572
6178,,,100,27/10/2024,260,14/07/2025,421
6178,,,100,27/10/2024,261,15/07/2025,577
6178,,,100,27/10/2024,262,16/07/2025,498
6178,,,100,27/10/2024,263,17/07/2025,537
6178,,,100,27/10/2024,264,18/07/2025,517
6178,,,100,27/10/2024,265,19/07/2025,526
6178,,,100,27/10/2024,266,20/07/2025,579
6178,,,100,27/10/2024,267,21/07/2025,651
6178,,,100,27/10/2024,268,22/07/2025,604
6178,,,100,27/10/2024,269,23/07/2025,459
6178,,,100,27/10/2024,270,24/07/2025,595
6178,,,100,27/10/2024,271,25/07/2025,480
6178,,,100,27/10/2024,272,26/07/2025,498
6178,,,100,27/10/2024,273,27/07/2025,529
6178,,,100,27/10/2024,274,28/07/2025,489
6178,,,100,27/10/2024,275,29/07/2025,527
6178,,,100,27/10/2024,276,30/07/2025,448
6178,,,100,27/10/2024,277,31/07/2025,486
6178,,,100,27/10/2024,278,01/08/2025,548
6178,,,100,27/10/2024,279,02/08/2025,534
6178,,,100,27/10/2024,280,03/08/2025,529
6178,,,100,27/10/2024,281,04/08/2025,455
6178,,,100,27/10/2024,282,05/08/2025,562
6178,,,100,27/10/2024,283,06/08/2025,516
6178,,,100,27/10/2024,284,07/08/2025,504
6178,,,100,27/10/2024,285,08/08/2025,562
6178,,,100,27/10/2024,286,09/08/2025,543
6178,,,100,27/10/2024,287,10/08/2025,447
6178,,,100,27/10/2024,288,11/08/2025,563
6178,,,100,27/10/2024,289,12/08/2025,574
6178,,,100,27/10/2024,290,13/08/2025,531
6178,,,100,27/10/2024,291,14/08/2025,570
6178,,,100,27/10/2024,292,15/08/2025,565
6178,,,100,27/10/2024,293,16/08/2025,405
6178,,,100,27/10/2024,294,17/08/2025,451
6178,,,100,27/10/2024,295,18/08/2025,454
6178,,,100,27/10/2024,296,19/08/2025,414
6178,,,100,27/10/2024,297,20/08/2025,549
6178,,,100,27/10/2024,298,21/08/2025,513
6178,,,100,27/10/2024,299,22/08/2025,444
6178,,,100,27/10/2024,300,23/08/2025,518
6178,,,100,27/10/2024,301,24/08/2025,470
6178,,,100,27/10/2024,302,25/08/2025,429
6178,,,100,27/10/2024,303,26/08/2025,526
6178,,,100,27/10/2024,304,27/08/2025,420
6178,,,100,27/10/2024,305,28/08/2025,550
6178,,,100,27/10/2024,306,29/08/2025,491
6178,,,100,27/10/2024,307,30/08/2025,436
6178,,,100,27/10/2024,308,31/08/2025,467
6178,,,100,27/10/2024,309,01/09/2025,431
6178,,,100,27/10/2024,310,02/09/2025,463
6178,,,100,27/10/2024,311,03/09/2025,435
6178,,,100,27/10/2024,312,04/09/2025,375
6178,,,100,27/10/2024,313,05/09/2025,522
6178,,,100,27/10/2024,314,06/09/2025,436
6178,,,100,27/10/2024,315,07/09/2025,470
6178,,,100,27/10/2024,316,08/09/2025,604
6178,,,100,27/10/2024,317,09/09/2025,457
6178,,,100,27/10/2024,318,10/09/2025,475
6178,,,100,27/10/2024,319,11/09/2025,524
6178,,,100,27/10/2024,320,12/09/2025,451
6178,,,100,27/10/2024,321,13/09/2025,470
6178,,,100,27/10/2024,322,14/09/2025,468
6178,,,100,27/10/2024,323,15/09/2025,370
6178,,,100,27/10/2024,324,16/09/2025,335
6178,,,100,27/10/2024,325,17/09/2025,315
6178,,,100,27/10/2024,326,18/09/2025,481
6178,,,100,27/10/2024,327,19/09/2025,468
6178,,,100,27/10/2024,328,20/09/2025,494
6178,,,100,27/10/2024,329,21/09/2025,524
6178,,,100,27/10/2024,330,22/09/2025,218
6178,,,100,27/10/2024,331,23/09/2025,0
6178,,,100,27/10/2024,332,24/09/2025,0
6178,,,100,27/10/2024,333,25/09/2025,
8706,,,20,30/08/2024,301,27/06/2025,
8706,,,20,30/08/2024,302,28/06/2025,0
8706,,,20,30/08/2024,303,29/06/2025,0
8706,,,20,30/08/2024,304,30/06/2025,0
8706,,,20,30/08/2024,305,01/07/2025,0
8706,,,20,30/08/2024,306,02/07/2025,0
8706,,,20,30/08/2024,307,03/07/2025,0
8706,,,20,30/08/2024,308,04/07/2025,0
8706,,,20,30/08/2024,309,05/07/2025,0
8706,,,20,30/08/2024,310,06/07/2025,0
8706,,,20,30/08/2024,311,07/07/2025,0
8706,,,20,30/08/2024,312,08/07/2025,
8706,,,20,30/08/2024,313,09/07/2025,
8706,,,20,30/08/2024,314,10/07/2025,
8706,,,20,30/08/2024,315,11/07/2025,
8706,,,20,30/08/2024,316,12/07/2025,
8706,,,20,30/08/2024,317,13/07/2025,
8706,,,20,30/08/2024,318,14/07/2025,
8706,,,20,30/08/2024,319,15/07/2025,
8706,,,20,30/08/2024,320,16/07/2025,
8706,,,20,30/08/2024,321,17/07/2025,
8706,,,20,30/08/2024,322,18/07/2025,
8706,,,20,30/08/2024,323,19/07/2025,
8706,,,20,30/08/2024,324,20/07/2025,
8706,,,20,30/08/2024,325,21/07/2025,
8706,,,20,30/08/2024,326,22/07/2025,
8706,,,20,30/08/2024,327,23/07/2025,
8706,,,20,30/08/2024,328,24/07/2025,
8706,,,20,30/08/2024,329,25/07/2025,
8706,,,20,30/08/2024,330,26/07/2025,
8706,,,20,30/08/2024,331,27/07/2025,
8706,,,20,30/08/2024,332,28/07/2025,
8706,,,20,30/08/2024,333,29/07/2025,
8706,,,20,30/08/2024,334,30/07/2025,
8706,,,20,30/08/2024,335,31/07/2025,
8706,,,20,30/08/2024,336,01/08/2025,
8706,,,20,30/08/2024,337,02/08/2025,
8706,,,20,30/08/2024,338,03/08/2025,
8706,,,20,30/08/2024,339,04/08/2025,
8706,,,20,30/08/2024,340,05/08/2025,
8706,,,20,30/08/2024,341,06/08/2025,
8706,,,20,30/08/2024,342,07/08/2025,
8706,,,20,30/08/2024,343,08/08/2025,
8706,,,20,30/08/2024,344,09/08/2025,
8706,,,20,30/08/2024,345,10/08/2025,
8706,,,20,30/08/2024,346,11/08/2025,
8706,,,20,30/08/2024,347,12/08/2025,
8706,,,20,30/08/2024,348,13/08/2025,
8706,,,20,30/08/2024,349,14/08/2025,
8706,,,20,30/08/2024,350,15/08/2025,
8706,,,20,30/08/2024,351,16/08/2025,
8706,,,20,30/08/2024,352,17/08/2025,
8706,,,20,30/08/2024,353,18/08/2025,
8706,,,20,30/08/2024,354,19/08/2025,
8706,,,20,30/08/2024,355,20/08/2025,
8706,,,20,30/08/2024,356,21/08/2025,
8706,,,20,30/08/2024,357,22/08/2025,
8706,,,20,30/08/2024,358,23/08/2025,
8706,,,20,30/08/2024,359,24/08/2025,
8706,,,20,30/08/2024,360,25/08/2025,
8706,,,20,30/08/2024,361,26/08/2025,
8706,,,20,30/08/2024,362,27/08/2025,
8706,,,20,30/08/2024,363,28/08/2025,
8706,,,20,30/08/2024,364,29/08/2025,
8706,,,20,30/08/2024,365,30/08/2025,
8706,,,20,30/08/2024,366,31/08/2025,
8706,,,20,30/08/2024,367,01/09/2025,
8706,,,20,30/08/2024,368,02/09/2025,
8706,,,20,30/08/2024,369,03/09/2025,
8706,,,20,30/08/2024,370,04/09/2025,
8706,,,20,30/08/2024,371,05/09/2025,
8706,,,20,30/08/2024,372,06/09/2025,
8706,,,20,30/08/2024,373,07/09/2025,
8706,,,20,30/08/2024,374,08/09/2025,
8706,,,20,30/08/2024,375,09/09/2025,
8706,,,20,30/08/2024,376,10/09/2025,
8706,,,20,30/08/2024,377,11/09/2025,
8706,,,20,30/08/2024,378,12/09/2025,
8706,,,20,30/08/2024,379,13/09/2025,
8706,,,20,30/08/2024,380,14/09/2025,
8706,,,20,30/08/2024,381,15/09/2025,
8706,,,20,30/08/2024,382,16/09/2025,
8706,,,20,30/08/2024,383,17/09/2025,
8706,,,20,30/08/2024,384,18/09/2025,
8706,,,20,30/08/2024,385,19/09/2025,
8706,,,20,30/08/2024,386,20/09/2025,
8706,,,20,30/08/2024,387,21/09/2025,
8706,,,20,30/08/2024,388,22/09/2025,
8706,,,20,30/08/2024,389,23/09/2025,
8706,,,20,30/08/2024,390,24/09/2025,
8706,,,20,30/08/2024,391,25/09/2025,
6197,,,100,13/05/2024,410,27/06/2025,
6197,,,100,13/05/2024,411,28/06/2025,494
6197,,,100,13/05/2024,412,29/06/2025,601
6197,,,100,13/05/2024,413,30/06/2025,596
6197,,,100,13/05/2024,414,01/07/2025,557
6197,,,100,13/05/2024,415,02/07/2025,469
6197,,,100,13/05/2024,416,03/07/2025,680
6197,,,100,13/05/2024,417,04/07/2025,565
6197,,,100,13/05/2024,418,05/07/2025,517
6197,,,100,13/05/2024,419,06/07/2025,507
6197,,,100,13/05/2024,420,07/07/2025,437
6197,,,100,13/05/2024,421,08/07/2025,542
6197,,,100,13/05/2024,422,09/07/2025,457
6197,,,100,13/05/2024,423,10/07/2025,505
6197,,,100,13/05/2024,424,11/07/2025,415
6197,,,100,13/05/2024,425,12/07/2025,531
6197,,,100,13/05/2024,426,13/07/2025,471
6197,,,100,13/05/2024,427,14/07/2025,336
6197,,,100,13/05/2024,428,15/07/2025,548
6197,,,100,13/05/2024,429,16/07/2025,525
6197,,,100,13/05/2024,430,17/07/2025,483
6197,,,100,13/05/2024,431,18/07/2025,508
6197,,,100,13/05/2024,432,19/07/2025,530
6197,,,100,13/05/2024,433,20/07/2025,504
6197,,,100,13/05/2024,434,21/07/2025,579
6197,,,100,13/05/2024,435,22/07/2025,496
6197,,,100,13/05/2024,436,23/07/2025,524
6197,,,100,13/05/2024,437,24/07/2025,510
6197,,,100,13/05/2024,438,25/07/2025,555
6197,,,100,13/05/2024,439,26/07/2025,556
6197,,,100,13/05/2024,440,27/07/2025,495
6197,,,100,13/05/2024,441,28/07/2025,477
6197,,,100,13/05/2024,442,29/07/2025,599
6197,,,100,13/05/2024,443,30/07/2025,501
6197,,,100,13/05/2024,444,31/07/2025,565
6197,,,100,13/05/2024,445,01/08/2025,530
6197,,,100,13/05/2024,446,02/08/2025,570
6197,,,100,13/05/2024,447,03/08/2025,575
6197,,,100,13/05/2024,448,04/08/2025,511
6197,,,100,13/05/2024,449,05/08/2025,528
6197,,,100,13/05/2024,450,06/08/2025,524
6197,,,100,13/05/2024,451,07/08/2025,592
6197,,,100,13/05/2024,452,08/08/2025,512
6197,,,100,13/05/2024,453,09/08/2025,595
6197,,,100,13/05/2024,454,10/08/2025,550
6197,,,100,13/05/2024,455,11/08/2025,629
6197,,,100,13/05/2024,456,12/08/2025,644
6197,,,100,13/05/2024,457,13/08/2025,608
6197,,,100,13/05/2024,458,14/08/2025,529
6197,,,100,13/05/2024,459,15/08/2025,542
6197,,,100,13/05/2024,460,16/08/2025,476
6197,,,100,13/05/2024,461,17/08/2025,558
6197,,,100,13/05/2024,462,18/08/2025,530
6197,,,100,13/05/2024,463,19/08/2025,560
6197,,,100,13/05/2024,464,20/08/2025,601
6197,,,100,13/05/2024,465,21/08/2025,567
6197,,,100,13/05/2024,466,22/08/2025,494
6197,,,100,13/05/2024,467,23/08/2025,515
6197,,,100,13/05/2024,468,24/08/2025,570
6197,,,100,13/05/2024,469,25/08/2025,551
6197,,,100,13/05/2024,470,26/08/2025,521
6197,,,100,13/05/2024,471,27/08/2025,311
6197,,,100,13/05/2024,472,28/08/2025,659
6197,,,100,13/05/2024,473,29/08/2025,489
6197,,,100,13/05/2024,474,30/08/2025,520
6197,,,100,13/05/2024,475,31/08/2025,417
6197,,,100,13/05/2024,476,01/09/2025,460
6197,,,100,13/05/2024,477,02/09/2025,567
6197,,,100,13/05/2024,478,03/09/2025,512
6197,,,100,13/05/2024,479,04/09/2025,514
6197,,,100,13/05/2024,480,05/09/2025,562
6197,,,100,13/05/2024,481,06/09/2025,508
6197,,,100,13/05/2024,482,07/09/2025,493
6197,,,100,13/05/2024,483,08/09/2025,650
6197,,,100,13/05/2024,484,09/09/2025,464
6197,,,100,13/05/2024,485,10/09/2025,511
6197,,,100,13/05/2024,486,11/09/2025,496
6197,,,100,13/05/2024,487,12/09/2025,492
6197,,,100,13/05/2024,488,13/09/2025,536
6197,,,100,13/05/2024,489,14/09/2025,445
6197,,,100,13/05/2024,490,15/09/2025,358
6197,,,100,13/05/2024,491,16/09/2025,313
6197,,,100,13/05/2024,492,17/09/2025,428
6197,,,100,13/05/2024,493,18/09/2025,381
6197,,,100,13/05/2024,494,19/09/2025,555
6197,,,100,13/05/2024,495,20/09/2025,468
6197,,,100,13/05/2024,496,21/09/2025,580
6197,,,100,13/05/2024,497,22/09/2025,268
6197,,,100,13/05/2024,498,23/09/2025,0
6197,,,100,13/05/2024,499,24/09/2025,0
6197,,,100,13/05/2024,500,25/09/2025,
6012,,,100,11/10/2024,259,27/06/2025,
6012,,,100,11/10/2024,260,28/06/2025,455
6012,,,100,11/10/2024,261,29/06/2025,529
6012,,,100,11/10/2024,262,30/06/2025,474
6012,,,100,11/10/2024,263,01/07/2025,528
6012,,,100,11/10/2024,264,02/07/2025,367
6012,,,100,11/10/2024,265,03/07/2025,557
6012,,,100,11/10/2024,266,04/07/2025,464
6012,,,100,11/10/2024,267,05/07/2025,491
6012,,,100,11/10/2024,268,06/07/2025,534
6012,,,100,11/10/2024,269,07/07/2025,509
6012,,,100,11/10/2024,270,08/07/2025,519
6012,,,100,11/10/2024,271,09/07/2025,320
6012,,,100,11/10/2024,272,10/07/2025,543
6012,,,100,11/10/2024,273,11/07/2025,401
6012,,,100,11/10/2024,274,12/07/2025,514
6012,,,100,11/10/2024,275,13/07/2025,545
6012,,,100,11/10/2024,276,14/07/2025,393
6012,,,100,11/10/2024,277,15/07/2025,544
6012,,,100,11/10/2024,278,16/07/2025,426
6012,,,100,11/10/2024,279,17/07/2025,458
6012,,,100,11/10/2024,280,18/07/2025,551
6012,,,100,11/10/2024,281,19/07/2025,511
6012,,,100,11/10/2024,282,20/07/2025,533
6012,,,100,11/10/2024,283,21/07/2025,542
6012,,,100,11/10/2024,284,22/07/2025,532
6012,,,100,11/10/2024,285,23/07/2025,490
6012,,,100,11/10/2024,286,24/07/2025,532
6012,,,100,11/10/2024,287,25/07/2025,391
6012,,,100,11/10/2024,288,26/07/2025,549
6012,,,100,11/10/2024,289,27/07/2025,604
6012,,,100,11/10/2024,290,28/07/2025,503
6012,,,100,11/10/2024,291,29/07/2025,496
6012,,,100,11/10/2024,292,30/07/2025,535
6012,,,100,11/10/2024,293,31/07/2025,382
6012,,,100,11/10/2024,294,01/08/2025,549
6012,,,100,11/10/2024,295,02/08/2025,525
6012,,,100,11/10/2024,296,03/08/2025,486
6012,,,100,11/10/2024,297,04/08/2025,535
6012,,,100,11/10/2024,298,05/08/2025,564
6012,,,100,11/10/2024,299,06/08/2025,444
6012,,,100,11/10/2024,300,07/08/2025,477
6012,,,100,11/10/2024,301,08/08/2025,459
6012,,,100,11/10/2024,302,09/08/2025,477
6012,,,100,11/10/2024,303,10/08/2025,538
6012,,,100,11/10/2024,304,11/08/2025,469
6012,,,100,11/10/2024,305,12/08/2025,447
6012,,,100,11/10/2024,306,13/08/2025,485
6012,,,100,11/10/2024,307,14/08/2025,467
6012,,,100,11/10/2024,308,15/08/2025,514
6012,,,100,11/10/2024,309,16/08/2025,410
6012,,,100,11/10/2024,310,17/08/2025,428
6012,,,100,11/10/2024,311,18/08/2025,470
6012,,,100,11/10/2024,312,19/08/2025,385
6012,,,100,11/10/2024,313,20/08/2025,492
6012,,,100,11/10/2024,314,21/08/2025,423
6012,,,100,11/10/2024,315,22/08/2025,521
6012,,,100,11/10/2024,316,23/08/2025,500
6012,,,100,11/10/2024,317,24/08/2025,560
6012,,,100,11/10/2024,318,25/08/2025,338
6012,,,100,11/10/2024,319,26/08/2025,540
6012,,,100,11/10/2024,320,27/08/2025,356
6012,,,100,11/10/2024,321,28/08/2025,496
6012,,,100,11/10/2024,322,29/08/2025,447
6012,,,100,11/10/2024,323,30/08/2025,421
6012,,,100,11/10/2024,324,31/08/2025,433
6012,,,100,11/10/2024,325,01/09/2025,424
6012,,,100,11/10/2024,326,02/09/2025,421
6012,,,100,11/10/2024,327,03/09/2025,360
6012,,,100,11/10/2024,328,04/09/2025,394
6012,,,100,11/10/2024,329,05/09/2025,411
6012,,,100,11/10/2024,330,06/09/2025,499
6012,,,100,11/10/2024,331,07/09/2025,420
6012,,,100,11/10/2024,332,08/09/2025,488
6012,,,100,11/10/2024,333,09/09/2025,517
6012,,,100,11/10/2024,334,10/09/2025,403
6012,,,100,11/10/2024,335,11/09/2025,506
6012,,,100,11/10/2024,336,12/09/2025,461
6012,,,100,11/10/2024,337,13/09/2025,444
6012,,,100,11/10/2024,338,14/09/2025,468
6012,,,100,11/10/2024,339,15/09/2025,331
6012,,,100,11/10/2024,340,16/09/2025,310
6012,,,100,11/10/2024,341,17/09/2025,332
6012,,,100,11/10/2024,342,18/09/2025,495
6012,,,100,11/10/2024,343,19/09/2025,354
6012,,,100,11/10/2024,344,20/09/2025,570
6012,,,100,11/10/2024,345,21/09/2025,558
6012,,,100,11/10/2024,346,22/09/2025,243
6012,,,100,11/10/2024,347,23/09/2025,85
6012,,,100,11/10/2024,348,24/09/2025,84
6012,,,100,11/10/2024,349,25/09/2025,
6098,,,1,19/08/2025,,27/06/2025,
6098,,,1,19/08/2025,,28/06/2025,
6098,,,1,19/08/2025,,29/06/2025,
6098,,,1,19/08/2025,,30/06/2025,
6098,,,1,19/08/2025,,01/07/2025,
6098,,,1,19/08/2025,,02/07/2025,
6098,,,1,19/08/2025,,03/07/2025,
6098,,,1,19/08/2025,,04/07/2025,
6098,,,1,19/08/2025,,05/07/2025,
6098,,,1,19/08/2025,,06/07/2025,
6098,,,1,19/08/2025,,07/07/2025,
6098,,,1,19/08/2025,,08/07/2025,
6098,,,1,19/08/2025,,09/07/2025,
6098,,,1,19/08/2025,,10/07/2025,
6098,,,1,19/08/2025,,11/07/2025,
6098,,,1,19/08/2025,,12/07/2025,
6098,,,1,19/08/2025,,13/07/2025,
6098,,,1,19/08/2025,,14/07/2025,
6098,,,1,19/08/2025,,15/07/2025,
6098,,,1,19/08/2025,,16/07/2025,
6098,,,1,19/08/2025,,17/07/2025,
6098,,,1,19/08/2025,,18/07/2025,
6098,,,1,19/08/2025,,19/07/2025,
6098,,,1,19/08/2025,,20/07/2025,
6098,,,1,19/08/2025,,21/07/2025,
6098,,,1,19/08/2025,,22/07/2025,
6098,,,1,19/08/2025,,23/07/2025,
6098,,,1,19/08/2025,,24/07/2025,
6098,,,1,19/08/2025,,25/07/2025,
6098,,,1,19/08/2025,,26/07/2025,
6098,,,1,19/08/2025,,27/07/2025,
6098,,,1,19/08/2025,,28/07/2025,
6098,,,1,19/08/2025,,29/07/2025,
6098,,,1,19/08/2025,,30/07/2025,
6098,,,1,19/08/2025,,31/07/2025,
6098,,,1,19/08/2025,,01/08/2025,249
6098,,,1,19/08/2025,,02/08/2025,430
6098,,,1,19/08/2025,,03/08/2025,346
6098,,,1,19/08/2025,,04/08/2025,421
6098,,,1,19/08/2025,,05/08/2025,376
6098,,,1,19/08/2025,,06/08/2025,386
6098,,,1,19/08/2025,,07/08/2025,383
6098,,,1,19/08/2025,,08/08/2025,401
6098,,,1,19/08/2025,,09/08/2025,359
6098,,,1,19/08/2025,,10/08/2025,412
6098,,,1,19/08/2025,,11/08/2025,356
6098,,,1,19/08/2025,,12/08/2025,417
6098,,,1,19/08/2025,,13/08/2025,449
6098,,,1,19/08/2025,,14/08/2025,410
6098,,,1,19/08/2025,,15/08/2025,421
6098,,,1,19/08/2025,,16/08/2025,444
6098,,,1,19/08/2025,,17/08/2025,367
6098,,,1,19/08/2025,,18/08/2025,432
6098,,,1,19/08/2025,,19/08/2025,432
6098,,,1,19/08/2025,1,20/08/2025,613
6098,,,1,19/08/2025,2,21/08/2025,649
6098,,,1,19/08/2025,3,22/08/2025,574
6098,,,1,19/08/2025,4,23/08/2025,402
6098,,,1,19/08/2025,5,24/08/2025,435
6098,,,1,19/08/2025,6,25/08/2025,506
6098,,,1,19/08/2025,7,26/08/2025,411
6098,,,1,19/08/2025,8,27/08/2025,352
6098,,,1,19/08/2025,9,28/08/2025,549
6098,,,1,19/08/2025,10,29/08/2025,276
6098,,,1,19/08/2025,11,30/08/2025,487
6098,,,1,19/08/2025,12,31/08/2025,337
6098,,,1,19/08/2025,13,01/09/2025,401
6098,,,1,19/08/2025,14,02/09/2025,462
6098,,,1,19/08/2025,15,03/09/2025,445
6098,,,1,19/08/2025,16,04/09/2025,555
6098,,,1,19/08/2025,17,05/09/2025,495
6098,,,1,19/08/2025,18,06/09/2025,487
6098,,,1,19/08/2025,19,07/09/2025,356
6098,,,1,19/08/2025,20,08/09/2025,381
6098,,,1,19/08/2025,21,09/09/2025,419
6098,,,1,19/08/2025,22,10/09/2025,464
6098,,,1,19/08/2025,23,11/09/2025,598
6098,,,1,19/08/2025,24,12/09/2025,452
6098,,,1,19/08/2025,25,13/09/2025,519
6098,,,1,19/08/2025,26,14/09/2025,333
6098,,,1,19/08/2025,27,15/09/2025,437
6098,,,1,19/08/2025,28,16/09/2025,436
6098,,,1,19/08/2025,29,17/09/2025,511
6098,,,1,19/08/2025,30,18/09/2025,493
6098,,,1,19/08/2025,31,19/09/2025,544
6098,,,1,19/08/2025,32,20/09/2025,382
6098,,,1,19/08/2025,33,21/09/2025,383
6098,,,1,19/08/2025,34,22/09/2025,307
6098,,,1,19/08/2025,35,23/09/2025,0
6098,,,1,19/08/2025,36,24/09/2025,0
6098,,,1,19/08/2025,37,25/09/2025,
6229,,,100,16/08/2024,315,27/06/2025,
6229,,,100,16/08/2024,316,28/06/2025,517
6229,,,100,16/08/2024,317,29/06/2025,559
6229,,,100,16/08/2024,318,30/06/2025,528
6229,,,100,16/08/2024,319,01/07/2025,502
6229,,,100,16/08/2024,320,02/07/2025,626
6229,,,100,16/08/2024,321,03/07/2025,578
6229,,,100,16/08/2024,322,04/07/2025,386
6229,,,100,16/08/2024,323,05/07/2025,0
6229,,,100,16/08/2024,324,06/07/2025,15
6229,,,100,16/08/2024,325,07/07/2025,270
6229,,,100,16/08/2024,326,08/07/2025,
6229,,,100,16/08/2024,327,09/07/2025,
6229,,,100,16/08/2024,328,10/07/2025,
6229,,,100,16/08/2024,329,11/07/2025,
6229,,,100,16/08/2024,330,12/07/2025,
6229,,,100,16/08/2024,331,13/07/2025,
6229,,,100,16/08/2024,332,14/07/2025,
6229,,,100,16/08/2024,333,15/07/2025,
6229,,,100,16/08/2024,334,16/07/2025,
6229,,,100,16/08/2024,335,17/07/2025,
6229,,,100,16/08/2024,336,18/07/2025,
6229,,,100,16/08/2024,337,19/07/2025,
6229,,,100,16/08/2024,338,20/07/2025,
6229,,,100,16/08/2024,339,21/07/2025,
6229,,,100,16/08/2024,340,22/07/2025,
6229,,,100,16/08/2024,341,23/07/2025,
6229,,,100,16/08/2024,342,24/07/2025,
6229,,,100,16/08/2024,343,25/07/2025,
6229,,,100,16/08/2024,344,26/07/2025,
6229,,,100,16/08/2024,345,27/07/2025,
6229,,,100,16/08/2024,346,28/07/2025,
6229,,,100,16/08/2024,347,29/07/2025,
6229,,,100,16/08/2024,348,30/07/2025,
6229,,,100,16/08/2024,349,31/07/2025,
6229,,,100,16/08/2024,350,01/08/2025,
6229,,,100,16/08/2024,351,02/08/2025,
6229,,,100,16/08/2024,352,03/08/2025,
6229,,,100,16/08/2024,353,04/08/2025,
6229,,,100,16/08/2024,354,05/08/2025,
6229,,,100,16/08/2024,355,06/08/2025,
6229,,,100,16/08/2024,356,07/08/2025,
6229,,,100,16/08/2024,357,08/08/2025,
6229,,,100,16/08/2024,358,09/08/2025,
6229,,,100,16/08/2024,359,10/08/2025,
6229,,,100,16/08/2024,360,11/08/2025,
6229,,,100,16/08/2024,361,12/08/2025,
6229,,,100,16/08/2024,362,13/08/2025,
6229,,,100,16/08/2024,363,14/08/2025,
6229,,,100,16/08/2024,364,15/08/2025,
6229,,,100,16/08/2024,365,16/08/2025,
6229,,,100,16/08/2024,366,17/08/2025,
6229,,,100,16/08/2024,367,18/08/2025,
6229,,,100,16/08/2024,368,19/08/2025,
6229,,,100,16/08/2024,369,20/08/2025,
6229,,,100,16/08/2024,370,21/08/2025,
6229,,,100,16/08/2024,371,22/08/2025,
6229,,,100,16/08/2024,372,23/08/2025,
6229,,,100,16/08/2024,373,24/08/2025,
6229,,,100,16/08/2024,374,25/08/2025,
6229,,,100,16/08/2024,375,26/08/2025,
6229,,,100,16/08/2024,376,27/08/2025,
6229,,,100,16/08/2024,377,28/08/2025,
6229,,,100,16/08/2024,378,29/08/2025,
6229,,,100,16/08/2024,379,30/08/2025,
6229,,,100,16/08/2024,380,31/08/2025,
6229,,,100,16/08/2024,381,01/09/2025,
6229,,,100,16/08/2024,382,02/09/2025,
6229,,,100,16/08/2024,383,03/09/2025,
6229,,,100,16/08/2024,384,04/09/2025,
6229,,,100,16/08/2024,385,05/09/2025,
6229,,,100,16/08/2024,386,06/09/2025,
6229,,,100,16/08/2024,387,07/09/2025,
6229,,,100,16/08/2024,388,08/09/2025,
6229,,,100,16/08/2024,389,09/09/2025,
6229,,,100,16/08/2024,390,10/09/2025,
6229,,,100,16/08/2024,391,11/09/2025,
6229,,,100,16/08/2024,392,12/09/2025,
6229,,,100,16/08/2024,393,13/09/2025,
6229,,,100,16/08/2024,394,14/09/2025,
6229,,,100,16/08/2024,395,15/09/2025,
6229,,,100,16/08/2024,396,16/09/2025,
6229,,,100,16/08/2024,397,17/09/2025,
6229,,,100,16/08/2024,398,18/09/2025,
6229,,,100,16/08/2024,399,19/09/2025,
6229,,,100,16/08/2024,400,20/09/2025,
6229,,,100,16/08/2024,401,21/09/2025,
6229,,,100,16/08/2024,402,22/09/2025,
6229,,,100,16/08/2024,403,23/09/2025,
6229,,,100,16/08/2024,404,24/09/2025,
6229,,,100,16/08/2024,405,25/09/2025,
1235,,,100,07/10/2024,263,27/06/2025,
1235,,,100,07/10/2024,264,28/06/2025,539
1235,,,100,07/10/2024,265,29/06/2025,467
1235,,,100,07/10/2024,266,30/06/2025,622
1235,,,100,07/10/2024,267,01/07/2025,563
1235,,,100,07/10/2024,268,02/07/2025,584
1235,,,100,07/10/2024,269,03/07/2025,648
1235,,,100,07/10/2024,270,04/07/2025,569
1235,,,100,07/10/2024,271,05/07/2025,389
1235,,,100,07/10/2024,272,06/07/2025,627
1235,,,100,07/10/2024,273,07/07/2025,550
1235,,,100,07/10/2024,274,08/07/2025,487
1235,,,100,07/10/2024,275,09/07/2025,623
1235,,,100,07/10/2024,276,10/07/2025,488
1235,,,100,07/10/2024,277,11/07/2025,516
1235,,,100,07/10/2024,278,12/07/2025,595
1235,,,100,07/10/2024,279,13/07/2025,520
1235,,,100,07/10/2024,280,14/07/2025,435
1235,,,100,07/10/2024,281,15/07/2025,536
1235,,,100,07/10/2024,282,16/07/2025,429
1235,,,100,07/10/2024,283,17/07/2025,670
1235,,,100,07/10/2024,284,18/07/2025,527
1235,,,100,07/10/2024,285,19/07/2025,605
1235,,,100,07/10/2024,286,20/07/2025,526
1235,,,100,07/10/2024,287,21/07/2025,491
1235,,,100,07/10/2024,288,22/07/2025,351
1235,,,100,07/10/2024,289,23/07/2025,566
1235,,,100,07/10/2024,290,24/07/2025,536
1235,,,100,07/10/2024,291,25/07/2025,547
1235,,,100,07/10/2024,292,26/07/2025,440
1235,,,100,07/10/2024,293,27/07/2025,541
1235,,,100,07/10/2024,294,28/07/2025,387
1235,,,100,07/10/2024,295,29/07/2025,548
1235,,,100,07/10/2024,296,30/07/2025,524
1235,,,100,07/10/2024,297,31/07/2025,348
1235,,,100,07/10/2024,298,01/08/2025,140
1235,,,100,07/10/2024,299,02/08/2025,300
1235,,,100,07/10/2024,300,03/08/2025,285
1235,,,100,07/10/2024,301,04/08/2025,316
1235,,,100,07/10/2024,302,05/08/2025,388
1235,,,100,07/10/2024,303,06/08/2025,309
1235,,,100,07/10/2024,304,07/08/2025,440
1235,,,100,07/10/2024,305,08/08/2025,441
1235,,,100,07/10/2024,306,09/08/2025,500
1235,,,100,07/10/2024,307,10/08/2025,347
1235,,,100,07/10/2024,308,11/08/2025,375
1235,,,100,07/10/2024,309,12/08/2025,332
1235,,,100,07/10/2024,310,13/08/2025,365
1235,,,100,07/10/2024,311,14/08/2025,439
1235,,,100,07/10/2024,312,15/08/2025,490
1235,,,100,07/10/2024,313,16/08/2025,284
1235,,,100,07/10/2024,314,17/08/2025,321
1235,,,100,07/10/2024,315,18/08/2025,371
1235,,,100,07/10/2024,316,19/08/2025,383
1235,,,100,07/10/2024,317,20/08/2025,496
1235,,,100,07/10/2024,318,21/08/2025,362
1235,,,100,07/10/2024,319,22/08/2025,487
1235,,,100,07/10/2024,320,23/08/2025,516
1235,,,100,07/10/2024,321,24/08/2025,518
1235,,,100,07/10/2024,322,25/08/2025,374
1235,,,100,07/10/2024,323,26/08/2025,517
1235,,,100,07/10/2024,324,27/08/2025,340
1235,,,100,07/10/2024,325,28/08/2025,407
1235,,,100,07/10/2024,326,29/08/2025,462
1235,,,100,07/10/2024,327,30/08/2025,439
1235,,,100,07/10/2024,328,31/08/2025,401
1235,,,100,07/10/2024,329,01/09/2025,456
1235,,,100,07/10/2024,330,02/09/2025,379
1235,,,100,07/10/2024,331,03/09/2025,350
1235,,,100,07/10/2024,332,04/09/2025,430
1235,,,100,07/10/2024,333,05/09/2025,475
1235,,,100,07/10/2024,334,06/09/2025,522
1235,,,100,07/10/2024,335,07/09/2025,446
1235,,,100,07/10/2024,336,08/09/2025,508
1235,,,100,07/10/2024,337,09/09/2025,542
1235,,,100,07/10/2024,338,10/09/2025,523
1235,,,100,07/10/2024,339,11/09/2025,385
1235,,,100,07/10/2024,340,12/09/2025,420
1235,,,100,07/10/2024,341,13/09/2025,449
1235,,,100,07/10/2024,342,14/09/2025,517
1235,,,100,07/10/2024,343,15/09/2025,398
1235,,,100,07/10/2024,344,16/09/2025,293
1235,,,100,07/10/2024,345,17/09/2025,268
1235,,,100,07/10/2024,346,18/09/2025,509
1235,,,100,07/10/2024,347,19/09/2025,432
1235,,,100,07/10/2024,348,20/09/2025,516
1235,,,100,07/10/2024,349,21/09/2025,574
1235,,,100,07/10/2024,350,22/09/2025,242
1235,,,100,07/10/2024,351,23/09/2025,0
1235,,,100,07/10/2024,352,24/09/2025,46
1235,,,100,07/10/2024,353,25/09/2025,
1619,,,2,20/07/2025,,27/06/2025,
1619,,,2,20/07/2025,,28/06/2025,
1619,,,2,20/07/2025,,29/06/2025,
1619,,,2,20/07/2025,,30/06/2025,
1619,,,2,20/07/2025,,01/07/2025,
1619,,,2,20/07/2025,,02/07/2025,
1619,,,2,20/07/2025,,03/07/2025,
1619,,,2,20/07/2025,,04/07/2025,
1619,,,2,20/07/2025,,05/07/2025,
1619,,,2,20/07/2025,,06/07/2025,
1619,,,2,20/07/2025,,07/07/2025,236
1619,,,2,20/07/2025,,08/07/2025,351
1619,,,2,20/07/2025,,09/07/2025,397
1619,,,2,20/07/2025,,10/07/2025,392
1619,,,2,20/07/2025,,11/07/2025,333
1619,,,2,20/07/2025,,12/07/2025,485
1619,,,2,20/07/2025,,13/07/2025,447
1619,,,2,20/07/2025,,14/07/2025,314
1619,,,2,20/07/2025,,15/07/2025,367
1619,,,2,20/07/2025,,16/07/2025,248
1619,,,2,20/07/2025,,17/07/2025,330
1619,,,2,20/07/2025,,18/07/2025,360
1619,,,2,20/07/2025,,19/07/2025,363
1619,,,2,20/07/2025,,20/07/2025,220
1619,,,2,20/07/2025,1,21/07/2025,427
1619,,,2,20/07/2025,2,22/07/2025,392
1619,,,2,20/07/2025,3,23/07/2025,461
1619,,,2,20/07/2025,4,24/07/2025,571
1619,,,2,20/07/2025,5,25/07/2025,277
1619,,,2,20/07/2025,6,26/07/2025,424
1619,,,2,20/07/2025,7,27/07/2025,362
1619,,,2,20/07/2025,8,28/07/2025,400
1619,,,2,20/07/2025,9,29/07/2025,446
1619,,,2,20/07/2025,10,30/07/2025,472
1619,,,2,20/07/2025,11,31/07/2025,546
1619,,,2,20/07/2025,12,01/08/2025,437
1619,,,2,20/07/2025,13,02/08/2025,425
1619,,,2,20/07/2025,14,03/08/2025,455
1619,,,2,20/07/2025,15,04/08/2025,475
1619,,,2,20/07/2025,16,05/08/2025,275
1619,,,2,20/07/2025,17,06/08/2025,333
1619,,,2,20/07/2025,18,07/08/2025,458
1619,,,2,20/07/2025,19,08/08/2025,383
1619,,,2,20/07/2025,20,09/08/2025,524
1619,,,2,20/07/2025,21,10/08/2025,462
1619,,,2,20/07/2025,22,11/08/2025,423
1619,,,2,20/07/2025,23,12/08/2025,508
1619,,,2,20/07/2025,24,13/08/2025,566
1619,,,2,20/07/2025,25,14/08/2025,539
1619,,,2,20/07/2025,26,15/08/2025,479
1619,,,2,20/07/2025,27,16/08/2025,519
1619,,,2,20/07/2025,28,17/08/2025,492
1619,,,2,20/07/2025,29,18/08/2025,500
1619,,,2,20/07/2025,30,19/08/2025,518
1619,,,2,20/07/2025,31,20/08/2025,450
1619,,,2,20/07/2025,32,21/08/2025,397
1619,,,2,20/07/2025,33,22/08/2025,573
1619,,,2,20/07/2025,34,23/08/2025,488
1619,,,2,20/07/2025,35,24/08/2025,330
1619,,,2,20/07/2025,36,25/08/2025,405
1619,,,2,20/07/2025,37,26/08/2025,505
1619,,,2,20/07/2025,38,27/08/2025,505
1619,,,2,20/07/2025,39,28/08/2025,462
1619,,,2,20/07/2025,40,29/08/2025,471
1619,,,2,20/07/2025,41,30/08/2025,543
1619,,,2,20/07/2025,42,31/08/2025,412
1619,,,2,20/07/2025,43,01/09/2025,682
1619,,,2,20/07/2025,44,02/09/2025,480
1619,,,2,20/07/2025,45,03/09/2025,527
1619,,,2,20/07/2025,46,04/09/2025,603
1619,,,2,20/07/2025,47,05/09/2025,388
1619,,,2,20/07/2025,48,06/09/2025,602
1619,,,2,20/07/2025,49,07/09/2025,474
1619,,,2,20/07/2025,50,08/09/2025,523
1619,,,2,20/07/2025,51,09/09/2025,492
1619,,,2,20/07/2025,52,10/09/2025,547
1619,,,2,20/07/2025,53,11/09/2025,626
1619,,,2,20/07/2025,54,12/09/2025,459
1619,,,2,20/07/2025,55,13/09/2025,527
1619,,,2,20/07/2025,56,14/09/2025,584
1619,,,2,20/07/2025,57,15/09/2025,540
1619,,,2,20/07/2025,58,16/09/2025,547
1619,,,2,20/07/2025,59,17/09/2025,534
1619,,,2,20/07/2025,60,18/09/2025,378
1619,,,2,20/07/2025,61,19/09/2025,360
1619,,,2,20/07/2025,62,20/09/2025,649
1619,,,2,20/07/2025,63,21/09/2025,540
1619,,,2,20/07/2025,64,22/09/2025,234
1619,,,2,20/07/2025,65,23/09/2025,0
1619,,,2,20/07/2025,66,24/09/2025,0
1619,,,2,20/07/2025,67,25/09/2025,
1617,,,2,25/07/2025,,27/06/2025,
1617,,,2,25/07/2025,,28/06/2025,
1617,,,2,25/07/2025,,29/06/2025,
1617,,,2,25/07/2025,,30/06/2025,
1617,,,2,25/07/2025,,01/07/2025,
1617,,,2,25/07/2025,,02/07/2025,
1617,,,2,25/07/2025,,03/07/2025,
1617,,,2,25/07/2025,,04/07/2025,
1617,,,2,25/07/2025,,05/07/2025,
1617,,,2,25/07/2025,,06/07/2025,
1617,,,2,25/07/2025,,07/07/2025,319
1617,,,2,25/07/2025,,08/07/2025,517
1617,,,2,25/07/2025,,09/07/2025,537
1617,,,2,25/07/2025,,10/07/2025,471
1617,,,2,25/07/2025,,11/07/2025,586
1617,,,2,25/07/2025,,12/07/2025,514
1617,,,2,25/07/2025,,13/07/2025,502
1617,,,2,25/07/2025,,14/07/2025,389
1617,,,2,25/07/2025,,15/07/2025,457
1617,,,2,25/07/2025,,16/07/2025,424
1617,,,2,25/07/2025,,17/07/2025,538
1617,,,2,25/07/2025,,18/07/2025,522
1617,,,2,25/07/2025,,19/07/2025,537
1617,,,2,25/07/2025,,20/07/2025,430
1617,,,2,25/07/2025,,21/07/2025,502
1617,,,2,25/07/2025,,22/07/2025,467
1617,,,2,25/07/2025,,23/07/2025,381
1617,,,2,25/07/2025,,24/07/2025,364
1617,,,2,25/07/2025,,25/07/2025,421
1617,,,2,25/07/2025,1,26/07/2025,372
1617,,,2,25/07/2025,2,27/07/2025,335
1617,,,2,25/07/2025,3,28/07/2025,329
1617,,,2,25/07/2025,4,29/07/2025,329
1617,,,2,25/07/2025,5,30/07/2025,421
1617,,,2,25/07/2025,6,31/07/2025,458
1617,,,2,25/07/2025,7,01/08/2025,488
1617,,,2,25/07/2025,8,02/08/2025,585
1617,,,2,25/07/2025,9,03/08/2025,382
1617,,,2,25/07/2025,10,04/08/2025,459
1617,,,2,25/07/2025,11,05/08/2025,544
1617,,,2,25/07/2025,12,06/08/2025,433
1617,,,2,25/07/2025,13,07/08/2025,516
1617,,,2,25/07/2025,14,08/08/2025,600
1617,,,2,25/07/2025,15,09/08/2025,614
1617,,,2,25/07/2025,16,10/08/2025,506
1617,,,2,25/07/2025,17,11/08/2025,573
1617,,,2,25/07/2025,18,12/08/2025,642
1617,,,2,25/07/2025,19,13/08/2025,622
1617,,,2,25/07/2025,20,14/08/2025,434
1617,,,2,25/07/2025,21,15/08/2025,545
1617,,,2,25/07/2025,22,16/08/2025,617
1617,,,2,25/07/2025,23,17/08/2025,587
1617,,,2,25/07/2025,24,18/08/2025,510
1617,,,2,25/07/2025,25,19/08/2025,614
1617,,,2,25/07/2025,26,20/08/2025,493
1617,,,2,25/07/2025,27,21/08/2025,490
1617,,,2,25/07/2025,28,22/08/2025,628
1617,,,2,25/07/2025,29,23/08/2025,599
1617,,,2,25/07/2025,30,24/08/2025,464
1617,,,2,25/07/2025,31,25/08/2025,502
1617,,,2,25/07/2025,32,26/08/2025,699
1617,,,2,25/07/2025,33,27/08/2025,507
1617,,,2,25/07/2025,34,28/08/2025,600
1617,,,2,25/07/2025,35,29/08/2025,593
1617,,,2,25/07/2025,36,30/08/2025,598
1617,,,2,25/07/2025,37,31/08/2025,596
1617,,,2,25/07/2025,38,01/09/2025,644
1617,,,2,25/07/2025,39,02/09/2025,605
1617,,,2,25/07/2025,40,03/09/2025,619
1617,,,2,25/07/2025,41,04/09/2025,627
1617,,,2,25/07/2025,42,05/09/2025,568
1617,,,2,25/07/2025,43,06/09/2025,613
1617,,,2,25/07/2025,44,07/09/2025,600
1617,,,2,25/07/2025,45,08/09/2025,431
1617,,,2,25/07/2025,46,09/09/2025,666
1617,,,2,25/07/2025,47,10/09/2025,578
1617,,,2,25/07/2025,48,11/09/2025,342
1617,,,2,25/07/2025,49,12/09/2025,549
1617,,,2,25/07/2025,50,13/09/2025,597
1617,,,2,25/07/2025,51,14/09/2025,525
1617,,,2,25/07/2025,52,15/09/2025,539
1617,,,2,25/07/2025,53,16/09/2025,535
1617,,,2,25/07/2025,54,17/09/2025,493
1617,,,2,25/07/2025,55,18/09/2025,541
1617,,,2,25/07/2025,56,19/09/2025,525
1617,,,2,25/07/2025,57,20/09/2025,371
1617,,,2,25/07/2025,58,21/09/2025,506
1617,,,2,25/07/2025,59,22/09/2025,178
1617,,,2,25/07/2025,60,23/09/2025,0
1617,,,2,25/07/2025,61,24/09/2025,0
1617,,,2,25/07/2025,62,25/09/2025,
6050,,,2,24/07/2025,,27/06/2025,
6050,,,2,24/07/2025,,28/06/2025,
6050,,,2,24/07/2025,,29/06/2025,
6050,,,2,24/07/2025,,30/06/2025,
6050,,,2,24/07/2025,,01/07/2025,
6050,,,2,24/07/2025,,02/07/2025,
6050,,,2,24/07/2025,,03/07/2025,
6050,,,2,24/07/2025,,04/07/2025,
6050,,,2,24/07/2025,,05/07/2025,
6050,,,2,24/07/2025,,06/07/2025,
6050,,,2,24/07/2025,,07/07/2025,279
6050,,,2,24/07/2025,,08/07/2025,499
6050,,,2,24/07/2025,,09/07/2025,510
6050,,,2,24/07/2025,,10/07/2025,466
6050,,,2,24/07/2025,,11/07/2025,546
6050,,,2,24/07/2025,,12/07/2025,575
6050,,,2,24/07/2025,,13/07/2025,612
6050,,,2,24/07/2025,,14/07/2025,377
6050,,,2,24/07/2025,,15/07/2025,578
6050,,,2,24/07/2025,,16/07/2025,462
6050,,,2,24/07/2025,,17/07/2025,486
6050,,,2,24/07/2025,,18/07/2025,506
6050,,,2,24/07/2025,,19/07/2025,483
6050,,,2,24/07/2025,,20/07/2025,475
6050,,,2,24/07/2025,,21/07/2025,525
6050,,,2,24/07/2025,,22/07/2025,450
6050,,,2,24/07/2025,,23/07/2025,475
6050,,,2,24/07/2025,,24/07/2025,328
6050,,,2,24/07/2025,1,25/07/2025,270
6050,,,2,24/07/2025,2,26/07/2025,324
6050,,,2,24/07/2025,3,27/07/2025,512
6050,,,2,24/07/2025,4,28/07/2025,327
6050,,,2,24/07/2025,5,29/07/2025,398
6050,,,2,24/07/2025,6,30/07/2025,430
6050,,,2,24/07/2025,7,31/07/2025,476
6050,,,2,24/07/2025,8,01/08/2025,522
6050,,,2,24/07/2025,9,02/08/2025,489
6050,,,2,24/07/2025,10,03/08/2025,536
6050,,,2,24/07/2025,11,04/08/2025,509
6050,,,2,24/07/2025,12,05/08/2025,574
6050,,,2,24/07/2025,13,06/08/2025,458
6050,,,2,24/07/2025,14,07/08/2025,525
6050,,,2,24/07/2025,15,08/08/2025,532
6050,,,2,24/07/2025,16,09/08/2025,596
6050,,,2,24/07/2025,17,10/08/2025,582
6050,,,2,24/07/2025,18,11/08/2025,631
6050,,,2,24/07/2025,19,12/08/2025,502
6050,,,2,24/07/2025,20,13/08/2025,626
6050,,,2,24/07/2025,21,14/08/2025,544
6050,,,2,24/07/2025,22,15/08/2025,451
6050,,,2,24/07/2025,23,16/08/2025,682
6050,,,2,24/07/2025,24,17/08/2025,571
6050,,,2,24/07/2025,25,18/08/2025,630
6050,,,2,24/07/2025,26,19/08/2025,637
6050,,,2,24/07/2025,27,20/08/2025,494
6050,,,2,24/07/2025,28,21/08/2025,433
6050,,,2,24/07/2025,29,22/08/2025,634
6050,,,2,24/07/2025,30,23/08/2025,567
6050,,,2,24/07/2025,31,24/08/2025,550
6050,,,2,24/07/2025,32,25/08/2025,582
6050,,,2,24/07/2025,33,26/08/2025,560
6050,,,2,24/07/2025,34,27/08/2025,587
6050,,,2,24/07/2025,35,28/08/2025,518
6050,,,2,24/07/2025,36,29/08/2025,625
6050,,,2,24/07/2025,37,30/08/2025,509
6050,,,2,24/07/2025,38,31/08/2025,547
6050,,,2,24/07/2025,39,01/09/2025,647
6050,,,2,24/07/2025,40,02/09/2025,602
6050,,,2,24/07/2025,41,03/09/2025,503
6050,,,2,24/07/2025,42,04/09/2025,578
6050,,,2,24/07/2025,43,05/09/2025,545
6050,,,2,24/07/2025,44,06/09/2025,590
6050,,,2,24/07/2025,45,07/09/2025,590
6050,,,2,24/07/2025,46,08/09/2025,477
6050,,,2,24/07/2025,47,09/09/2025,540
6050,,,2,24/07/2025,48,10/09/2025,712
6050,,,2,24/07/2025,49,11/09/2025,482
6050,,,2,24/07/2025,50,12/09/2025,591
6050,,,2,24/07/2025,51,13/09/2025,649
6050,,,2,24/07/2025,52,14/09/2025,588
6050,,,2,24/07/2025,53,15/09/2025,500
6050,,,2,24/07/2025,54,16/09/2025,567
6050,,,2,24/07/2025,55,17/09/2025,540
6050,,,2,24/07/2025,56,18/09/2025,536
6050,,,2,24/07/2025,57,19/09/2025,637
6050,,,2,24/07/2025,58,20/09/2025,625
6050,,,2,24/07/2025,59,21/09/2025,599
6050,,,2,24/07/2025,60,22/09/2025,289
6050,,,2,24/07/2025,61,23/09/2025,0
6050,,,2,24/07/2025,62,24/09/2025,0
6050,,,2,24/07/2025,63,25/09/2025,
1567,,,100,05/11/2024,234,27/06/2025,
1567,,,100,05/11/2024,235,28/06/2025,532
1567,,,100,05/11/2024,236,29/06/2025,574
1567,,,100,05/11/2024,237,30/06/2025,621
1567,,,100,05/11/2024,238,01/07/2025,567
1567,,,100,05/11/2024,239,02/07/2025,578
1567,,,100,05/11/2024,240,03/07/2025,519
1567,,,100,05/11/2024,241,04/07/2025,575
1567,,,100,05/11/2024,242,05/07/2025,587
1567,,,100,05/11/2024,243,06/07/2025,550
1567,,,100,05/11/2024,244,07/07/2025,590
1567,,,100,05/11/2024,245,08/07/2025,582
1567,,,100,05/11/2024,246,09/07/2025,519
1567,,,100,05/11/2024,247,10/07/2025,581
1567,,,100,05/11/2024,248,11/07/2025,528
1567,,,100,05/11/2024,249,12/07/2025,648
1567,,,100,05/11/2024,250,13/07/2025,553
1567,,,100,05/11/2024,251,14/07/2025,533
1567,,,100,05/11/2024,252,15/07/2025,464
1567,,,100,05/11/2024,253,16/07/2025,532
1567,,,100,05/11/2024,254,17/07/2025,515
1567,,,100,05/11/2024,255,18/07/2025,604
1567,,,100,05/11/2024,256,19/07/2025,496
1567,,,100,05/11/2024,257,20/07/2025,614
1567,,,100,05/11/2024,258,21/07/2025,704
1567,,,100,05/11/2024,259,22/07/2025,485
1567,,,100,05/11/2024,260,23/07/2025,561
1567,,,100,05/11/2024,261,24/07/2025,690
1567,,,100,05/11/2024,262,25/07/2025,508
1567,,,100,05/11/2024,263,26/07/2025,445
1567,,,100,05/11/2024,264,27/07/2025,563
1567,,,100,05/11/2024,265,28/07/2025,534
1567,,,100,05/11/2024,266,29/07/2025,507
1567,,,100,05/11/2024,267,30/07/2025,564
1567,,,100,05/11/2024,268,31/07/2025,527
1567,,,100,05/11/2024,269,01/08/2025,645
1567,,,100,05/11/2024,270,02/08/2025,622
1567,,,100,05/11/2024,271,03/08/2025,559
1567,,,100,05/11/2024,272,04/08/2025,668
1567,,,100,05/11/2024,273,05/08/2025,491
1567,,,100,05/11/2024,274,06/08/2025,701
1567,,,100,05/11/2024,275,07/08/2025,460
1567,,,100,05/11/2024,276,08/08/2025,573
1567,,,100,05/11/2024,277,09/08/2025,692
1567,,,100,05/11/2024,278,10/08/2025,469
1567,,,100,05/11/2024,279,11/08/2025,628
1567,,,100,05/11/2024,280,12/08/2025,551
1567,,,100,05/11/2024,281,13/08/2025,702
1567,,,100,05/11/2024,282,14/08/2025,477
1567,,,100,05/11/2024,283,15/08/2025,485
1567,,,100,05/11/2024,284,16/08/2025,788
1567,,,100,05/11/2024,285,17/08/2025,581
1567,,,100,05/11/2024,286,18/08/2025,668
1567,,,100,05/11/2024,287,19/08/2025,558
1567,,,100,05/11/2024,288,20/08/2025,493
1567,,,100,05/11/2024,289,21/08/2025,431
1567,,,100,05/11/2024,290,22/08/2025,508
1567,,,100,05/11/2024,291,23/08/2025,619
1567,,,100,05/11/2024,292,24/08/2025,531
1567,,,100,05/11/2024,293,25/08/2025,406
1567,,,100,05/11/2024,294,26/08/2025,387
1567,,,100,05/11/2024,295,27/08/2025,475
1567,,,100,05/11/2024,296,28/08/2025,598
1567,,,100,05/11/2024,297,29/08/2025,481
1567,,,100,05/11/2024,298,30/08/2025,356
1567,,,100,05/11/2024,299,31/08/2025,314
1567,,,100,05/11/2024,300,01/09/2025,292
1567,,,100,05/11/2024,301,02/09/2025,379
1567,,,100,05/11/2024,302,03/09/2025,352
1567,,,100,05/11/2024,303,04/09/2025,451
1567,,,100,05/11/2024,304,05/09/2025,540
1567,,,100,05/11/2024,305,06/09/2025,511
1567,,,100,05/11/2024,306,07/09/2025,464
1567,,,100,05/11/2024,307,08/09/2025,532
1567,,,100,05/11/2024,308,09/09/2025,572
1567,,,100,05/11/2024,309,10/09/2025,603
1567,,,100,05/11/2024,310,11/09/2025,466
1567,,,100,05/11/2024,311,12/09/2025,513
1567,,,100,05/11/2024,312,13/09/2025,470
1567,,,100,05/11/2024,313,14/09/2025,523
1567,,,100,05/11/2024,314,15/09/2025,331
1567,,,100,05/11/2024,315,16/09/2025,377
1567,,,100,05/11/2024,316,17/09/2025,348
1567,,,100,05/11/2024,317,18/09/2025,499
1567,,,100,05/11/2024,318,19/09/2025,512
1567,,,100,05/11/2024,319,20/09/2025,557
1567,,,100,05/11/2024,320,21/09/2025,656
1567,,,100,05/11/2024,321,22/09/2025,278
1567,,,100,05/11/2024,322,23/09/2025,40
1567,,,100,05/11/2024,323,24/09/2025,0
1567,,,100,05/11/2024,324,25/09/2025,
1638,,,100,07/08/2024,324,27/06/2025,
1638,,,100,07/08/2024,325,28/06/2025,531
1638,,,100,07/08/2024,326,29/06/2025,595
1638,,,100,07/08/2024,327,30/06/2025,614
1638,,,100,07/08/2024,328,01/07/2025,618
1638,,,100,07/08/2024,329,02/07/2025,526
1638,,,100,07/08/2024,330,03/07/2025,604
1638,,,100,07/08/2024,331,04/07/2025,546
1638,,,100,07/08/2024,332,05/07/2025,547
1638,,,100,07/08/2024,333,06/07/2025,580
1638,,,100,07/08/2024,334,07/07/2025,550
1638,,,100,07/08/2024,335,08/07/2025,559
1638,,,100,07/08/2024,336,09/07/2025,505
1638,,,100,07/08/2024,337,10/07/2025,490
1638,,,100,07/08/2024,338,11/07/2025,489
1638,,,100,07/08/2024,339,12/07/2025,597
1638,,,100,07/08/2024,340,13/07/2025,603
1638,,,100,07/08/2024,341,14/07/2025,397
1638,,,100,07/08/2024,342,15/07/2025,587
1638,,,100,07/08/2024,343,16/07/2025,575
1638,,,100,07/08/2024,344,17/07/2025,635
1638,,,100,07/08/2024,345,18/07/2025,453
1638,,,100,07/08/2024,346,19/07/2025,601
1638,,,100,07/08/2024,347,20/07/2025,518
1638,,,100,07/08/2024,348,21/07/2025,608
1638,,,100,07/08/2024,349,22/07/2025,574
1638,,,100,07/08/2024,350,23/07/2025,412
1638,,,100,07/08/2024,351,24/07/2025,499
1638,,,100,07/08/2024,352,25/07/2025,480
1638,,,100,07/08/2024,353,26/07/2025,444
1638,,,100,07/08/2024,354,27/07/2025,518
1638,,,100,07/08/2024,355,28/07/2025,503
1638,,,100,07/08/2024,356,29/07/2025,637
1638,,,100,07/08/2024,357,30/07/2025,540
1638,,,100,07/08/2024,358,31/07/2025,460
1638,,,100,07/08/2024,359,01/08/2025,611
1638,,,100,07/08/2024,360,02/08/2025,558
1638,,,100,07/08/2024,361,03/08/2025,374
1638,,,100,07/08/2024,362,04/08/2025,458
1638,,,100,07/08/2024,363,05/08/2025,561
1638,,,100,07/08/2024,364,06/08/2025,460
1638,,,100,07/08/2024,365,07/08/2025,384
1638,,,100,07/08/2024,366,08/08/2025,675
1638,,,100,07/08/2024,367,09/08/2025,567
1638,,,100,07/08/2024,368,10/08/2025,456
1638,,,100,07/08/2024,369,11/08/2025,537
1638,,,100,07/08/2024,370,12/08/2025,330
1638,,,100,07/08/2024,371,13/08/2025,627
1638,,,100,07/08/2024,372,14/08/2025,497
1638,,,100,07/08/2024,373,15/08/2025,523
1638,,,100,07/08/2024,374,16/08/2025,527
1638,,,100,07/08/2024,375,17/08/2025,322
1638,,,100,07/08/2024,376,18/08/2025,597
1638,,,100,07/08/2024,377,19/08/2025,644
1638,,,100,07/08/2024,378,20/08/2025,513
1638,,,100,07/08/2024,379,21/08/2025,439
1638,,,100,07/08/2024,380,22/08/2025,310
1638,,,100,07/08/2024,381,23/08/2025,549
1638,,,100,07/08/2024,382,24/08/2025,463
1638,,,100,07/08/2024,383,25/08/2025,340
1638,,,100,07/08/2024,384,26/08/2025,594
1638,,,100,07/08/2024,385,27/08/2025,406
1638,,,100,07/08/2024,386,28/08/2025,448
1638,,,100,07/08/2024,387,29/08/2025,536
1638,,,100,07/08/2024,388,30/08/2025,490
1638,,,100,07/08/2024,389,31/08/2025,390
1638,,,100,07/08/2024,390,01/09/2025,572
1638,,,100,07/08/2024,391,02/09/2025,580
1638,,,100,07/08/2024,392,03/09/2025,461
1638,,,100,07/08/2024,393,04/09/2025,553
1638,,,100,07/08/2024,394,05/09/2025,530
1638,,,100,07/08/2024,395,06/09/2025,575
1638,,,100,07/08/2024,396,07/09/2025,495
1638,,,100,07/08/2024,397,08/09/2025,510
1638,,,100,07/08/2024,398,09/09/2025,596
1638,,,100,07/08/2024,399,10/09/2025,464
1638,,,100,07/08/2024,400,11/09/2025,418
1638,,,100,07/08/2024,401,12/09/2025,568
1638,,,100,07/08/2024,402,13/09/2025,504
1638,,,100,07/08/2024,403,14/09/2025,336
1638,,,100,07/08/2024,404,15/09/2025,288
1638,,,100,07/08/2024,405,16/09/2025,335
1638,,,100,07/08/2024,406,17/09/2025,330
1638,,,100,07/08/2024,407,18/09/2025,503
1638,,,100,07/08/2024,408,19/09/2025,394
1638,,,100,07/08/2024,409,20/09/2025,486
1638,,,100,07/08/2024,410,21/09/2025,461
1638,,,100,07/08/2024,411,22/09/2025,227
1638,,,100,07/08/2024,412,23/09/2025,0
1638,,,100,07/08/2024,413,24/09/2025,0
1638,,,100,07/08/2024,414,25/09/2025,
1204,,,100,06/05/2024,417,27/06/2025,
1204,,,100,06/05/2024,418,28/06/2025,657
1204,,,100,06/05/2024,419,29/06/2025,495
1204,,,100,06/05/2024,420,30/06/2025,549
1204,,,100,06/05/2024,421,01/07/2025,566
1204,,,100,06/05/2024,422,02/07/2025,593
1204,,,100,06/05/2024,423,03/07/2025,602
1204,,,100,06/05/2024,424,04/07/2025,665
1204,,,100,06/05/2024,425,05/07/2025,556
1204,,,100,06/05/2024,426,06/07/2025,468
1204,,,100,06/05/2024,427,07/07/2025,551
1204,,,100,06/05/2024,428,08/07/2025,540
1204,,,100,06/05/2024,429,09/07/2025,516
1204,,,100,06/05/2024,430,10/07/2025,625
1204,,,100,06/05/2024,431,11/07/2025,415
1204,,,100,06/05/2024,432,12/07/2025,655
1204,,,100,06/05/2024,433,13/07/2025,576
1204,,,100,06/05/2024,434,14/07/2025,568
1204,,,100,06/05/2024,435,15/07/2025,407
1204,,,100,06/05/2024,436,16/07/2025,337
1204,,,100,06/05/2024,437,17/07/2025,433
1204,,,100,06/05/2024,438,18/07/2025,524
1204,,,100,06/05/2024,439,19/07/2025,433
1204,,,100,06/05/2024,440,20/07/2025,447
1204,,,100,06/05/2024,441,21/07/2025,613
1204,,,100,06/05/2024,442,22/07/2025,477
1204,,,100,06/05/2024,443,23/07/2025,536
1204,,,100,06/05/2024,444,24/07/2025,395
1204,,,100,06/05/2024,445,25/07/2025,622
1204,,,100,06/05/2024,446,26/07/2025,546
1204,,,100,06/05/2024,447,27/07/2025,418
1204,,,100,06/05/2024,448,28/07/2025,496
1204,,,100,06/05/2024,449,29/07/2025,419
1204,,,100,06/05/2024,450,30/07/2025,605
1204,,,100,06/05/2024,451,31/07/2025,555
1204,,,100,06/05/2024,452,01/08/2025,480
1204,,,100,06/05/2024,453,02/08/2025,566
1204,,,100,06/05/2024,454,03/08/2025,541
1204,,,100,06/05/2024,455,04/08/2025,566
1204,,,100,06/05/2024,456,05/08/2025,426
1204,,,100,06/05/2024,457,06/08/2025,531
1204,,,100,06/05/2024,458,07/08/2025,474
1204,,,100,06/05/2024,459,08/08/2025,423
1204,,,100,06/05/2024,460,09/08/2025,500
1204,,,100,06/05/2024,461,10/08/2025,613
1204,,,100,06/05/2024,462,11/08/2025,562
1204,,,100,06/05/2024,463,12/08/2025,632
1204,,,100,06/05/2024,464,13/08/2025,504
1204,,,100,06/05/2024,465,14/08/2025,596
1204,,,100,06/05/2024,466,15/08/2025,548
1204,,,100,06/05/2024,467,16/08/2025,605
1204,,,100,06/05/2024,468,17/08/2025,522
1204,,,100,06/05/2024,469,18/08/2025,603
1204,,,100,06/05/2024,470,19/08/2025,430
1204,,,100,06/05/2024,471,20/08/2025,581
1204,,,100,06/05/2024,472,21/08/2025,535
1204,,,100,06/05/2024,473,22/08/2025,431
1204,,,100,06/05/2024,474,23/08/2025,549
1204,,,100,06/05/2024,475,24/08/2025,485
1204,,,100,06/05/2024,476,25/08/2025,375
1204,,,100,06/05/2024,477,26/08/2025,527
1204,,,100,06/05/2024,478,27/08/2025,449
1204,,,100,06/05/2024,479,28/08/2025,441
1204,,,100,06/05/2024,480,29/08/2025,457
1204,,,100,06/05/2024,481,30/08/2025,452
1204,,,100,06/05/2024,482,31/08/2025,371
1204,,,100,06/05/2024,483,01/09/2025,475
1204,,,100,06/05/2024,484,02/09/2025,457
1204,,,100,06/05/2024,485,03/09/2025,415
1204,,,100,06/05/2024,486,04/09/2025,454
1204,,,100,06/05/2024,487,05/09/2025,583
1204,,,100,06/05/2024,488,06/09/2025,525
1204,,,100,06/05/2024,489,07/09/2025,459
1204,,,100,06/05/2024,490,08/09/2025,578
1204,,,100,06/05/2024,491,09/09/2025,452
1204,,,100,06/05/2024,492,10/09/2025,532
1204,,,100,06/05/2024,493,11/09/2025,466
1204,,,100,06/05/2024,494,12/09/2025,530
1204,,,100,06/05/2024,495,13/09/2025,484
1204,,,100,06/05/2024,496,14/09/2025,504
1204,,,100,06/05/2024,497,15/09/2025,289
1204,,,100,06/05/2024,498,16/09/2025,345
1204,,,100,06/05/2024,499,17/09/2025,363
1204,,,100,06/05/2024,500,18/09/2025,575
1204,,,100,06/05/2024,501,19/09/2025,496
1204,,,100,06/05/2024,502,20/09/2025,551
1204,,,100,06/05/2024,503,21/09/2025,536
1204,,,100,06/05/2024,504,22/09/2025,249
1204,,,100,06/05/2024,505,23/09/2025,11
1204,,,100,06/05/2024,506,24/09/2025,89
1204,,,100,06/05/2024,507,25/09/2025,
6161,,,100,18/09/2024,282,27/06/2025,
6161,,,100,18/09/2024,283,28/06/2025,473
6161,,,100,18/09/2024,284,29/06/2025,624
6161,,,100,18/09/2024,285,30/06/2025,503
6161,,,100,18/09/2024,286,01/07/2025,595
6161,,,100,18/09/2024,287,02/07/2025,568
6161,,,100,18/09/2024,288,03/07/2025,652
6161,,,100,18/09/2024,289,04/07/2025,576
6161,,,100,18/09/2024,290,05/07/2025,578
6161,,,100,18/09/2024,291,06/07/2025,597
6161,,,100,18/09/2024,292,07/07/2025,646
6161,,,100,18/09/2024,293,08/07/2025,455
6161,,,100,18/09/2024,294,09/07/2025,616
6161,,,100,18/09/2024,295,10/07/2025,626
6161,,,100,18/09/2024,296,11/07/2025,408
6161,,,100,18/09/2024,297,12/07/2025,613
6161,,,100,18/09/2024,298,13/07/2025,485
6161,,,100,18/09/2024,299,14/07/2025,514
6161,,,100,18/09/2024,300,15/07/2025,499
6161,,,100,18/09/2024,301,16/07/2025,385
6161,,,100,18/09/2024,302,17/07/2025,577
6161,,,100,18/09/2024,303,18/07/2025,563
6161,,,100,18/09/2024,304,19/07/2025,495
6161,,,100,18/09/2024,305,20/07/2025,526
6161,,,100,18/09/2024,306,21/07/2025,505
6161,,,100,18/09/2024,307,22/07/2025,529
6161,,,100,18/09/2024,308,23/07/2025,532
6161,,,100,18/09/2024,309,24/07/2025,612
6161,,,100,18/09/2024,310,25/07/2025,457
6161,,,100,18/09/2024,311,26/07/2025,527
6161,,,100,18/09/2024,312,27/07/2025,550
6161,,,100,18/09/2024,313,28/07/2025,613
6161,,,100,18/09/2024,314,29/07/2025,476
6161,,,100,18/09/2024,315,30/07/2025,494
6161,,,100,18/09/2024,316,31/07/2025,591
6161,,,100,18/09/2024,317,01/08/2025,554
6161,,,100,18/09/2024,318,02/08/2025,560
6161,,,100,18/09/2024,319,03/08/2025,485
6161,,,100,18/09/2024,320,04/08/2025,555
6161,,,100,18/09/2024,321,05/08/2025,630
6161,,,100,18/09/2024,322,06/08/2025,498
6161,,,100,18/09/2024,323,07/08/2025,544
6161,,,100,18/09/2024,324,08/08/2025,481
6161,,,100,18/09/2024,325,09/08/2025,584
6161,,,100,18/09/2024,326,10/08/2025,553
6161,,,100,18/09/2024,327,11/08/2025,599
6161,,,100,18/09/2024,328,12/08/2025,512
6161,,,100,18/09/2024,329,13/08/2025,514
6161,,,100,18/09/2024,330,14/08/2025,676
6161,,,100,18/09/2024,331,15/08/2025,506
6161,,,100,18/09/2024,332,16/08/2025,639
6161,,,100,18/09/2024,333,17/08/2025,556
6161,,,100,18/09/2024,334,18/08/2025,528
6161,,,100,18/09/2024,335,19/08/2025,542
6161,,,100,18/09/2024,336,20/08/2025,641
6161,,,100,18/09/2024,337,21/08/2025,530
6161,,,100,18/09/2024,338,22/08/2025,439
6161,,,100,18/09/2024,339,23/08/2025,609
6161,,,100,18/09/2024,340,24/08/2025,607
6161,,,100,18/09/2024,341,25/08/2025,504
6161,,,100,18/09/2024,342,26/08/2025,465
6161,,,100,18/09/2024,343,27/08/2025,495
6161,,,100,18/09/2024,344,28/08/2025,543
6161,,,100,18/09/2024,345,29/08/2025,509
6161,,,100,18/09/2024,346,30/08/2025,458
6161,,,100,18/09/2024,347,31/08/2025,533
6161,,,100,18/09/2024,348,01/09/2025,520
6161,,,100,18/09/2024,349,02/09/2025,472
6161,,,100,18/09/2024,350,03/09/2025,484
6161,,,100,18/09/2024,351,04/09/2025,451
6161,,,100,18/09/2024,352,05/09/2025,552
6161,,,100,18/09/2024,353,06/09/2025,623
6161,,,100,18/09/2024,354,07/09/2025,480
6161,,,100,18/09/2024,355,08/09/2025,529
6161,,,100,18/09/2024,356,09/09/2025,532
6161,,,100,18/09/2024,357,10/09/2025,515
6161,,,100,18/09/2024,358,11/09/2025,508
6161,,,100,18/09/2024,359,12/09/2025,533
6161,,,100,18/09/2024,360,13/09/2025,562
6161,,,100,18/09/2024,361,14/09/2025,462
6161,,,100,18/09/2024,362,15/09/2025,417
6161,,,100,18/09/2024,363,16/09/2025,394
6161,,,100,18/09/2024,364,17/09/2025,410
6161,,,100,18/09/2024,365,18/09/2025,589
6161,,,100,18/09/2024,366,19/09/2025,619
6161,,,100,18/09/2024,367,20/09/2025,644
6161,,,100,18/09/2024,368,21/09/2025,621
6161,,,100,18/09/2024,369,22/09/2025,298
6161,,,100,18/09/2024,370,23/09/2025,0
6161,,,100,18/09/2024,371,24/09/2025,0
6161,,,100,18/09/2024,372,25/09/2025,
8755,,,100,10/01/2025,168,27/06/2025,
8755,,,100,10/01/2025,169,28/06/2025,568
8755,,,100,10/01/2025,170,29/06/2025,412
8755,,,100,10/01/2025,171,30/06/2025,477
8755,,,100,10/01/2025,172,01/07/2025,398
8755,,,100,10/01/2025,173,02/07/2025,604
8755,,,100,10/01/2025,174,03/07/2025,480
8755,,,100,10/01/2025,175,04/07/2025,523
8755,,,100,10/01/2025,176,05/07/2025,499
8755,,,100,10/01/2025,177,06/07/2025,500
8755,,,100,10/01/2025,178,07/07/2025,443
8755,,,100,10/01/2025,179,08/07/2025,505
8755,,,100,10/01/2025,180,09/07/2025,418
8755,,,100,10/01/2025,181,10/07/2025,549
8755,,,100,10/01/2025,182,11/07/2025,411
8755,,,100,10/01/2025,183,12/07/2025,390
8755,,,100,10/01/2025,184,13/07/2025,563
8755,,,100,10/01/2025,185,14/07/2025,377
8755,,,100,10/01/2025,186,15/07/2025,592
8755,,,100,10/01/2025,187,16/07/2025,264
8755,,,100,10/01/2025,188,17/07/2025,556
8755,,,100,10/01/2025,189,18/07/2025,480
8755,,,100,10/01/2025,190,19/07/2025,530
8755,,,100,10/01/2025,191,20/07/2025,412
8755,,,100,10/01/2025,192,21/07/2025,413
8755,,,100,10/01/2025,193,22/07/2025,553
8755,,,100,10/01/2025,194,23/07/2025,416
8755,,,100,10/01/2025,195,24/07/2025,505
8755,,,100,10/01/2025,196,25/07/2025,500
8755,,,100,10/01/2025,197,26/07/2025,447
8755,,,100,10/01/2025,198,27/07/2025,406
8755,,,100,10/01/2025,199,28/07/2025,399
8755,,,100,10/01/2025,200,29/07/2025,425
8755,,,100,10/01/2025,201,30/07/2025,510
8755,,,100,10/01/2025,202,31/07/2025,442
8755,,,100,10/01/2025,203,01/08/2025,450
8755,,,100,10/01/2025,204,02/08/2025,513
8755,,,100,10/01/2025,205,03/08/2025,335
8755,,,100,10/01/2025,206,04/08/2025,537
8755,,,100,10/01/2025,207,05/08/2025,341
8755,,,100,10/01/2025,208,06/08/2025,411
8755,,,100,10/01/2025,209,07/08/2025,479
8755,,,100,10/01/2025,210,08/08/2025,470
8755,,,100,10/01/2025,211,09/08/2025,497
8755,,,100,10/01/2025,212,10/08/2025,464
8755,,,100,10/01/2025,213,11/08/2025,523
8755,,,100,10/01/2025,214,12/08/2025,563
8755,,,100,10/01/2025,215,13/08/2025,544
8755,,,100,10/01/2025,216,14/08/2025,517
8755,,,100,10/01/2025,217,15/08/2025,539
8755,,,100,10/01/2025,218,16/08/2025,428
8755,,,100,10/01/2025,219,17/08/2025,462
8755,,,100,10/01/2025,220,18/08/2025,425
8755,,,100,10/01/2025,221,19/08/2025,520
8755,,,100,10/01/2025,222,20/08/2025,568
8755,,,100,10/01/2025,223,21/08/2025,430
8755,,,100,10/01/2025,224,22/08/2025,563
8755,,,100,10/01/2025,225,23/08/2025,545
8755,,,100,10/01/2025,226,24/08/2025,558
8755,,,100,10/01/2025,227,25/08/2025,406
8755,,,100,10/01/2025,228,26/08/2025,549
8755,,,100,10/01/2025,229,27/08/2025,432
8755,,,100,10/01/2025,230,28/08/2025,583
8755,,,100,10/01/2025,231,29/08/2025,378
8755,,,100,10/01/2025,232,30/08/2025,456
8755,,,100,10/01/2025,233,31/08/2025,364
8755,,,100,10/01/2025,234,01/09/2025,410
8755,,,100,10/01/2025,235,02/09/2025,368
8755,,,100,10/01/2025,236,03/09/2025,411
8755,,,100,10/01/2025,237,04/09/2025,417
8755,,,100,10/01/2025,238,05/09/2025,512
8755,,,100,10/01/2025,239,06/09/2025,511
8755,,,100,10/01/2025,240,07/09/2025,465
8755,,,100,10/01/2025,241,08/09/2025,496
8755,,,100,10/01/2025,242,09/09/2025,480
8755,,,100,10/01/2025,243,10/09/2025,566
8755,,,100,10/01/2025,244,11/09/2025,380
8755,,,100,10/01/2025,245,12/09/2025,387
8755,,,100,10/01/2025,246,13/09/2025,473
8755,,,100,10/01/2025,247,14/09/2025,415
8755,,,100,10/01/2025,248,15/09/2025,309
8755,,,100,10/01/2025,249,16/09/2025,329
8755,,,100,10/01/2025,250,17/09/2025,300
8755,,,100,10/01/2025,251,18/09/2025,486
8755,,,100,10/01/2025,252,19/09/2025,368
8755,,,100,10/01/2025,253,20/09/2025,537
8755,,,100,10/01/2025,254,21/09/2025,586
8755,,,100,10/01/2025,255,22/09/2025,205
8755,,,100,10/01/2025,256,23/09/2025,0
8755,,,100,10/01/2025,257,24/09/2025,0
8755,,,100,10/01/2025,258,25/09/2025,
6226,,,100,17/08/2024,314,27/06/2025,
6226,,,100,17/08/2024,315,28/06/2025,547
6226,,,100,17/08/2024,316,29/06/2025,618
6226,,,100,17/08/2024,317,30/06/2025,627
6226,,,100,17/08/2024,318,01/07/2025,583
6226,,,100,17/08/2024,319,02/07/2025,554
6226,,,100,17/08/2024,320,03/07/2025,627
6226,,,100,17/08/2024,321,04/07/2025,598
6226,,,100,17/08/2024,322,05/07/2025,500
6226,,,100,17/08/2024,323,06/07/2025,683
6226,,,100,17/08/2024,324,07/07/2025,573
6226,,,100,17/08/2024,325,08/07/2025,541
6226,,,100,17/08/2024,326,09/07/2025,551
6226,,,100,17/08/2024,327,10/07/2025,552
6226,,,100,17/08/2024,328,11/07/2025,620
6226,,,100,17/08/2024,329,12/07/2025,567
6226,,,100,17/08/2024,330,13/07/2025,511
6226,,,100,17/08/2024,331,14/07/2025,536
6226,,,100,17/08/2024,332,15/07/2025,540
6226,,,100,17/08/2024,333,16/07/2025,389
6226,,,100,17/08/2024,334,17/07/2025,478
6226,,,100,17/08/2024,335,18/07/2025,495
6226,,,100,17/08/2024,336,19/07/2025,569
6226,,,100,17/08/2024,337,20/07/2025,564
6226,,,100,17/08/2024,338,21/07/2025,649
6226,,,100,17/08/2024,339,22/07/2025,328
6226,,,100,17/08/2024,340,23/07/2025,627
6226,,,100,17/08/2024,341,24/07/2025,421
6226,,,100,17/08/2024,342,25/07/2025,445
6226,,,100,17/08/2024,343,26/07/2025,582
6226,,,100,17/08/2024,344,27/07/2025,591
6226,,,100,17/08/2024,345,28/07/2025,596
6226,,,100,17/08/2024,346,29/07/2025,594
6226,,,100,17/08/2024,347,30/07/2025,510
6226,,,100,17/08/2024,348,31/07/2025,526
6226,,,100,17/08/2024,349,01/08/2025,560
6226,,,100,17/08/2024,350,02/08/2025,596
6226,,,100,17/08/2024,351,03/08/2025,503
6226,,,100,17/08/2024,352,04/08/2025,537
6226,,,100,17/08/2024,353,05/08/2025,622
6226,,,100,17/08/2024,354,06/08/2025,475
6226,,,100,17/08/2024,355,07/08/2025,586
6226,,,100,17/08/2024,356,08/08/2025,549
6226,,,100,17/08/2024,357,09/08/2025,497
6226,,,100,17/08/2024,358,10/08/2025,552
6226,,,100,17/08/2024,359,11/08/2025,427
6226,,,100,17/08/2024,360,12/08/2025,541
6226,,,100,17/08/2024,361,13/08/2025,635
6226,,,100,17/08/2024,362,14/08/2025,523
6226,,,100,17/08/2024,363,15/08/2025,595
6226,,,100,17/08/2024,364,16/08/2025,533
6226,,,100,17/08/2024,365,17/08/2025,593
6226,,,100,17/08/2024,366,18/08/2025,572
6226,,,100,17/08/2024,367,19/08/2025,531
6226,,,100,17/08/2024,368,20/08/2025,518
6226,,,100,17/08/2024,369,21/08/2025,531
6226,,,100,17/08/2024,370,22/08/2025,494
6226,,,100,17/08/2024,371,23/08/2025,639
6226,,,100,17/08/2024,372,24/08/2025,586
6226,,,100,17/08/2024,373,25/08/2025,599
6226,,,100,17/08/2024,374,26/08/2025,563
6226,,,100,17/08/2024,375,27/08/2025,474
6226,,,100,17/08/2024,376,28/08/2025,652
6226,,,100,17/08/2024,377,29/08/2025,546
6226,,,100,17/08/2024,378,30/08/2025,645
6226,,,100,17/08/2024,379,31/08/2025,495
6226,,,100,17/08/2024,380,01/09/2025,449
6226,,,100,17/08/2024,381,02/09/2025,438
6226,,,100,17/08/2024,382,03/09/2025,473
6226,,,100,17/08/2024,383,04/09/2025,579
6226,,,100,17/08/2024,384,05/09/2025,543
6226,,,100,17/08/2024,385,06/09/2025,564
6226,,,100,17/08/2024,386,07/09/2025,436
6226,,,100,17/08/2024,387,08/09/2025,529
6226,,,100,17/08/2024,388,09/09/2025,571
6226,,,100,17/08/2024,389,10/09/2025,567
6226,,,100,17/08/2024,390,11/09/2025,480
6226,,,100,17/08/2024,391,12/09/2025,398
6226,,,100,17/08/2024,392,13/09/2025,487
6226,,,100,17/08/2024,393,14/09/2025,465
6226,,,100,17/08/2024,394,15/09/2025,351
6226,,,100,17/08/2024,395,16/09/2025,316
6226,,,100,17/08/2024,396,17/09/2025,372
6226,,,100,17/08/2024,397,18/09/2025,593
6226,,,100,17/08/2024,398,19/09/2025,404
6226,,,100,17/08/2024,399,20/09/2025,633
6226,,,100,17/08/2024,400,21/09/2025,594
6226,,,100,17/08/2024,401,22/09/2025,241
6226,,,100,17/08/2024,402,23/09/2025,215
6226,,,100,17/08/2024,403,24/09/2025,372
6226,,,100,17/08/2024,404,25/09/2025,
8705,,,100,23/11/2024,216,27/06/2025,
8705,,,100,23/11/2024,217,28/06/2025,480
8705,,,100,23/11/2024,218,29/06/2025,434
8705,,,100,23/11/2024,219,30/06/2025,588
8705,,,100,23/11/2024,220,01/07/2025,581
8705,,,100,23/11/2024,221,02/07/2025,512
8705,,,100,23/11/2024,222,03/07/2025,601
8705,,,100,23/11/2024,223,04/07/2025,551
8705,,,100,23/11/2024,224,05/07/2025,513
8705,,,100,23/11/2024,225,06/07/2025,523
8705,,,100,23/11/2024,226,07/07/2025,520
8705,,,100,23/11/2024,227,08/07/2025,528
8705,,,100,23/11/2024,228,09/07/2025,529
8705,,,100,23/11/2024,229,10/07/2025,537
8705,,,100,23/11/2024,230,11/07/2025,416
8705,,,100,23/11/2024,231,12/07/2025,559
8705,,,100,23/11/2024,232,13/07/2025,593
8705,,,100,23/11/2024,233,14/07/2025,442
8705,,,100,23/11/2024,234,15/07/2025,500
8705,,,100,23/11/2024,235,16/07/2025,420
8705,,,100,23/11/2024,236,17/07/2025,555
8705,,,100,23/11/2024,237,18/07/2025,404
8705,,,100,23/11/2024,238,19/07/2025,610
8705,,,100,23/11/2024,239,20/07/2025,495
8705,,,100,23/11/2024,240,21/07/2025,639
8705,,,100,23/11/2024,241,22/07/2025,488
8705,,,100,23/11/2024,242,23/07/2025,513
8705,,,100,23/11/2024,243,24/07/2025,487
8705,,,100,23/11/2024,244,25/07/2025,455
8705,,,100,23/11/2024,245,26/07/2025,490
8705,,,100,23/11/2024,246,27/07/2025,509
8705,,,100,23/11/2024,247,28/07/2025,539
8705,,,100,23/11/2024,248,29/07/2025,549
8705,,,100,23/11/2024,249,30/07/2025,539
8705,,,100,23/11/2024,250,31/07/2025,506
8705,,,100,23/11/2024,251,01/08/2025,545
8705,,,100,23/11/2024,252,02/08/2025,594
8705,,,100,23/11/2024,253,03/08/2025,369
8705,,,100,23/11/2024,254,04/08/2025,429
8705,,,100,23/11/2024,255,05/08/2025,604
8705,,,100,23/11/2024,256,06/08/2025,462
8705,,,100,23/11/2024,257,07/08/2025,544
8705,,,100,23/11/2024,258,08/08/2025,493
8705,,,100,23/11/2024,259,09/08/2025,565
8705,,,100,23/11/2024,260,10/08/2025,389
8705,,,100,23/11/2024,261,11/08/2025,492
8705,,,100,23/11/2024,262,12/08/2025,609
8705,,,100,23/11/2024,263,13/08/2025,591
8705,,,100,23/11/2024,264,14/08/2025,582
8705,,,100,23/11/2024,265,15/08/2025,492
8705,,,100,23/11/2024,266,16/08/2025,468
8705,,,100,23/11/2024,267,17/08/2025,516
8705,,,100,23/11/2024,268,18/08/2025,413
8705,,,100,23/11/2024,269,19/08/2025,555
8705,,,100,23/11/2024,270,20/08/2025,630
8705,,,100,23/11/2024,271,21/08/2025,435
8705,,,100,23/11/2024,272,22/08/2025,599
8705,,,100,23/11/2024,273,23/08/2025,629
8705,,,100,23/11/2024,274,24/08/2025,581
8705,,,100,23/11/2024,275,25/08/2025,471
8705,,,100,23/11/2024,276,26/08/2025,618
8705,,,100,23/11/2024,277,27/08/2025,414
8705,,,100,23/11/2024,278,28/08/2025,567
8705,,,100,23/11/2024,279,29/08/2025,476
8705,,,100,23/11/2024,280,30/08/2025,540
8705,,,100,23/11/2024,281,31/08/2025,483
8705,,,100,23/11/2024,282,01/09/2025,482
8705,,,100,23/11/2024,283,02/09/2025,512
8705,,,100,23/11/2024,284,03/09/2025,522
8705,,,100,23/11/2024,285,04/09/2025,471
8705,,,100,23/11/2024,286,05/09/2025,504
8705,,,100,23/11/2024,287,06/09/2025,590
8705,,,100,23/11/2024,288,07/09/2025,418
8705,,,100,23/11/2024,289,08/09/2025,581
8705,,,100,23/11/2024,290,09/09/2025,535
8705,,,100,23/11/2024,291,10/09/2025,518
8705,,,100,23/11/2024,292,11/09/2025,480
8705,,,100,23/11/2024,293,12/09/2025,442
8705,,,100,23/11/2024,294,13/09/2025,569
8705,,,100,23/11/2024,295,14/09/2025,486
8705,,,100,23/11/2024,296,15/09/2025,442
8705,,,100,23/11/2024,297,16/09/2025,388
8705,,,100,23/11/2024,298,17/09/2025,319
8705,,,100,23/11/2024,299,18/09/2025,602
8705,,,100,23/11/2024,300,19/09/2025,430
8705,,,100,23/11/2024,301,20/09/2025,577
8705,,,100,23/11/2024,302,21/09/2025,571
8705,,,100,23/11/2024,303,22/09/2025,241
8705,,,100,23/11/2024,304,23/09/2025,0
8705,,,100,23/11/2024,305,24/09/2025,142
8705,,,100,23/11/2024,306,25/09/2025,
1248,,,100,28/10/2024,242,27/06/2025,
1248,,,100,28/10/2024,243,28/06/2025,573
1248,,,100,28/10/2024,244,29/06/2025,624
1248,,,100,28/10/2024,245,30/06/2025,514
1248,,,100,28/10/2024,246,01/07/2025,617
1248,,,100,28/10/2024,247,02/07/2025,610
1248,,,100,28/10/2024,248,03/07/2025,623
1248,,,100,28/10/2024,249,04/07/2025,357
1248,,,100,28/10/2024,250,05/07/2025,704
1248,,,100,28/10/2024,251,06/07/2025,582
1248,,,100,28/10/2024,252,07/07/2025,644
1248,,,100,28/10/2024,253,08/07/2025,536
1248,,,100,28/10/2024,254,09/07/2025,614
1248,,,100,28/10/2024,255,10/07/2025,503
1248,,,100,28/10/2024,256,11/07/2025,546
1248,,,100,28/10/2024,257,12/07/2025,524
1248,,,100,28/10/2024,258,13/07/2025,604
1248,,,100,28/10/2024,259,14/07/2025,401
1248,,,100,28/10/2024,260,15/07/2025,564
1248,,,100,28/10/2024,261,16/07/2025,579
1248,,,100,28/10/2024,262,17/07/2025,578
1248,,,100,28/10/2024,263,18/07/2025,620
1248,,,100,28/10/2024,264,19/07/2025,605
1248,,,100,28/10/2024,265,20/07/2025,549
1248,,,100,28/10/2024,266,21/07/2025,579
1248,,,100,28/10/2024,267,22/07/2025,525
1248,,,100,28/10/2024,268,23/07/2025,537
1248,,,100,28/10/2024,269,24/07/2025,0
1248,,,100,28/10/2024,270,25/07/2025,15
1248,,,100,28/10/2024,271,26/07/2025,274
1248,,,100,28/10/2024,272,27/07/2025,159
1248,,,100,28/10/2024,273,28/07/2025,232
1248,,,100,28/10/2024,274,29/07/2025,658
1248,,,100,28/10/2024,275,30/07/2025,268
1248,,,100,28/10/2024,276,31/07/2025,117
1248,,,100,28/10/2024,277,01/08/2025,0
1248,,,100,28/10/2024,278,02/08/2025,
1248,,,100,28/10/2024,279,03/08/2025,
1248,,,100,28/10/2024,280,04/08/2025,
1248,,,100,28/10/2024,281,05/08/2025,
1248,,,100,28/10/2024,282,06/08/2025,
1248,,,100,28/10/2024,283,07/08/2025,
1248,,,100,28/10/2024,284,08/08/2025,
1248,,,100,28/10/2024,285,09/08/2025,
1248,,,100,28/10/2024,286,10/08/2025,
1248,,,100,28/10/2024,287,11/08/2025,
1248,,,100,28/10/2024,288,12/08/2025,
1248,,,100,28/10/2024,289,13/08/2025,
1248,,,100,28/10/2024,290,14/08/2025,
1248,,,100,28/10/2024,291,15/08/2025,
1248,,,100,28/10/2024,292,16/08/2025,
1248,,,100,28/10/2024,293,17/08/2025,
1248,,,100,28/10/2024,294,18/08/2025,
1248,,,100,28/10/2024,295,19/08/2025,
1248,,,100,28/10/2024,296,20/08/2025,
1248,,,100,28/10/2024,297,21/08/2025,
1248,,,100,28/10/2024,298,22/08/2025,
1248,,,100,28/10/2024,299,23/08/2025,
1248,,,100,28/10/2024,300,24/08/2025,
1248,,,100,28/10/2024,301,25/08/2025,
1248,,,100,28/10/2024,302,26/08/2025,
1248,,,100,28/10/2024,303,27/08/2025,
1248,,,100,28/10/2024,304,28/08/2025,
1248,,,100,28/10/2024,305,29/08/2025,
1248,,,100,28/10/2024,306,30/08/2025,
1248,,,100,28/10/2024,307,31/08/2025,
1248,,,100,28/10/2024,308,01/09/2025,
1248,,,100,28/10/2024,309,02/09/2025,
1248,,,100,28/10/2024,310,03/09/2025,
1248,,,100,28/10/2024,311,04/09/2025,
1248,,,100,28/10/2024,312,05/09/2025,
1248,,,100,28/10/2024,313,06/09/2025,
1248,,,100,28/10/2024,314,07/09/2025,
1248,,,100,28/10/2024,315,08/09/2025,
1248,,,100,28/10/2024,316,09/09/2025,
1248,,,100,28/10/2024,317,10/09/2025,
1248,,,100,28/10/2024,318,11/09/2025,
1248,,,100,28/10/2024,319,12/09/2025,
1248,,,100,28/10/2024,320,13/09/2025,
1248,,,100,28/10/2024,321,14/09/2025,
1248,,,100,28/10/2024,322,15/09/2025,
1248,,,100,28/10/2024,323,16/09/2025,
1248,,,100,28/10/2024,324,17/09/2025,
1248,,,100,28/10/2024,325,18/09/2025,
1248,,,100,28/10/2024,326,19/09/2025,
1248,,,100,28/10/2024,327,20/09/2025,
1248,,,100,28/10/2024,328,21/09/2025,
1248,,,100,28/10/2024,329,22/09/2025,
1248,,,100,28/10/2024,330,23/09/2025,
1248,,,100,28/10/2024,331,24/09/2025,
1248,,,100,28/10/2024,332,25/09/2025,
6258,,,100,23/09/2024,277,27/06/2025,
6258,,,100,23/09/2024,278,28/06/2025,601
6258,,,100,23/09/2024,279,29/06/2025,568
6258,,,100,23/09/2024,280,30/06/2025,608
6258,,,100,23/09/2024,281,01/07/2025,524
6258,,,100,23/09/2024,282,02/07/2025,538
6258,,,100,23/09/2024,283,03/07/2025,579
6258,,,100,23/09/2024,284,04/07/2025,545
6258,,,100,23/09/2024,285,05/07/2025,540
6258,,,100,23/09/2024,286,06/07/2025,580
6258,,,100,23/09/2024,287,07/07/2025,540
6258,,,100,23/09/2024,288,08/07/2025,552
6258,,,100,23/09/2024,289,09/07/2025,473
6258,,,100,23/09/2024,290,10/07/2025,593
6258,,,100,23/09/2024,291,11/07/2025,461
6258,,,100,23/09/2024,292,12/07/2025,460
6258,,,100,23/09/2024,293,13/07/2025,497
6258,,,100,23/09/2024,294,14/07/2025,522
6258,,,100,23/09/2024,295,15/07/2025,547
6258,,,100,23/09/2024,296,16/07/2025,549
6258,,,100,23/09/2024,297,17/07/2025,458
6258,,,100,23/09/2024,298,18/07/2025,560
6258,,,100,23/09/2024,299,19/07/2025,592
6258,,,100,23/09/2024,300,20/07/2025,530
6258,,,100,23/09/2024,301,21/07/2025,578
6258,,,100,23/09/2024,302,22/07/2025,556
6258,,,100,23/09/2024,303,23/07/2025,425
6258,,,100,23/09/2024,304,24/07/2025,446
6258,,,100,23/09/2024,305,25/07/2025,428
6258,,,100,23/09/2024,306,26/07/2025,373
6258,,,100,23/09/2024,307,27/07/2025,269
6258,,,100,23/09/2024,308,28/07/2025,259
6258,,,100,23/09/2024,309,29/07/2025,377
6258,,,100,23/09/2024,310,30/07/2025,407
6258,,,100,23/09/2024,311,31/07/2025,455
6258,,,100,23/09/2024,312,01/08/2025,469
6258,,,100,23/09/2024,313,02/08/2025,471
6258,,,100,23/09/2024,314,03/08/2025,495
6258,,,100,23/09/2024,315,04/08/2025,465
6258,,,100,23/09/2024,316,05/08/2025,546
6258,,,100,23/09/2024,317,06/08/2025,544
6258,,,100,23/09/2024,318,07/08/2025,455
6258,,,100,23/09/2024,319,08/08/2025,526
6258,,,100,23/09/2024,320,09/08/2025,645
6258,,,100,23/09/2024,321,10/08/2025,476
6258,,,100,23/09/2024,322,11/08/2025,515
6258,,,100,23/09/2024,323,12/08/2025,598
6258,,,100,23/09/2024,324,13/08/2025,526
6258,,,100,23/09/2024,325,14/08/2025,569
6258,,,100,23/09/2024,326,15/08/2025,513
6258,,,100,23/09/2024,327,16/08/2025,469
6258,,,100,23/09/2024,328,17/08/2025,534
6258,,,100,23/09/2024,329,18/08/2025,429
6258,,,100,23/09/2024,330,19/08/2025,432
6258,,,100,23/09/2024,331,20/08/2025,582
6258,,,100,23/09/2024,332,21/08/2025,509
6258,,,100,23/09/2024,333,22/08/2025,559
6258,,,100,23/09/2024,334,23/08/2025,519
6258,,,100,23/09/2024,335,24/08/2025,573
6258,,,100,23/09/2024,336,25/08/2025,430
6258,,,100,23/09/2024,337,26/08/2025,597
6258,,,100,23/09/2024,338,27/08/2025,418
6258,,,100,23/09/2024,339,28/08/2025,560
6258,,,100,23/09/2024,340,29/08/2025,446
6258,,,100,23/09/2024,341,30/08/2025,488
6258,,,100,23/09/2024,342,31/08/2025,457
6258,,,100,23/09/2024,343,01/09/2025,447
6258,,,100,23/09/2024,344,02/09/2025,410
6258,,,100,23/09/2024,345,03/09/2025,421
6258,,,100,23/09/2024,346,04/09/2025,447
6258,,,100,23/09/2024,347,05/09/2025,619
6258,,,100,23/09/2024,348,06/09/2025,549
6258,,,100,23/09/2024,349,07/09/2025,462
6258,,,100,23/09/2024,350,08/09/2025,676
6258,,,100,23/09/2024,351,09/09/2025,553
6258,,,100,23/09/2024,352,10/09/2025,601
6258,,,100,23/09/2024,353,11/09/2025,490
6258,,,100,23/09/2024,354,12/09/2025,532
6258,,,100,23/09/2024,355,13/09/2025,500
6258,,,100,23/09/2024,356,14/09/2025,535
6258,,,100,23/09/2024,357,15/09/2025,395
6258,,,100,23/09/2024,358,16/09/2025,399
6258,,,100,23/09/2024,359,17/09/2025,346
6258,,,100,23/09/2024,360,18/09/2025,603
6258,,,100,23/09/2024,361,19/09/2025,415
6258,,,100,23/09/2024,362,20/09/2025,605
6258,,,100,23/09/2024,363,21/09/2025,602
6258,,,100,23/09/2024,364,22/09/2025,262
6258,,,100,23/09/2024,365,23/09/2025,0
6258,,,100,23/09/2024,366,24/09/2025,0
6258,,,100,23/09/2024,367,25/09/2025,
2108,,,100,18/11/2024,221,27/06/2025,
2108,,,100,18/11/2024,222,28/06/2025,407
2108,,,100,18/11/2024,223,29/06/2025,562
2108,,,100,18/11/2024,224,30/06/2025,504
2108,,,100,18/11/2024,225,01/07/2025,612
2108,,,100,18/11/2024,226,02/07/2025,656
2108,,,100,18/11/2024,227,03/07/2025,600
2108,,,100,18/11/2024,228,04/07/2025,578
2108,,,100,18/11/2024,229,05/07/2025,581
2108,,,100,18/11/2024,230,06/07/2025,615
2108,,,100,18/11/2024,231,07/07/2025,470
2108,,,100,18/11/2024,232,08/07/2025,612
2108,,,100,18/11/2024,233,09/07/2025,540
2108,,,100,18/11/2024,234,10/07/2025,594
2108,,,100,18/11/2024,235,11/07/2025,400
2108,,,100,18/11/2024,236,12/07/2025,479
2108,,,100,18/11/2024,237,13/07/2025,714
2108,,,100,18/11/2024,238,14/07/2025,504
2108,,,100,18/11/2024,239,15/07/2025,567
2108,,,100,18/11/2024,240,16/07/2025,529
2108,,,100,18/11/2024,241,17/07/2025,573
2108,,,100,18/11/2024,242,18/07/2025,568
2108,,,100,18/11/2024,243,19/07/2025,621
2108,,,100,18/11/2024,244,20/07/2025,593
2108,,,100,18/11/2024,245,21/07/2025,671
2108,,,100,18/11/2024,246,22/07/2025,574
2108,,,100,18/11/2024,247,23/07/2025,470
2108,,,100,18/11/2024,248,24/07/2025,360
2108,,,100,18/11/2024,249,25/07/2025,661
2108,,,100,18/11/2024,250,26/07/2025,568
2108,,,100,18/11/2024,251,27/07/2025,513
2108,,,100,18/11/2024,252,28/07/2025,618
2108,,,100,18/11/2024,253,29/07/2025,672
2108,,,100,18/11/2024,254,30/07/2025,625
2108,,,100,18/11/2024,255,31/07/2025,444
2108,,,100,18/11/2024,256,01/08/2025,625
2108,,,100,18/11/2024,257,02/08/2025,551
2108,,,100,18/11/2024,258,03/08/2025,658
2108,,,100,18/11/2024,259,04/08/2025,415
2108,,,100,18/11/2024,260,05/08/2025,570
2108,,,100,18/11/2024,261,06/08/2025,508
2108,,,100,18/11/2024,262,07/08/2025,677
2108,,,100,18/11/2024,263,08/08/2025,528
2108,,,100,18/11/2024,264,09/08/2025,519
2108,,,100,18/11/2024,265,10/08/2025,710
2108,,,100,18/11/2024,266,11/08/2025,326
2108,,,100,18/11/2024,267,12/08/2025,748
2108,,,100,18/11/2024,268,13/08/2025,594
2108,,,100,18/11/2024,269,14/08/2025,577
2108,,,100,18/11/2024,270,15/08/2025,629
2108,,,100,18/11/2024,271,16/08/2025,713
2108,,,100,18/11/2024,272,17/08/2025,493
2108,,,100,18/11/2024,273,18/08/2025,431
2108,,,100,18/11/2024,274,19/08/2025,734
2108,,,100,18/11/2024,275,20/08/2025,598
2108,,,100,18/11/2024,276,21/08/2025,487
2108,,,100,18/11/2024,277,22/08/2025,228
2108,,,100,18/11/2024,278,23/08/2025,664
2108,,,100,18/11/2024,279,24/08/2025,549
2108,,,100,18/11/2024,280,25/08/2025,666
2108,,,100,18/11/2024,281,26/08/2025,451
2108,,,100,18/11/2024,282,27/08/2025,632
2108,,,100,18/11/2024,283,28/08/2025,566
2108,,,100,18/11/2024,284,29/08/2025,433
2108,,,100,18/11/2024,285,30/08/2025,595
2108,,,100,18/11/2024,286,31/08/2025,572
2108,,,100,18/11/2024,287,01/09/2025,585
2108,,,100,18/11/2024,288,02/09/2025,548
2108,,,100,18/11/2024,289,03/09/2025,515
2108,,,100,18/11/2024,290,04/09/2025,568
2108,,,100,18/11/2024,291,05/09/2025,615
2108,,,100,18/11/2024,292,06/09/2025,642
2108,,,100,18/11/2024,293,07/09/2025,527
2108,,,100,18/11/2024,294,08/09/2025,681
2108,,,100,18/11/2024,295,09/09/2025,626
2108,,,100,18/11/2024,296,10/09/2025,637
2108,,,100,18/11/2024,297,11/09/2025,536
2108,,,100,18/11/2024,298,12/09/2025,560
2108,,,100,18/11/2024,299,13/09/2025,577
2108,,,100,18/11/2024,300,14/09/2025,548
2108,,,100,18/11/2024,301,15/09/2025,474
2108,,,100,18/11/2024,302,16/09/2025,390
2108,,,100,18/11/2024,303,17/09/2025,351
2108,,,100,18/11/2024,304,18/09/2025,460
2108,,,100,18/11/2024,305,19/09/2025,671
2108,,,100,18/11/2024,306,20/09/2025,596
2108,,,100,18/11/2024,307,21/09/2025,651
2108,,,100,18/11/2024,308,22/09/2025,224
2108,,,100,18/11/2024,309,23/09/2025,44
2108,,,100,18/11/2024,310,24/09/2025,82
2108,,,100,18/11/2024,311,25/09/2025,
1242,,,100,15/09/2024,285,27/06/2025,
1242,,,100,15/09/2024,286,28/06/2025,653
1242,,,100,15/09/2024,287,29/06/2025,513
1242,,,100,15/09/2024,288,30/06/2025,642
1242,,,100,15/09/2024,289,01/07/2025,639
1242,,,100,15/09/2024,290,02/07/2025,666
1242,,,100,15/09/2024,291,03/07/2025,575
1242,,,100,15/09/2024,292,04/07/2025,605
1242,,,100,15/09/2024,293,05/07/2025,639
1242,,,100,15/09/2024,294,06/07/2025,594
1242,,,100,15/09/2024,295,07/07/2025,650
1242,,,100,15/09/2024,296,08/07/2025,652
1242,,,100,15/09/2024,297,09/07/2025,553
1242,,,100,15/09/2024,298,10/07/2025,619
1242,,,100,15/09/2024,299,11/07/2025,459
1242,,,100,15/09/2024,300,12/07/2025,623
1242,,,100,15/09/2024,301,13/07/2025,537
1242,,,100,15/09/2024,302,14/07/2025,571
1242,,,100,15/09/2024,303,15/07/2025,493
1242,,,100,15/09/2024,304,16/07/2025,632
1242,,,100,15/09/2024,305,17/07/2025,380
1242,,,100,15/09/2024,306,18/07/2025,628
1242,,,100,15/09/2024,307,19/07/2025,670
1242,,,100,15/09/2024,308,20/07/2025,471
1242,,,100,15/09/2024,309,21/07/2025,635
1242,,,100,15/09/2024,310,22/07/2025,668
1242,,,100,15/09/2024,311,23/07/2025,598
1242,,,100,15/09/2024,312,24/07/2025,617
1242,,,100,15/09/2024,313,25/07/2025,542
1242,,,100,15/09/2024,314,26/07/2025,564
1242,,,100,15/09/2024,315,27/07/2025,707
1242,,,100,15/09/2024,316,28/07/2025,651
1242,,,100,15/09/2024,317,29/07/2025,562
1242,,,100,15/09/2024,318,30/07/2025,653
1242,,,100,15/09/2024,319,31/07/2025,635
1242,,,100,15/09/2024,320,01/08/2025,471
1242,,,100,15/09/2024,321,02/08/2025,745
1242,,,100,15/09/2024,322,03/08/2025,582
1242,,,100,15/09/2024,323,04/08/2025,676
1242,,,100,15/09/2024,324,05/08/2025,485
1242,,,100,15/09/2024,325,06/08/2025,705
1242,,,100,15/09/2024,326,07/08/2025,555
1242,,,100,15/09/2024,327,08/08/2025,568
1242,,,100,15/09/2024,328,09/08/2025,550
1242,,,100,15/09/2024,329,10/08/2025,626
1242,,,100,15/09/2024,330,11/08/2025,685
1242,,,100,15/09/2024,331,12/08/2025,587
1242,,,100,15/09/2024,332,13/08/2025,633
1242,,,100,15/09/2024,333,14/08/2025,606
1242,,,100,15/09/2024,334,15/08/2025,464
1242,,,100,15/09/2024,335,16/08/2025,667
1242,,,100,15/09/2024,336,17/08/2025,620
1242,,,100,15/09/2024,337,18/08/2025,611
1242,,,100,15/09/2024,338,19/08/2025,599
1242,,,100,15/09/2024,339,20/08/2025,602
1242,,,100,15/09/2024,340,21/08/2025,603
1242,,,100,15/09/2024,341,22/08/2025,648
1242,,,100,15/09/2024,342,23/08/2025,490
1242,,,100,15/09/2024,343,24/08/2025,613
1242,,,100,15/09/2024,344,25/08/2025,521
1242,,,100,15/09/2024,345,26/08/2025,650
1242,,,100,15/09/2024,346,27/08/2025,499
1242,,,100,15/09/2024,347,28/08/2025,684
1242,,,100,15/09/2024,348,29/08/2025,624
1242,,,100,15/09/2024,349,30/08/2025,596
1242,,,100,15/09/2024,350,31/08/2025,591
1242,,,100,15/09/2024,351,01/09/2025,710
1242,,,100,15/09/2024,352,02/09/2025,513
1242,,,100,15/09/2024,353,03/09/2025,654
1242,,,100,15/09/2024,354,04/09/2025,593
1242,,,100,15/09/2024,355,05/09/2025,429
1242,,,100,15/09/2024,356,06/09/2025,255
1242,,,100,15/09/2024,357,07/09/2025,353
1242,,,100,15/09/2024,358,08/09/2025,328
1242,,,100,15/09/2024,359,09/09/2025,295
1242,,,100,15/09/2024,360,10/09/2025,486
1242,,,100,15/09/2024,361,11/09/2025,546
1242,,,100,15/09/2024,362,12/09/2025,503
1242,,,100,15/09/2024,363,13/09/2025,481
1242,,,100,15/09/2024,364,14/09/2025,366
1242,,,100,15/09/2024,365,15/09/2025,416
1242,,,100,15/09/2024,366,16/09/2025,395
1242,,,100,15/09/2024,367,17/09/2025,412
1242,,,100,15/09/2024,368,18/09/2025,502
1242,,,100,15/09/2024,369,19/09/2025,575
1242,,,100,15/09/2024,370,20/09/2025,602
1242,,,100,15/09/2024,371,21/09/2025,636
1242,,,100,15/09/2024,372,22/09/2025,282
1242,,,100,15/09/2024,373,23/09/2025,32
1242,,,100,15/09/2024,374,24/09/2025,0
1242,,,100,15/09/2024,375,25/09/2025,
6092,,,100,31/07/2024,331,27/06/2025,
6092,,,100,31/07/2024,332,28/06/2025,443
6092,,,100,31/07/2024,333,29/06/2025,603
6092,,,100,31/07/2024,334,30/06/2025,604
6092,,,100,31/07/2024,335,01/07/2025,502
6092,,,100,31/07/2024,336,02/07/2025,523
6092,,,100,31/07/2024,337,03/07/2025,556
6092,,,100,31/07/2024,338,04/07/2025,513
6092,,,100,31/07/2024,339,05/07/2025,524
6092,,,100,31/07/2024,340,06/07/2025,542
6092,,,100,31/07/2024,341,07/07/2025,526
6092,,,100,31/07/2024,342,08/07/2025,559
6092,,,100,31/07/2024,343,09/07/2025,548
6092,,,100,31/07/2024,344,10/07/2025,488
6092,,,100,31/07/2024,345,11/07/2025,438
6092,,,100,31/07/2024,346,12/07/2025,551
6092,,,100,31/07/2024,347,13/07/2025,613
6092,,,100,31/07/2024,348,14/07/2025,447
6092,,,100,31/07/2024,349,15/07/2025,554
6092,,,100,31/07/2024,350,16/07/2025,561
6092,,,100,31/07/2024,351,17/07/2025,591
6092,,,100,31/07/2024,352,18/07/2025,673
6092,,,100,31/07/2024,353,19/07/2025,448
6092,,,100,31/07/2024,354,20/07/2025,541
6092,,,100,31/07/2024,355,21/07/2025,520
6092,,,100,31/07/2024,356,22/07/2025,526
6092,,,100,31/07/2024,357,23/07/2025,475
6092,,,100,31/07/2024,358,24/07/2025,588
6092,,,100,31/07/2024,359,25/07/2025,532
6092,,,100,31/07/2024,360,26/07/2025,512
6092,,,100,31/07/2024,361,27/07/2025,607
6092,,,100,31/07/2024,362,28/07/2025,595
6092,,,100,31/07/2024,363,29/07/2025,619
6092,,,100,31/07/2024,364,30/07/2025,514
6092,,,100,31/07/2024,365,31/07/2025,579
6092,,,100,31/07/2024,366,01/08/2025,440
6092,,,100,31/07/2024,367,02/08/2025,581
6092,,,100,31/07/2024,368,03/08/2025,615
6092,,,100,31/07/2024,369,04/08/2025,519
6092,,,100,31/07/2024,370,05/08/2025,557
6092,,,100,31/07/2024,371,06/08/2025,526
6092,,,100,31/07/2024,372,07/08/2025,576
6092,,,100,31/07/2024,373,08/08/2025,529
6092,,,100,31/07/2024,374,09/08/2025,576
6092,,,100,31/07/2024,375,10/08/2025,582
6092,,,100,31/07/2024,376,11/08/2025,527
6092,,,100,31/07/2024,377,12/08/2025,548
6092,,,100,31/07/2024,378,13/08/2025,469
6092,,,100,31/07/2024,379,14/08/2025,492
6092,,,100,31/07/2024,380,15/08/2025,583
6092,,,100,31/07/2024,381,16/08/2025,503
6092,,,100,31/07/2024,382,17/08/2025,573
6092,,,100,31/07/2024,383,18/08/2025,551
6092,,,100,31/07/2024,384,19/08/2025,463
6092,,,100,31/07/2024,385,20/08/2025,655
6092,,,100,31/07/2024,386,21/08/2025,645
6092,,,100,31/07/2024,387,22/08/2025,476
6092,,,100,31/07/2024,388,23/08/2025,558
6092,,,100,31/07/2024,389,24/08/2025,653
6092,,,100,31/07/2024,390,25/08/2025,507
6092,,,100,31/07/2024,391,26/08/2025,531
6092,,,100,31/07/2024,392,27/08/2025,532
6092,,,100,31/07/2024,393,28/08/2025,543
6092,,,100,31/07/2024,394,29/08/2025,504
6092,,,100,31/07/2024,395,30/08/2025,543
6092,,,100,31/07/2024,396,31/08/2025,476
6092,,,100,31/07/2024,397,01/09/2025,534
6092,,,100,31/07/2024,398,02/09/2025,492
6092,,,100,31/07/2024,399,03/09/2025,450
6092,,,100,31/07/2024,400,04/09/2025,515
6092,,,100,31/07/2024,401,05/09/2025,583
6092,,,100,31/07/2024,402,06/09/2025,494
6092,,,100,31/07/2024,403,07/09/2025,516
6092,,,100,31/07/2024,404,08/09/2025,549
6092,,,100,31/07/2024,405,09/09/2025,541
6092,,,100,31/07/2024,406,10/09/2025,521
6092,,,100,31/07/2024,407,11/09/2025,500
6092,,,100,31/07/2024,408,12/09/2025,433
6092,,,100,31/07/2024,409,13/09/2025,487
6092,,,100,31/07/2024,410,14/09/2025,542
6092,,,100,31/07/2024,411,15/09/2025,377
6092,,,100,31/07/2024,412,16/09/2025,354
6092,,,100,31/07/2024,413,17/09/2025,333
6092,,,100,31/07/2024,414,18/09/2025,513
6092,,,100,31/07/2024,415,19/09/2025,544
6092,,,100,31/07/2024,416,20/09/2025,544
6092,,,100,31/07/2024,417,21/09/2025,554
6092,,,100,31/07/2024,418,22/09/2025,258
6092,,,100,31/07/2024,419,23/09/2025,0
6092,,,100,31/07/2024,420,24/09/2025,0
6092,,,100,31/07/2024,421,25/09/2025,
6054,,,100,14/07/2024,348,27/06/2025,
6054,,,100,14/07/2024,349,28/06/2025,596
6054,,,100,14/07/2024,350,29/06/2025,513
6054,,,100,14/07/2024,351,30/06/2025,616
6054,,,100,14/07/2024,352,01/07/2025,441
6054,,,100,14/07/2024,353,02/07/2025,543
6054,,,100,14/07/2024,354,03/07/2025,544
6054,,,100,14/07/2024,355,04/07/2025,559
6054,,,100,14/07/2024,356,05/07/2025,587
6054,,,100,14/07/2024,357,06/07/2025,543
6054,,,100,14/07/2024,358,07/07/2025,560
6054,,,100,14/07/2024,359,08/07/2025,552
6054,,,100,14/07/2024,360,09/07/2025,509
6054,,,100,14/07/2024,361,10/07/2025,494
6054,,,100,14/07/2024,362,11/07/2025,486
6054,,,100,14/07/2024,363,12/07/2025,589
6054,,,100,14/07/2024,364,13/07/2025,449
6054,,,100,14/07/2024,365,14/07/2025,477
6054,,,100,14/07/2024,366,15/07/2025,472
6054,,,100,14/07/2024,367,16/07/2025,446
6054,,,100,14/07/2024,368,17/07/2025,568
6054,,,100,14/07/2024,369,18/07/2025,579
6054,,,100,14/07/2024,370,19/07/2025,537
6054,,,100,14/07/2024,371,20/07/2025,441
6054,,,100,14/07/2024,372,21/07/2025,552
6054,,,100,14/07/2024,373,22/07/2025,465
6054,,,100,14/07/2024,374,23/07/2025,454
6054,,,100,14/07/2024,375,24/07/2025,530
6054,,,100,14/07/2024,376,25/07/2025,583
6054,,,100,14/07/2024,377,26/07/2025,454
6054,,,100,14/07/2024,378,27/07/2025,617
6054,,,100,14/07/2024,379,28/07/2025,493
6054,,,100,14/07/2024,380,29/07/2025,561
6054,,,100,14/07/2024,381,30/07/2025,464
6054,,,100,14/07/2024,382,31/07/2025,500
6054,,,100,14/07/2024,383,01/08/2025,458
6054,,,100,14/07/2024,384,02/08/2025,580
6054,,,100,14/07/2024,385,03/08/2025,651
6054,,,100,14/07/2024,386,04/08/2025,435
6054,,,100,14/07/2024,387,05/08/2025,449
6054,,,100,14/07/2024,388,06/08/2025,540
6054,,,100,14/07/2024,389,07/08/2025,507
6054,,,100,14/07/2024,390,08/08/2025,495
6054,,,100,14/07/2024,391,09/08/2025,468
6054,,,100,14/07/2024,392,10/08/2025,542
6054,,,100,14/07/2024,393,11/08/2025,621
6054,,,100,14/07/2024,394,12/08/2025,491
6054,,,100,14/07/2024,395,13/08/2025,443
6054,,,100,14/07/2024,396,14/08/2025,625
6054,,,100,14/07/2024,397,15/08/2025,590
6054,,,100,14/07/2024,398,16/08/2025,533
6054,,,100,14/07/2024,399,17/08/2025,532
6054,,,100,14/07/2024,400,18/08/2025,483
6054,,,100,14/07/2024,401,19/08/2025,632
6054,,,100,14/07/2024,402,20/08/2025,539
6054,,,100,14/07/2024,403,21/08/2025,438
6054,,,100,14/07/2024,404,22/08/2025,392
6054,,,100,14/07/2024,405,23/08/2025,570
6054,,,100,14/07/2024,406,24/08/2025,465
6054,,,100,14/07/2024,407,25/08/2025,393
6054,,,100,14/07/2024,408,26/08/2025,467
6054,,,100,14/07/2024,409,27/08/2025,374
6054,,,100,14/07/2024,410,28/08/2025,404
6054,,,100,14/07/2024,411,29/08/2025,470
6054,,,100,14/07/2024,412,30/08/2025,427
6054,,,100,14/07/2024,413,31/08/2025,386
6054,,,100,14/07/2024,414,01/09/2025,410
6054,,,100,14/07/2024,415,02/09/2025,340
6054,,,100,14/07/2024,416,03/09/2025,416
6054,,,100,14/07/2024,417,04/09/2025,452
6054,,,100,14/07/2024,418,05/09/2025,588
6054,,,100,14/07/2024,419,06/09/2025,508
6054,,,100,14/07/2024,420,07/09/2025,459
6054,,,100,14/07/2024,421,08/09/2025,521
6054,,,100,14/07/2024,422,09/09/2025,466
6054,,,100,14/07/2024,423,10/09/2025,597
6054,,,100,14/07/2024,424,11/09/2025,466
6054,,,100,14/07/2024,425,12/09/2025,471
6054,,,100,14/07/2024,426,13/09/2025,497
6054,,,100,14/07/2024,427,14/09/2025,570
6054,,,100,14/07/2024,428,15/09/2025,363
6054,,,100,14/07/2024,429,16/09/2025,317
6054,,,100,14/07/2024,430,17/09/2025,348
6054,,,100,14/07/2024,431,18/09/2025,513
6054,,,100,14/07/2024,432,19/09/2025,526
6054,,,100,14/07/2024,433,20/09/2025,520
6054,,,100,14/07/2024,434,21/09/2025,553
6054,,,100,14/07/2024,435,22/09/2025,321
6054,,,100,14/07/2024,436,23/09/2025,0
6054,,,100,14/07/2024,437,24/09/2025,0
6054,,,100,14/07/2024,438,25/09/2025,
8736,,,100,16/11/2024,223,27/06/2025,
8736,,,100,16/11/2024,224,28/06/2025,0
8736,,,100,16/11/2024,225,29/06/2025,0
8736,,,100,16/11/2024,226,30/06/2025,0
8736,,,100,16/11/2024,227,01/07/2025,0
8736,,,100,16/11/2024,228,02/07/2025,0
8736,,,100,16/11/2024,229,03/07/2025,0
8736,,,100,16/11/2024,230,04/07/2025,0
8736,,,100,16/11/2024,231,05/07/2025,0
8736,,,100,16/11/2024,232,06/07/2025,0
8736,,,100,16/11/2024,233,07/07/2025,0
8736,,,100,16/11/2024,234,08/07/2025,
8736,,,100,16/11/2024,235,09/07/2025,
8736,,,100,16/11/2024,236,10/07/2025,
8736,,,100,16/11/2024,237,11/07/2025,
8736,,,100,16/11/2024,238,12/07/2025,
8736,,,100,16/11/2024,239,13/07/2025,
8736,,,100,16/11/2024,240,14/07/2025,
8736,,,100,16/11/2024,241,15/07/2025,
8736,,,100,16/11/2024,242,16/07/2025,
8736,,,100,16/11/2024,243,17/07/2025,
8736,,,100,16/11/2024,244,18/07/2025,
8736,,,100,16/11/2024,245,19/07/2025,
8736,,,100,16/11/2024,246,20/07/2025,
8736,,,100,16/11/2024,247,21/07/2025,
8736,,,100,16/11/2024,248,22/07/2025,
8736,,,100,16/11/2024,249,23/07/2025,
8736,,,100,16/11/2024,250,24/07/2025,
8736,,,100,16/11/2024,251,25/07/2025,
8736,,,100,16/11/2024,252,26/07/2025,
8736,,,100,16/11/2024,253,27/07/2025,
8736,,,100,16/11/2024,254,28/07/2025,
8736,,,100,16/11/2024,255,29/07/2025,
8736,,,100,16/11/2024,256,30/07/2025,
8736,,,100,16/11/2024,257,31/07/2025,
8736,,,100,16/11/2024,258,01/08/2025,
8736,,,100,16/11/2024,259,02/08/2025,
8736,,,100,16/11/2024,260,03/08/2025,
8736,,,100,16/11/2024,261,04/08/2025,
8736,,,100,16/11/2024,262,05/08/2025,
8736,,,100,16/11/2024,263,06/08/2025,
8736,,,100,16/11/2024,264,07/08/2025,
8736,,,100,16/11/2024,265,08/08/2025,
8736,,,100,16/11/2024,266,09/08/2025,
8736,,,100,16/11/2024,267,10/08/2025,
8736,,,100,16/11/2024,268,11/08/2025,
8736,,,100,16/11/2024,269,12/08/2025,
8736,,,100,16/11/2024,270,13/08/2025,
8736,,,100,16/11/2024,271,14/08/2025,
8736,,,100,16/11/2024,272,15/08/2025,
8736,,,100,16/11/2024,273,16/08/2025,
8736,,,100,16/11/2024,274,17/08/2025,
8736,,,100,16/11/2024,275,18/08/2025,
8736,,,100,16/11/2024,276,19/08/2025,
8736,,,100,16/11/2024,277,20/08/2025,
8736,,,100,16/11/2024,278,21/08/2025,
8736,,,100,16/11/2024,279,22/08/2025,
8736,,,100,16/11/2024,280,23/08/2025,
8736,,,100,16/11/2024,281,24/08/2025,
8736,,,100,16/11/2024,282,25/08/2025,
8736,,,100,16/11/2024,283,26/08/2025,
8736,,,100,16/11/2024,284,27/08/2025,
8736,,,100,16/11/2024,285,28/08/2025,
8736,,,100,16/11/2024,286,29/08/2025,
8736,,,100,16/11/2024,287,30/08/2025,
8736,,,100,16/11/2024,288,31/08/2025,
8736,,,100,16/11/2024,289,01/09/2025,
8736,,,100,16/11/2024,290,02/09/2025,
8736,,,100,16/11/2024,291,03/09/2025,
8736,,,100,16/11/2024,292,04/09/2025,
8736,,,100,16/11/2024,293,05/09/2025,
8736,,,100,16/11/2024,294,06/09/2025,
8736,,,100,16/11/2024,295,07/09/2025,
8736,,,100,16/11/2024,296,08/09/2025,
8736,,,100,16/11/2024,297,09/09/2025,
8736,,,100,16/11/2024,298,10/09/2025,
8736,,,100,16/11/2024,299,11/09/2025,
8736,,,100,16/11/2024,300,12/09/2025,
8736,,,100,16/11/2024,301,13/09/2025,
8736,,,100,16/11/2024,302,14/09/2025,
8736,,,100,16/11/2024,303,15/09/2025,
8736,,,100,16/11/2024,304,16/09/2025,
8736,,,100,16/11/2024,305,17/09/2025,
8736,,,100,16/11/2024,306,18/09/2025,
8736,,,100,16/11/2024,307,19/09/2025,
8736,,,100,16/11/2024,308,20/09/2025,
8736,,,100,16/11/2024,309,21/09/2025,
8736,,,100,16/11/2024,310,22/09/2025,
8736,,,100,16/11/2024,311,23/09/2025,
8736,,,100,16/11/2024,312,24/09/2025,
8736,,,100,16/11/2024,313,25/09/2025,
