time,temperature_2m,relative_humidity_2m,pressure_msl,precipitation,wind_speed_10m
2025-01-01T00:00,11.6,47,1019.2,0.0,8.5
2025-01-01T01:00,10.6,52,1019.5,0.0,8.9
2025-01-01T02:00,9.6,54,1019.7,0.0,9.1
2025-01-01T03:00,8.9,54,1019.8,0.0,9.2
2025-01-01T04:00,8.2,56,1019.9,0.0,8.3
2025-01-01T05:00,7.4,61,1020.0,0.0,7.9
2025-01-01T06:00,6.8,66,1020.5,0.0,7.6
2025-01-01T07:00,5.3,69,1021.3,0.0,6.8
2025-01-01T08:00,6.5,66,1022.2,0.0,8.8
2025-01-01T09:00,10.7,48,1022.8,0.0,6.7
2025-01-01T10:00,14.9,35,1022.7,0.0,8.3
2025-01-01T11:00,18.6,23,1021.0,0.0,9.9
2025-01-01T12:00,21.6,15,1018.6,0.0,10.5
2025-01-01T13:00,23.4,12,1016.6,0.0,9.4
2025-01-01T14:00,24.2,11,1014.8,0.0,10.1
2025-01-01T15:00,24.4,10,1013.6,0.0,11.8
2025-01-01T16:00,23.9,11,1013.4,0.0,13.7
2025-01-01T17:00,21.8,18,1014.4,0.0,19.6
2025-01-01T18:00,18.0,29,1016.7,0.0,19.7
2025-01-01T19:00,16.2,41,1017.7,0.0,17.1
2025-01-01T20:00,14.4,51,1020.1,0.0,15.4
2025-01-01T21:00,12.9,61,1021.8,0.0,13.7
2025-01-01T22:00,11.8,69,1022.8,0.0,13.4
2025-01-01T23:00,10.7,80,1023.7,0.0,13.2
2025-01-02T00:00,9.9,88,1024.0,0.0,14.8
2025-01-02T01:00,9.2,93,1024.7,0.0,14.6
2025-01-02T02:00,8.8,96,1024.6,0.0,13.3
2025-01-02T03:00,8.2,98,1024.2,0.0,10.8
2025-01-02T04:00,7.8,98,1024.2,0.0,10.3
2025-01-02T05:00,7.3,98,1023.9,0.0,8.7
2025-01-02T06:00,7.4,98,1023.9,0.0,10.7
2025-01-02T07:00,6.7,96,1024.7,0.0,10.6
2025-01-02T08:00,6.8,96,1025.4,0.0,10.8
2025-01-02T09:00,9.1,84,1026.2,0.0,10.6
2025-01-02T10:00,12.9,62,1025.6,0.0,13.9
2025-01-02T11:00,16.4,47,1023.8,0.0,16.0
2025-01-02T12:00,19.0,35,1021.9,0.0,16.4
2025-01-02T13:00,20.9,27,1019.8,0.0,15.5
2025-01-02T14:00,22.0,23,1018.0,0.0,14.3
2025-01-02T15:00,22.4,22,1017.0,0.0,13.2
2025-01-02T16:00,22.0,24,1016.9,0.0,13.4
2025-01-02T17:00,20.5,29,1017.4,0.0,16.0
2025-01-02T18:00,17.7,34,1018.8,0.0,16.7
2025-01-02T19:00,16.0,38,1020.2,0.0,15.4
2025-01-02T20:00,14.8,49,1021.8,0.0,14.2
2025-01-02T21:00,13.3,65,1023.4,0.0,12.1
2025-01-02T22:00,11.8,76,1024.5,0.0,11.7
2025-01-02T23:00,10.8,82,1025.2,0.0,12.5
2025-01-03T00:00,9.7,92,1025.6,0.0,11.8
2025-01-03T01:00,9.2,98,1026.2,0.0,12.2
2025-01-03T02:00,8.8,100,1026.0,0.0,10.6
2025-01-03T03:00,8.9,99,1025.3,0.0,10.2
2025-01-03T04:00,8.9,97,1025.2,0.0,9.6
2025-01-03T05:00,8.6,98,1025.2,0.0,9.3
2025-01-03T06:00,8.4,98,1025.4,0.0,9.7
2025-01-03T07:00,7.6,98,1026.6,0.0,10.9
2025-01-03T08:00,8.4,95,1027.0,0.0,12.0
2025-01-03T09:00,9.6,87,1027.5,0.0,14.1
2025-01-03T10:00,11.8,75,1026.9,0.0,19.1
2025-01-03T11:00,15.1,55,1025.3,0.0,20.5
2025-01-03T12:00,18.0,43,1023.3,0.0,18.1
2025-01-03T13:00,19.5,39,1021.5,0.0,20.2
2025-01-03T14:00,20.4,34,1019.8,0.0,21.3
2025-01-03T15:00,21.0,28,1018.7,0.0,20.7
2025-01-03T16:00,20.8,29,1018.2,0.0,20.1
2025-01-03T17:00,18.5,40,1019.1,0.0,23.4
2025-01-03T18:00,15.6,51,1020.8,0.0,21.7
2025-01-03T19:00,13.4,65,1022.2,0.0,22.9
2025-01-03T20:00,12.1,74,1023.5,0.0,17.6
2025-01-03T21:00,11.2,82,1025.1,0.0,16.3
2025-01-03T22:00,10.9,86,1025.6,0.0,16.9
2025-01-03T23:00,10.6,89,1025.7,0.0,15.9
2025-01-04T00:00,10.9,87,1025.4,0.0,16.0
2025-01-04T01:00,11.1,86,1024.9,0.0,15.4
2025-01-04T02:00,10.8,89,1024.6,0.0,13.6
2025-01-04T03:00,10.1,94,1024.0,0.0,11.1
2025-01-04T04:00,9.7,95,1023.7,0.0,10.6
2025-01-04T05:00,9.5,96,1023.5,0.0,9.6
2025-01-04T06:00,9.3,97,1023.5,0.0,8.7
2025-01-04T07:00,8.4,98,1024.3,0.0,7.5
2025-01-04T08:00,9.3,96,1024.9,0.0,9.0
2025-01-04T09:00,10.9,88,1025.2,0.0,10.6
2025-01-04T10:00,13.5,72,1024.4,0.0,9.2
2025-01-04T11:00,16.8,54,1022.7,0.0,6.4
2025-01-04T12:00,19.8,41,1020.4,0.0,0.5
2025-01-04T13:00,21.4,34,1018.3,0.0,4.0
2025-01-04T14:00,22.6,31,1016.2,0.0,4.2
2025-01-04T15:00,23.1,29,1014.7,0.0,5.6
2025-01-04T16:00,22.5,29,1014.3,0.0,7.7
2025-01-04T17:00,21.0,31,1015.0,0.0,7.8
2025-01-04T18:00,18.0,48,1016.5,0.0,10.1
2025-01-04T19:00,15.8,59,1016.5,0.0,1.7
2025-01-04T20:00,14.1,79,1018.4,0.7,8.7
2025-01-04T21:00,13.1,82,1019.1,0.0,2.8
2025-01-04T22:00,11.7,91,1019.4,0.0,2.0
2025-01-04T23:00,10.6,92,1019.7,0.0,4.4
2025-01-05T00:00,9.9,90,1019.7,0.0,3.6
2025-01-05T01:00,9.4,91,1019.8,0.0,1.0
2025-01-05T02:00,9.1,91,1019.9,0.0,4.0
2025-01-05T03:00,9.5,84,1019.3,0.0,5.0
2025-01-05T04:00,8.8,82,1019.3,0.0,4.6
2025-01-05T05:00,8.7,81,1019.4,0.0,1.0
2025-01-05T06:00,8.4,83,1019.9,0.0,0.4
2025-01-05T07:00,7.3,90,1021.0,0.0,1.7
2025-01-05T08:00,8.4,83,1021.3,0.0,4.1
2025-01-05T09:00,12.9,61,1022.0,0.0,3.6
2025-01-05T10:00,16.4,49,1021.6,0.0,7.4
2025-01-05T11:00,19.0,39,1020.0,0.0,13.7
2025-01-05T12:00,20.8,32,1018.3,0.0,14.8
2025-01-05T13:00,21.4,29,1016.9,0.0,16.2
2025-01-05T14:00,21.6,28,1015.5,0.0,16.6
2025-01-05T15:00,22.0,26,1014.5,0.0,16.4
2025-01-05T16:00,21.6,26,1014.2,0.0,15.5
2025-01-05T17:00,21.2,27,1014.5,0.0,14.2
2025-01-05T18:00,19.2,32,1015.4,0.0,10.7
2025-01-05T19:00,16.6,45,1016.8,0.0,15.8
2025-01-05T20:00,15.1,52,1017.8,0.0,14.1
2025-01-05T21:00,13.6,55,1018.1,0.0,6.8
2025-01-05T22:00,12.1,60,1019.2,0.0,5.6
2025-01-05T23:00,11.0,67,1019.7,0.0,5.9
2025-01-06T00:00,10.0,72,1019.6,0.0,5.2
2025-01-06T01:00,9.6,74,1019.7,0.0,1.5
2025-01-06T02:00,8.4,77,1019.7,0.0,2.1
2025-01-06T03:00,7.8,80,1019.7,0.0,3.2
2025-01-06T04:00,7.7,80,1019.8,0.0,2.6
2025-01-06T05:00,7.4,80,1019.9,0.0,2.3
2025-01-06T06:00,6.5,86,1020.9,0.0,4.9
2025-01-06T07:00,5.2,95,1021.8,0.0,5.1
2025-01-06T08:00,7.2,87,1022.4,0.0,7.1
2025-01-06T09:00,11.1,66,1023.7,0.0,8.0
2025-01-06T10:00,13.8,57,1023.5,0.0,12.7
2025-01-06T11:00,15.9,54,1022.4,0.0,16.1
2025-01-06T12:00,17.4,49,1021.0,0.0,17.2
2025-01-06T13:00,17.9,46,1019.4,0.0,15.9
2025-01-06T14:00,18.2,43,1017.8,0.0,14.0
2025-01-06T15:00,18.4,44,1017.0,0.0,11.9
2025-01-06T16:00,18.9,42,1016.2,0.0,10.4
2025-01-06T17:00,18.6,42,1016.3,0.0,10.1
2025-01-06T18:00,16.6,53,1018.0,0.2,17.4
2025-01-06T19:00,15.1,61,1018.7,0.0,8.2
2025-01-06T20:00,14.0,70,1020.1,0.0,12.1
2025-01-06T21:00,11.9,83,1021.7,0.0,7.3
2025-01-06T22:00,10.9,90,1022.3,0.0,7.8
2025-01-06T23:00,9.9,95,1022.6,0.0,5.9
2025-01-07T00:00,9.6,97,1022.3,0.0,4.9
2025-01-07T01:00,8.8,99,1022.0,0.0,3.7
2025-01-07T02:00,8.6,100,1021.4,0.0,3.9
2025-01-07T03:00,8.3,100,1020.7,0.0,5.2
2025-01-07T04:00,8.1,100,1020.7,0.0,4.9
2025-01-07T05:00,7.8,100,1020.5,0.0,5.4
2025-01-07T06:00,7.8,100,1021.0,0.0,5.8
2025-01-07T07:00,7.7,100,1021.8,0.0,4.8
2025-01-07T08:00,7.8,99,1022.4,0.0,5.2
2025-01-07T09:00,9.7,93,1023.0,0.0,3.4
2025-01-07T10:00,14.6,64,1022.6,0.0,2.1
2025-01-07T11:00,17.4,47,1021.1,0.0,4.1
2025-01-07T12:00,18.9,41,1019.5,0.0,9.3
2025-01-07T13:00,21.2,35,1017.9,0.0,17.3
2025-01-07T14:00,20.3,35,1016.9,0.0,17.4
2025-01-07T15:00,21.2,32,1016.2,0.0,18.0
2025-01-07T16:00,19.2,37,1016.7,0.0,17.6
2025-01-07T17:00,18.0,40,1017.5,0.0,15.2
2025-01-07T18:00,17.1,41,1018.2,0.0,11.5
2025-01-07T19:00,15.9,45,1018.5,0.0,8.6
2025-01-07T20:00,14.4,51,1020.1,0.0,2.1
2025-01-07T21:00,12.7,72,1022.6,0.0,12.1
2025-01-07T22:00,11.5,83,1023.6,0.0,7.6
2025-01-07T23:00,11.1,85,1023.7,0.0,7.5
2025-01-08T00:00,10.1,88,1023.4,0.0,6.7
2025-01-08T01:00,9.1,92,1023.3,0.0,6.3
2025-01-08T02:00,9.2,93,1023.2,0.0,6.4
2025-01-08T03:00,9.1,94,1022.8,0.0,6.8
2025-01-08T04:00,8.1,98,1022.9,0.0,6.3
2025-01-08T05:00,8.1,99,1023.0,0.0,7.2
2025-01-08T06:00,8.6,99,1023.3,0.0,7.6
2025-01-08T07:00,7.0,100,1023.8,0.0,8.7
2025-01-08T08:00,7.6,100,1024.9,0.0,12.8
2025-01-08T09:00,9.2,94,1025.4,0.0,15.5
2025-01-08T10:00,11.4,81,1025.2,0.0,15.0
2025-01-08T11:00,15.1,62,1023.6,0.0,12.1
2025-01-08T12:00,17.3,52,1021.7,0.0,12.2
2025-01-08T13:00,18.9,47,1019.4,0.0,11.2
2025-01-08T14:00,20.0,45,1017.6,0.1,8.8
2025-01-08T15:00,21.0,44,1016.0,0.0,3.4
2025-01-08T16:00,19.5,48,1016.0,0.0,15.8
2025-01-08T17:00,18.4,54,1016.7,1.4,10.6
2025-01-08T18:00,16.6,63,1017.7,0.0,9.3
2025-01-08T19:00,12.4,86,1020.5,1.8,10.1
2025-01-08T20:00,11.8,91,1021.1,0.7,3.9
2025-01-08T21:00,11.4,93,1022.3,0.0,5.8
2025-01-08T22:00,10.9,95,1022.8,0.0,5.8
2025-01-08T23:00,9.9,96,1022.9,0.0,7.1
2025-01-09T00:00,8.9,97,1022.3,0.0,5.3
2025-01-09T01:00,8.6,98,1021.8,0.0,5.2
2025-01-09T02:00,7.9,99,1021.2,0.0,5.2
2025-01-09T03:00,7.2,100,1020.6,0.0,4.5
2025-01-09T04:00,7.6,100,1020.2,0.0,3.6
2025-01-09T05:00,7.8,100,1019.4,0.0,4.2
2025-01-09T06:00,7.8,100,1019.4,0.0,3.8
2025-01-09T07:00,7.7,99,1020.3,0.0,4.4
2025-01-09T08:00,7.7,100,1020.6,0.0,3.5
2025-01-09T09:00,9.4,98,1020.9,0.0,2.3
2025-01-09T10:00,13.1,80,1020.2,0.0,3.4
2025-01-09T11:00,17.2,63,1017.4,0.0,4.7
2025-01-09T12:00,21.3,38,1014.6,0.0,21.0
2025-01-09T13:00,21.9,35,1012.8,0.0,27.4
2025-01-09T14:00,22.5,33,1011.4,0.0,27.5
2025-01-09T15:00,22.4,32,1010.8,0.0,31.3
2025-01-09T16:00,21.5,33,1010.5,0.0,27.1
2025-01-09T17:00,20.5,37,1011.0,0.0,24.9
2025-01-09T18:00,18.3,43,1011.9,0.0,18.1
2025-01-09T19:00,16.4,48,1013.0,0.0,14.8
2025-01-09T20:00,15.1,54,1014.2,0.0,13.4
2025-01-09T21:00,14.3,60,1015.0,0.0,12.6
2025-01-09T22:00,13.6,64,1015.4,0.0,10.9
2025-01-09T23:00,12.5,69,1015.1,0.0,7.4
2025-01-10T00:00,11.2,75,1015.1,0.0,7.2
2025-01-10T01:00,11.4,74,1014.7,0.0,8.2
2025-01-10T02:00,11.2,76,1014.3,0.0,9.0
2025-01-10T03:00,10.9,78,1014.5,0.0,9.1
2025-01-10T04:00,10.1,84,1014.8,0.0,7.4
2025-01-10T05:00,9.5,86,1014.9,0.0,6.5
2025-01-10T06:00,9.2,85,1014.9,0.0,5.3
2025-01-10T07:00,8.8,90,1015.7,0.0,5.2
2025-01-10T08:00,9.6,90,1016.7,0.0,2.7
2025-01-10T09:00,13.3,74,1017.3,0.0,3.7
2025-01-10T10:00,16.5,61,1016.6,0.0,5.4
2025-01-10T11:00,20.0,43,1015.0,0.0,18.0
2025-01-10T12:00,20.6,40,1013.5,0.0,22.2
2025-01-10T13:00,20.6,40,1012.2,0.0,20.7
2025-01-10T14:00,21.2,38,1010.3,0.0,22.9
2025-01-10T15:00,20.2,43,1010.1,0.0,22.4
2025-01-10T16:00,19.9,44,1009.9,0.0,19.1
2025-01-10T17:00,20.0,43,1009.7,0.0,19.6
2025-01-10T18:00,18.0,52,1011.2,0.0,14.5
2025-01-10T19:00,15.3,68,1013.3,0.0,9.0
2025-01-10T20:00,14.8,71,1014.7,0.0,9.1
2025-01-10T21:00,13.6,79,1015.8,0.0,6.5
2025-01-10T22:00,12.8,86,1016.2,0.1,3.8
2025-01-10T23:00,11.8,92,1016.0,0.2,3.7
2025-01-11T00:00,11.8,92,1015.4,0.2,2.0
2025-01-11T01:00,12.1,95,1015.5,0.3,4.3
2025-01-11T02:00,12.1,96,1015.2,0.4,2.9
2025-01-11T03:00,11.7,98,1014.9,0.7,3.5
2025-01-11T04:00,11.4,99,1014.3,0.6,7.1
2025-01-11T05:00,10.8,98,1014.1,0.1,6.9
2025-01-11T06:00,10.2,98,1013.9,0.0,5.0
2025-01-11T07:00,9.9,94,1014.1,0.0,6.0
2025-01-11T08:00,10.6,88,1015.1,0.0,5.8
2025-01-11T09:00,14.0,74,1015.4,0.0,5.1
2025-01-11T10:00,17.1,57,1015.0,0.0,13.0
2025-01-11T11:00,18.8,51,1014.0,0.0,20.3
2025-01-11T12:00,19.5,49,1012.8,0.0,21.2
2025-01-11T13:00,20.2,46,1011.3,0.0,19.8
2025-01-11T14:00,21.1,43,1009.8,0.0,23.4
2025-01-11T15:00,21.8,39,1008.7,0.0,25.5
2025-01-11T16:00,21.8,37,1008.2,0.0,23.4
2025-01-11T17:00,20.4,42,1008.9,0.0,21.5
2025-01-11T18:00,18.0,56,1010.5,0.0,15.1
2025-01-11T19:00,15.4,66,1011.8,0.0,10.6
2025-01-11T20:00,13.9,75,1013.3,0.0,11.3
2025-01-11T21:00,13.1,80,1014.3,0.0,11.5
2025-01-11T22:00,11.9,86,1015.2,0.0,7.6
2025-01-11T23:00,10.5,92,1015.3,0.0,5.2
2025-01-12T00:00,9.9,95,1015.2,0.0,5.1
2025-01-12T01:00,9.9,95,1014.9,0.0,6.1
2025-01-12T02:00,9.3,95,1014.4,0.0,5.2
2025-01-12T03:00,9.4,96,1014.2,0.0,4.9
2025-01-12T04:00,9.2,97,1014.1,0.0,5.7
2025-01-12T05:00,9.0,97,1013.8,0.0,5.0
2025-01-12T06:00,8.9,97,1014.1,0.0,5.0
2025-01-12T07:00,9.4,90,1014.2,0.0,6.3
2025-01-12T08:00,10.9,86,1015.1,0.0,7.6
2025-01-12T09:00,13.7,76,1016.2,0.0,8.6
2025-01-12T10:00,15.8,66,1016.2,0.0,12.3
2025-01-12T11:00,18.9,49,1015.3,0.0,18.1
2025-01-12T12:00,20.1,43,1014.0,0.0,19.5
2025-01-12T13:00,20.6,42,1012.8,0.0,20.0
2025-01-12T14:00,22.0,38,1011.1,0.0,18.8
2025-01-12T15:00,22.1,36,1010.3,0.0,19.2
2025-01-12T16:00,21.9,36,1010.7,0.0,18.2
2025-01-12T17:00,20.5,40,1011.6,0.0,17.4
2025-01-12T18:00,18.7,47,1012.9,0.0,12.8
2025-01-12T19:00,15.5,60,1014.4,0.0,6.6
2025-01-12T20:00,14.1,66,1015.6,0.0,5.5
2025-01-12T21:00,12.8,70,1016.8,0.0,5.6
2025-01-12T22:00,11.8,70,1018.1,0.0,3.7
2025-01-12T23:00,11.4,71,1018.8,0.0,1.4
2025-01-13T00:00,10.1,79,1019.2,0.0,2.7
2025-01-13T01:00,9.6,85,1019.2,0.0,1.7
2025-01-13T02:00,9.1,87,1019.2,0.0,0.4
2025-01-13T03:00,8.5,88,1019.0,0.0,0.6
2025-01-13T04:00,8.4,88,1019.4,0.0,0.6
2025-01-13T05:00,8.4,88,1019.7,0.0,0.7
2025-01-13T06:00,8.1,89,1020.1,0.0,0.3
2025-01-13T07:00,6.9,89,1020.0,0.0,3.8
2025-01-13T08:00,8.2,86,1020.7,0.0,3.6
2025-01-13T09:00,12.0,70,1021.6,0.0,1.5
2025-01-13T10:00,15.4,55,1021.4,0.0,5.2
2025-01-13T11:00,17.1,46,1020.5,0.0,5.5
2025-01-13T12:00,19.1,37,1018.9,0.0,5.1
2025-01-13T13:00,20.5,33,1017.2,0.0,3.5
2025-01-13T14:00,21.5,32,1015.6,0.0,1.0
2025-01-13T15:00,22.1,31,1014.3,0.0,5.4
2025-01-13T16:00,22.4,28,1013.9,0.0,8.2
2025-01-13T17:00,22.1,27,1013.8,0.0,8.9
2025-01-13T18:00,19.3,36,1015.1,0.0,11.9
2025-01-13T19:00,15.6,52,1017.6,0.0,17.3
2025-01-13T20:00,12.8,69,1020.2,0.0,12.0
2025-01-13T21:00,12.5,70,1021.4,0.0,11.5
2025-01-13T22:00,11.0,76,1022.6,0.0,10.8
2025-01-13T23:00,9.8,81,1023.5,0.0,9.0
2025-01-14T00:00,8.6,86,1023.7,0.0,6.7
2025-01-14T01:00,7.9,89,1023.6,0.0,5.4
2025-01-14T02:00,7.3,92,1023.6,0.0,4.8
2025-01-14T03:00,6.2,96,1023.1,0.0,4.7
2025-01-14T04:00,5.4,98,1023.1,0.0,4.4
2025-01-14T05:00,5.1,99,1023.0,0.0,5.1
2025-01-14T06:00,4.9,99,1023.3,0.0,3.8
2025-01-14T07:00,4.3,100,1024.0,0.0,3.8
2025-01-14T08:00,6.0,100,1025.1,0.0,7.7
2025-01-14T09:00,8.9,88,1025.9,0.0,6.4
2025-01-14T10:00,12.5,66,1026.0,0.0,3.5
2025-01-14T11:00,14.9,54,1024.6,0.0,3.2
2025-01-14T12:00,19.5,36,1022.2,0.0,4.1
2025-01-14T13:00,21.5,29,1019.8,0.0,6.3
2025-01-14T14:00,22.7,27,1017.9,0.0,6.9
2025-01-14T15:00,23.6,25,1016.4,0.0,4.0
2025-01-14T16:00,23.9,24,1015.4,0.0,3.9
2025-01-14T17:00,23.2,25,1015.6,0.0,9.2
2025-01-14T18:00,21.0,32,1016.8,0.3,0.9
2025-01-14T19:00,17.7,35,1018.3,0.0,6.7
2025-01-14T20:00,15.4,53,1021.6,0.0,15.0
2025-01-14T21:00,14.3,57,1022.5,0.0,8.7
2025-01-14T22:00,13.4,62,1023.8,0.0,10.3
2025-01-14T23:00,12.5,67,1024.0,0.0,9.7
2025-01-15T00:00,11.3,74,1024.1,0.0,9.0
2025-01-15T01:00,10.6,78,1024.0,0.0,7.9
2025-01-15T02:00,9.5,85,1023.8,0.0,5.6
2025-01-15T03:00,8.7,89,1023.5,0.0,4.5
2025-01-15T04:00,8.5,88,1023.4,0.0,1.8
2025-01-15T05:00,8.1,90,1023.6,0.0,1.5
2025-01-15T06:00,7.4,93,1023.6,0.0,5.5
2025-01-15T07:00,6.8,97,1024.7,0.0,4.4
2025-01-15T08:00,8.3,96,1025.4,0.0,4.2
2025-01-15T09:00,12.1,77,1025.8,0.0,4.2
2025-01-15T10:00,15.9,59,1025.7,0.0,6.3
2025-01-15T11:00,19.1,45,1024.1,0.0,7.0
2025-01-15T12:00,21.7,34,1022.1,0.0,7.3
2025-01-15T13:00,23.6,28,1020.0,0.0,7.0
2025-01-15T14:00,24.6,24,1018.1,0.0,6.3
2025-01-15T15:00,24.9,23,1017.0,0.0,5.8
2025-01-15T16:00,24.8,23,1016.4,0.0,6.6
2025-01-15T17:00,24.1,24,1016.7,0.0,7.3
2025-01-15T18:00,22.4,27,1017.4,0.0,12.4
2025-01-15T19:00,19.5,42,1019.2,0.0,16.7
2025-01-15T20:00,16.9,53,1021.8,0.0,17.0
2025-01-15T21:00,15.3,61,1023.8,0.0,14.2
2025-01-15T22:00,14.1,70,1024.9,0.0,14.9
2025-01-15T23:00,12.9,79,1025.9,0.0,14.4
2025-01-16T00:00,11.8,86,1026.4,0.0,14.0
2025-01-16T01:00,10.7,92,1026.7,0.0,13.8
2025-01-16T02:00,10.2,94,1026.8,0.0,14.8
2025-01-16T03:00,9.5,96,1026.3,0.0,14.8
2025-01-16T04:00,9.3,96,1026.2,0.0,14.2
2025-01-16T05:00,9.1,98,1026.1,0.0,13.2
2025-01-16T06:00,9.1,97,1026.8,0.0,12.7
2025-01-16T07:00,8.6,96,1027.3,0.0,12.5
2025-01-16T08:00,8.9,95,1027.8,0.0,12.8
2025-01-16T09:00,10.8,83,1028.1,0.0,17.3
2025-01-16T10:00,13.9,66,1027.3,0.0,13.5
2025-01-16T11:00,16.9,53,1025.7,0.0,11.3
2025-01-16T12:00,19.9,41,1023.2,0.0,11.4
2025-01-16T13:00,22.4,32,1020.4,0.0,10.4
2025-01-16T14:00,24.0,26,1018.1,0.0,9.7
2025-01-16T15:00,24.9,23,1016.2,0.0,9.0
2025-01-16T16:00,25.0,22,1015.5,0.0,6.9
2025-01-16T17:00,24.3,23,1015.7,0.0,9.3
2025-01-16T18:00,20.4,41,1017.1,0.0,18.3
2025-01-16T19:00,17.0,53,1018.9,0.0,16.6
2025-01-16T20:00,15.4,61,1020.9,0.0,9.0
2025-01-16T21:00,14.0,67,1022.6,0.0,11.4
2025-01-16T22:00,12.9,74,1023.6,0.0,11.5
2025-01-16T23:00,11.8,81,1024.4,0.0,9.5
2025-01-17T00:00,10.4,88,1024.7,0.0,8.1
2025-01-17T01:00,9.0,95,1024.4,0.0,3.9
2025-01-17T02:00,8.4,97,1023.6,0.0,2.7
2025-01-17T03:00,7.8,100,1022.3,0.0,0.6
2025-01-17T04:00,7.3,100,1021.9,0.0,2.2
2025-01-17T05:00,7.4,98,1022.0,0.0,2.2
2025-01-17T06:00,7.4,97,1022.1,0.0,1.1
2025-01-17T07:00,7.6,96,1022.3,0.0,0.3
2025-01-17T08:00,8.4,96,1022.6,0.0,0.8
2025-01-17T09:00,12.4,75,1023.0,0.0,1.5
2025-01-17T10:00,17.5,56,1022.6,0.0,6.1
2025-01-17T11:00,21.1,40,1020.7,0.0,14.6
2025-01-17T12:00,22.9,31,1019.2,0.0,17.9
2025-01-17T13:00,24.0,27,1017.1,0.0,18.2
2025-01-17T14:00,24.8,24,1015.2,0.0,17.5
2025-01-17T15:00,25.1,23,1013.6,0.0,17.1
2025-01-17T16:00,25.0,23,1013.2,0.0,16.6
2025-01-17T17:00,24.4,25,1013.2,0.0,16.6
2025-01-17T18:00,22.8,26,1013.7,0.0,13.2
2025-01-17T19:00,20.0,32,1014.4,0.0,8.5
2025-01-17T20:00,19.0,33,1015.5,0.0,9.8
2025-01-17T21:00,18.1,34,1016.8,0.0,11.4
2025-01-17T22:00,16.9,39,1017.9,0.0,10.5
2025-01-17T23:00,15.6,48,1018.4,0.0,8.3
2025-01-18T00:00,14.2,60,1018.8,0.0,7.4
2025-01-18T01:00,12.9,73,1018.8,0.0,6.5
2025-01-18T02:00,11.8,82,1019.0,0.0,6.1
2025-01-18T03:00,11.1,86,1018.8,0.0,6.5
2025-01-18T04:00,10.7,87,1019.1,0.0,7.2
2025-01-18T05:00,10.2,88,1019.3,0.0,6.7
2025-01-18T06:00,9.6,90,1020.0,0.0,6.1
2025-01-18T07:00,9.6,91,1021.3,0.0,7.4
2025-01-18T08:00,10.2,89,1022.0,0.0,7.6
2025-01-18T09:00,14.2,69,1022.1,0.0,4.3
2025-01-18T10:00,18.1,47,1020.9,0.0,6.5
2025-01-18T11:00,21.5,32,1019.3,0.0,11.1
2025-01-18T12:00,23.5,24,1017.7,0.0,15.5
2025-01-18T13:00,24.9,19,1015.9,0.0,17.8
2025-01-18T14:00,25.5,17,1014.2,0.0,20.0
2025-01-18T15:00,25.5,17,1013.1,0.0,21.3
2025-01-18T16:00,25.2,17,1012.7,0.0,20.4
2025-01-18T17:00,24.6,16,1012.8,0.0,18.4
2025-01-18T18:00,22.9,18,1013.4,0.0,15.1
2025-01-18T19:00,19.9,23,1014.6,0.0,9.6
2025-01-18T20:00,18.6,26,1015.5,0.0,10.1
2025-01-18T21:00,17.5,28,1016.5,0.0,9.4
2025-01-18T22:00,15.8,32,1017.5,0.0,8.3
2025-01-18T23:00,15.0,34,1018.1,0.0,9.1
2025-01-19T00:00,14.8,34,1018.1,0.0,11.5
2025-01-19T01:00,14.4,36,1018.1,0.0,10.9
2025-01-19T02:00,13.4,40,1018.1,0.0,9.4
2025-01-19T03:00,12.1,46,1018.0,0.0,7.4
2025-01-19T04:00,10.6,54,1018.0,0.0,5.4
2025-01-19T05:00,10.0,59,1018.3,0.0,2.5
2025-01-19T06:00,9.5,65,1019.0,0.0,1.2
2025-01-19T07:00,8.3,80,1020.3,0.0,1.5
2025-01-19T08:00,8.8,80,1020.9,0.0,2.2
2025-01-19T09:00,13.6,57,1021.5,0.0,2.4
2025-01-19T10:00,17.4,42,1021.0,0.0,3.4
2025-01-19T11:00,20.4,34,1019.4,0.0,1.2
2025-01-19T12:00,22.8,24,1017.6,0.0,3.6
2025-01-19T13:00,24.7,18,1015.3,0.0,7.6
2025-01-19T14:00,26.0,16,1012.9,0.0,11.8
2025-01-19T15:00,26.4,15,1011.6,0.0,16.2
2025-01-19T16:00,26.2,15,1010.9,0.0,13.7
2025-01-19T17:00,24.2,15,1011.7,0.0,6.8
2025-01-19T18:00,16.5,49,1015.7,0.0,20.4
2025-01-19T19:00,13.6,62,1017.7,0.0,17.7
2025-01-19T20:00,13.6,62,1018.8,0.0,15.1
2025-01-19T21:00,11.1,74,1021.0,0.0,15.8
2025-01-19T22:00,10.4,78,1021.7,0.0,14.6
2025-01-19T23:00,9.5,82,1022.0,0.0,13.0
2025-01-20T00:00,8.5,87,1021.7,0.0,11.3
2025-01-20T01:00,7.3,92,1021.9,0.0,9.0
2025-01-20T02:00,6.3,98,1021.3,0.0,6.6
2025-01-20T03:00,5.8,100,1020.8,0.0,5.5
2025-01-20T04:00,5.2,100,1020.1,0.0,6.6
2025-01-20T05:00,4.8,100,1020.1,0.0,5.9
2025-01-20T06:00,4.8,100,1020.2,0.0,5.0
2025-01-20T07:00,4.8,100,1020.6,0.0,4.6
2025-01-20T08:00,5.7,99,1021.3,0.0,3.7
2025-01-20T09:00,8.9,84,1021.6,0.0,2.1
2025-01-20T10:00,14.1,59,1021.2,0.0,0.9
2025-01-20T11:00,18.0,45,1019.1,0.0,4.6
2025-01-20T12:00,21.0,34,1017.5,0.0,12.1
2025-01-20T13:00,23.3,19,1015.1,0.0,20.0
2025-01-20T14:00,23.9,18,1013.5,0.0,19.8
2025-01-20T15:00,24.2,17,1012.0,0.0,21.0
2025-01-20T16:00,23.9,19,1011.5,0.0,21.9
2025-01-20T17:00,22.5,24,1012.1,0.0,23.1
2025-01-20T18:00,20.9,27,1013.3,0.0,19.3
2025-01-20T19:00,18.5,35,1014.8,0.0,14.9
2025-01-20T20:00,17.0,39,1016.0,0.0,12.1
2025-01-20T21:00,15.7,49,1017.5,0.0,11.8
2025-01-20T22:00,14.4,54,1018.2,0.0,8.7
2025-01-20T23:00,12.9,59,1018.7,0.0,6.9
2025-01-21T00:00,11.7,63,1018.9,0.0,5.8
2025-01-21T01:00,10.9,65,1019.1,0.0,4.7
2025-01-21T02:00,10.1,67,1019.1,0.0,2.9
2025-01-21T03:00,9.4,71,1018.9,0.0,2.3
2025-01-21T04:00,8.6,76,1019.1,0.0,1.8
2025-01-21T05:00,7.9,79,1019.5,0.0,1.2
2025-01-21T06:00,7.2,82,1020.1,0.0,0.7
2025-01-21T07:00,6.2,89,1021.2,0.0,0.7
2025-01-21T08:00,6.8,87,1022.2,0.0,1.2
2025-01-21T09:00,11.6,63,1022.9,0.0,2.2
2025-01-21T10:00,15.2,49,1022.6,0.0,1.8
2025-01-21T11:00,18.4,39,1021.0,0.0,4.0
2025-01-21T12:00,21.5,25,1018.8,0.0,11.1
2025-01-21T13:00,23.5,17,1016.8,0.0,14.1
2025-01-21T14:00,24.2,16,1015.3,0.0,15.3
2025-01-21T15:00,24.6,15,1014.0,0.0,13.2
2025-01-21T16:00,24.5,15,1013.2,0.0,11.7
2025-01-21T17:00,24.3,16,1013.2,0.0,12.0
2025-01-21T18:00,16.8,34,1017.2,0.0,20.5
2025-01-21T19:00,8.6,67,1022.8,0.0,19.0
2025-01-21T20:00,8.1,65,1024.6,0.0,18.4
2025-01-21T21:00,5.1,76,1027.4,0.0,20.9
2025-01-21T22:00,3.5,82,1029.4,0.0,18.8
2025-01-21T23:00,2.9,82,1030.1,0.0,18.1
2025-01-22T00:00,2.5,82,1030.5,0.0,17.6
2025-01-22T01:00,2.0,83,1030.4,0.0,15.6
2025-01-22T02:00,1.5,84,1030.1,0.0,13.0
2025-01-22T03:00,1.8,84,1028.9,0.0,12.8
2025-01-22T04:00,1.6,85,1028.5,0.0,9.0
2025-01-22T05:00,1.4,86,1028.6,0.0,7.7
2025-01-22T06:00,1.2,87,1028.6,0.0,5.5
2025-01-22T07:00,0.6,91,1029.1,0.0,5.8
2025-01-22T08:00,1.4,85,1029.3,0.0,7.5
2025-01-22T09:00,4.2,70,1028.9,0.0,7.2
2025-01-22T10:00,8.1,56,1027.0,0.0,6.0
2025-01-22T11:00,12.6,44,1024.6,0.0,3.7
2025-01-22T12:00,16.7,34,1021.6,0.0,3.3
2025-01-22T13:00,19.9,28,1018.9,0.0,7.7
2025-01-22T14:00,22.2,23,1016.3,0.0,13.4
2025-01-22T15:00,23.2,21,1014.7,0.0,17.3
2025-01-22T16:00,23.5,18,1013.8,0.0,18.3
2025-01-22T17:00,22.7,20,1013.8,0.0,17.0
2025-01-22T18:00,20.5,24,1014.7,0.0,13.0
2025-01-22T19:00,17.8,28,1015.2,0.0,10.3
2025-01-22T20:00,16.1,31,1016.1,0.0,7.1
2025-01-22T21:00,14.4,36,1017.1,0.0,5.0
2025-01-22T22:00,13.5,40,1017.7,0.0,1.8
2025-01-22T23:00,11.8,46,1018.5,0.0,1.4
2025-01-23T00:00,10.1,58,1018.9,0.0,2.0
2025-01-23T01:00,8.7,68,1018.8,0.0,1.9
2025-01-23T02:00,8.1,74,1019.0,0.0,0.5
2025-01-23T03:00,7.3,80,1018.9,0.0,1.3
2025-01-23T04:00,6.7,84,1018.8,0.0,1.6
2025-01-23T05:00,6.4,85,1019.5,0.0,0.5
2025-01-23T06:00,6.2,85,1020.3,0.0,0.2
2025-01-23T07:00,6.3,83,1021.8,0.0,0.6
2025-01-23T08:00,7.5,78,1022.6,0.0,1.8
2025-01-23T09:00,11.4,61,1023.5,0.0,3.9
2025-01-23T10:00,15.6,47,1023.2,0.0,2.3
2025-01-23T11:00,18.8,37,1021.6,0.0,1.3
2025-01-23T12:00,21.0,29,1019.6,0.0,3.7
2025-01-23T13:00,22.8,23,1017.5,0.0,5.4
2025-01-23T14:00,24.0,18,1015.5,0.0,8.2
2025-01-23T15:00,24.5,17,1013.9,0.0,11.0
2025-01-23T16:00,24.3,17,1013.0,0.0,12.8
2025-01-23T17:00,23.7,18,1012.8,0.0,12.8
2025-01-23T18:00,22.0,20,1013.5,0.0,8.0
2025-01-23T19:00,17.0,39,1016.9,0.0,19.2
2025-01-23T20:00,12.2,61,1020.5,0.0,12.4
2025-01-23T21:00,11.4,64,1021.9,0.0,17.2
2025-01-23T22:00,9.7,71,1023.1,0.0,15.6
2025-01-23T23:00,8.6,77,1024.4,0.0,15.9
2025-01-24T00:00,7.7,82,1025.1,0.0,15.5
2025-01-24T01:00,7.2,87,1025.3,0.0,14.8
2025-01-24T02:00,6.9,90,1025.3,0.0,16.6
2025-01-24T03:00,6.8,91,1025.2,0.0,16.7
2025-01-24T04:00,6.9,90,1025.2,0.0,18.6
2025-01-24T05:00,7.1,89,1025.6,0.0,18.4
2025-01-24T06:00,7.2,87,1025.9,0.0,19.6
2025-01-24T07:00,6.8,89,1026.8,0.0,17.7
2025-01-24T08:00,6.8,89,1027.6,0.0,18.3
2025-01-24T09:00,7.7,83,1028.5,0.0,21.0
2025-01-24T10:00,9.1,75,1028.4,0.0,21.8
2025-01-24T11:00,10.6,67,1027.9,0.0,22.5
2025-01-24T12:00,13.4,54,1025.8,0.0,21.6
2025-01-24T13:00,15.7,46,1023.6,0.0,20.6
2025-01-24T14:00,16.6,43,1021.8,0.0,20.1
2025-01-24T15:00,17.5,39,1020.2,0.0,19.8
2025-01-24T16:00,17.6,38,1019.2,0.0,20.0
2025-01-24T17:00,16.6,41,1019.3,0.0,19.8
2025-01-24T18:00,14.9,48,1020.2,0.0,18.7
2025-01-24T19:00,11.9,60,1022.1,0.0,16.5
2025-01-24T20:00,10.1,68,1023.8,0.0,15.7
2025-01-24T21:00,9.3,72,1025.1,0.0,17.2
2025-01-24T22:00,8.1,79,1026.0,0.0,17.3
2025-01-24T23:00,7.3,85,1026.2,0.0,16.0
2025-01-25T00:00,6.7,90,1026.4,0.0,14.8
2025-01-25T01:00,6.3,92,1026.2,0.0,14.7
2025-01-25T02:00,6.2,93,1026.0,0.0,13.1
2025-01-25T03:00,5.8,96,1025.6,0.0,9.2
2025-01-25T04:00,5.4,98,1025.2,0.0,7.1
2025-01-25T05:00,5.2,99,1025.2,0.0,6.9
2025-01-25T06:00,4.9,100,1025.4,0.0,7.9
2025-01-25T07:00,4.5,100,1026.1,0.0,8.0
2025-01-25T08:00,5.0,98,1026.5,0.0,8.7
2025-01-25T09:00,7.2,86,1027.1,0.0,6.9
2025-01-25T10:00,10.9,68,1026.1,0.0,4.7
2025-01-25T11:00,15.4,50,1023.8,0.0,3.2
2025-01-25T12:00,19.4,39,1021.3,0.0,1.7
2025-01-25T13:00,21.8,32,1019.0,0.0,4.0
2025-01-25T14:00,22.5,29,1017.0,0.0,4.3
2025-01-25T15:00,23.1,26,1015.4,0.0,5.4
2025-01-25T16:00,23.3,25,1014.5,0.0,8.7
2025-01-25T17:00,22.8,23,1014.3,0.0,10.1
2025-01-25T18:00,21.8,22,1015.0,0.0,7.1
2025-01-25T19:00,19.0,26,1016.2,0.0,4.5
2025-01-25T20:00,18.0,37,1018.9,0.0,13.6
2025-01-25T21:00,15.9,49,1020.7,0.0,7.3
2025-01-25T22:00,15.0,52,1021.5,0.0,8.8
2025-01-25T23:00,13.9,56,1021.4,0.0,7.0
2025-01-26T00:00,12.2,63,1021.5,0.0,4.2
2025-01-26T01:00,11.1,68,1021.7,0.0,3.2
2025-01-26T02:00,9.9,75,1021.9,0.0,4.8
2025-01-26T03:00,9.4,78,1021.8,0.0,3.6
2025-01-26T04:00,9.1,78,1021.7,0.0,2.2
2025-01-26T05:00,8.9,79,1021.8,0.0,1.6
2025-01-26T06:00,8.4,80,1022.1,0.0,1.9
2025-01-26T07:00,7.0,86,1022.8,0.0,2.3
2025-01-26T08:00,8.2,81,1023.3,0.0,3.6
2025-01-26T09:00,12.6,61,1024.0,0.0,4.5
2025-01-26T10:00,16.8,45,1024.1,0.0,3.1
2025-01-26T11:00,20.5,34,1022.8,0.0,2.5
2025-01-26T12:00,22.9,26,1020.8,0.0,4.0
2025-01-26T13:00,24.3,21,1018.9,0.0,6.6
2025-01-26T14:00,25.2,18,1017.0,0.0,7.7
2025-01-26T15:00,25.8,16,1015.2,0.0,6.9
2025-01-26T16:00,25.8,15,1014.3,0.0,4.7
2025-01-26T17:00,25.2,16,1014.0,0.0,5.8
2025-01-26T18:00,23.6,18,1014.5,0.0,8.4
2025-01-26T19:00,20.3,23,1015.9,0.0,12.9
2025-01-26T20:00,18.1,35,1018.0,0.0,10.6
2025-01-26T21:00,16.3,39,1019.6,0.0,6.5
2025-01-26T22:00,15.6,41,1020.0,0.0,9.8
2025-01-26T23:00,14.7,45,1020.0,0.0,11.6
2025-01-27T00:00,13.6,50,1020.0,0.0,9.1
2025-01-27T01:00,11.6,59,1019.9,0.0,6.1
2025-01-27T02:00,10.5,68,1020.5,0.0,5.2
2025-01-27T03:00,9.9,74,1020.4,0.0,3.6
2025-01-27T04:00,9.1,79,1020.1,0.0,3.9
2025-01-27T05:00,8.5,80,1020.0,0.0,3.5
2025-01-27T06:00,7.9,79,1020.2,0.0,4.6
2025-01-27T07:00,6.8,88,1020.8,0.0,3.5
2025-01-27T08:00,8.1,81,1021.2,0.0,4.0
2025-01-27T09:00,12.6,52,1021.9,0.0,4.6
2025-01-27T10:00,17.1,30,1022.2,0.0,4.2
2025-01-27T11:00,20.9,20,1020.5,0.0,3.3
2025-01-27T12:00,23.6,15,1018.4,0.0,3.7
2025-01-27T13:00,25.1,14,1016.2,0.0,4.7
2025-01-27T14:00,26.0,14,1014.2,0.0,3.8
2025-01-27T15:00,26.5,13,1012.7,0.0,2.7
2025-01-27T16:00,26.4,13,1011.7,0.0,3.9
2025-01-27T17:00,25.7,14,1011.4,0.0,6.7
2025-01-27T18:00,24.3,15,1011.7,0.0,3.4
2025-01-27T19:00,20.4,21,1013.4,0.0,8.8
2025-01-27T20:00,17.3,47,1016.6,0.0,15.4
2025-01-27T21:00,15.9,55,1018.0,0.0,8.0
2025-01-27T22:00,14.6,61,1019.3,0.0,11.5
2025-01-27T23:00,13.6,68,1019.6,0.0,9.7
2025-01-28T00:00,12.9,74,1019.8,0.0,10.2
2025-01-28T01:00,11.7,81,1020.3,0.0,7.7
2025-01-28T02:00,10.6,87,1020.1,0.0,5.2
2025-01-28T03:00,9.4,92,1019.5,0.0,4.6
2025-01-28T04:00,8.5,96,1019.1,0.0,4.8
2025-01-28T05:00,7.6,99,1019.1,0.0,4.6
2025-01-28T06:00,7.1,100,1019.1,0.0,4.8
2025-01-28T07:00,6.8,100,1019.6,0.0,1.9
2025-01-28T08:00,8.1,99,1019.9,0.0,4.9
2025-01-28T09:00,12.4,76,1020.7,0.0,3.1
2025-01-28T10:00,16.8,53,1020.1,0.0,1.1
2025-01-28T11:00,20.9,38,1018.2,0.0,3.6
2025-01-28T12:00,23.9,29,1015.9,0.0,5.4
2025-01-28T13:00,25.5,23,1013.6,0.0,4.5
2025-01-28T14:00,26.6,21,1011.8,0.0,4.9
2025-01-28T15:00,27.1,20,1010.3,0.0,5.7
2025-01-28T16:00,27.0,19,1009.6,0.0,8.3
2025-01-28T17:00,26.6,20,1009.3,0.0,11.6
2025-01-28T18:00,25.1,21,1009.7,0.0,12.7
2025-01-28T19:00,21.9,32,1010.9,0.0,5.5
2025-01-28T20:00,20.5,37,1012.0,0.0,5.5
2025-01-28T21:00,19.3,42,1014.0,0.0,0.9
2025-01-28T22:00,17.1,48,1015.6,0.0,6.2
2025-01-28T23:00,15.8,54,1016.0,0.0,2.4
2025-01-29T00:00,14.3,62,1016.4,0.0,2.5
2025-01-29T01:00,13.6,66,1016.5,0.0,2.8
2025-01-29T02:00,12.8,70,1016.2,0.0,0.6
2025-01-29T03:00,11.8,75,1015.7,0.0,1.8
2025-01-29T04:00,10.9,78,1015.2,0.0,1.9
2025-01-29T05:00,10.1,79,1015.4,0.0,0.9
2025-01-29T06:00,9.9,79,1016.0,0.0,2.2
2025-01-29T07:00,10.6,70,1017.1,0.0,3.6
2025-01-29T08:00,11.8,65,1017.8,0.0,3.8
2025-01-29T09:00,15.7,51,1018.5,0.0,3.6
2025-01-29T10:00,19.1,42,1018.3,0.0,5.3
2025-01-29T11:00,22.2,34,1016.9,0.0,6.6
2025-01-29T12:00,24.8,27,1014.8,0.0,7.8
2025-01-29T13:00,26.6,19,1012.5,0.0,10.7
2025-01-29T14:00,27.5,15,1010.8,0.0,16.2
2025-01-29T15:00,27.1,18,1010.2,0.0,18.6
2025-01-29T16:00,26.0,22,1010.2,0.0,19.9
2025-01-29T17:00,26.1,18,1009.6,0.0,14.0
2025-01-29T18:00,24.2,19,1010.1,0.0,16.6
2025-01-29T19:00,21.1,24,1011.5,0.0,13.4
2025-01-29T20:00,19.5,31,1012.9,0.0,13.5
2025-01-29T21:00,18.2,37,1014.2,0.0,13.2
2025-01-29T22:00,16.5,42,1015.2,0.0,6.9
2025-01-29T23:00,15.2,47,1015.9,0.0,3.1
2025-01-30T00:00,13.8,52,1016.4,0.0,3.8
2025-01-30T01:00,12.9,56,1016.6,0.0,2.7
2025-01-30T02:00,11.4,64,1016.4,0.0,1.6
2025-01-30T03:00,9.4,76,1015.9,0.0,2.2
2025-01-30T04:00,8.1,86,1015.6,0.0,2.5
2025-01-30T05:00,7.4,90,1016.1,0.0,2.8
2025-01-30T06:00,7.1,91,1017.1,0.0,3.6
2025-01-30T07:00,7.5,88,1017.8,0.0,1.5
2025-01-30T08:00,8.6,85,1018.7,0.0,1.8
2025-01-30T09:00,13.9,60,1019.2,0.0,1.2
2025-01-30T10:00,18.4,44,1018.9,0.0,6.6
2025-01-30T11:00,21.8,32,1017.7,0.0,14.2
2025-01-30T12:00,23.6,25,1016.2,0.0,19.1
2025-01-30T13:00,25.1,20,1014.1,0.0,20.2
2025-01-30T14:00,25.8,20,1012.5,0.0,20.5
2025-01-30T15:00,26.1,18,1011.0,0.0,20.5
2025-01-30T16:00,25.8,18,1010.6,0.0,20.3
2025-01-30T17:00,24.8,19,1010.8,0.0,20.0
2025-01-30T18:00,23.0,22,1011.8,0.0,18.7
2025-01-30T19:00,20.0,27,1012.3,0.0,7.5
2025-01-30T20:00,18.4,37,1014.1,0.0,8.5
2025-01-30T21:00,17.2,41,1015.3,0.0,8.6
2025-01-30T22:00,16.1,44,1016.2,0.0,7.4
2025-01-30T23:00,14.5,49,1017.1,0.0,3.8
2025-01-31T00:00,13.6,53,1017.7,0.0,0.4
2025-01-31T01:00,12.1,59,1017.8,0.0,0.4
2025-01-31T02:00,10.3,68,1017.8,0.0,0.7
2025-01-31T03:00,9.1,75,1017.5,0.0,1.5
2025-01-31T04:00,8.9,76,1017.9,0.0,1.3
2025-01-31T05:00,9.0,74,1018.2,0.0,2.4
2025-01-31T06:00,8.8,74,1018.5,0.0,3.9
2025-01-31T07:00,7.4,82,1019.6,0.0,2.2
2025-01-31T08:00,9.2,72,1020.5,0.0,2.2
2025-01-31T09:00,13.8,53,1021.1,0.0,3.4
2025-01-31T10:00,17.6,42,1020.9,0.0,3.6
2025-01-31T11:00,20.5,34,1019.8,0.0,3.6
2025-01-31T12:00,22.6,26,1018.2,0.0,5.2
2025-01-31T13:00,24.1,22,1016.1,0.0,7.3
2025-01-31T14:00,25.2,19,1014.6,0.0,8.7
2025-01-31T15:00,24.8,21,1013.1,0.0,10.1
2025-01-31T16:00,24.2,22,1012.7,0.0,17.9
2025-01-31T17:00,19.0,49,1015.5,0.0,24.1
2025-01-31T18:00,17.0,58,1017.2,0.0,22.3
2025-01-31T19:00,13.9,75,1019.3,0.0,21.5
2025-01-31T20:00,12.6,79,1021.0,0.0,20.1
2025-01-31T21:00,12.1,78,1022.2,0.0,21.9
2025-01-31T22:00,11.1,76,1023.1,0.0,21.4
2025-01-31T23:00,9.9,73,1024.3,0.0,18.7
2025-02-01T00:00,9.2,69,1024.5,0.0,17.8
2025-02-01T01:00,9.1,69,1024.4,0.0,17.8
2025-02-01T02:00,8.7,68,1024.1,0.0,16.2
2025-02-01T03:00,8.2,69,1023.2,0.0,16.8
2025-02-01T04:00,8.1,70,1022.7,0.0,16.6
2025-02-01T05:00,7.9,72,1022.7,0.0,14.9
2025-02-01T06:00,7.5,75,1023.0,0.0,14.1
2025-02-01T07:00,7.4,78,1023.8,0.0,12.7
2025-02-01T08:00,8.0,76,1024.2,0.0,12.6
2025-02-01T09:00,10.6,65,1024.1,0.0,12.6
2025-02-01T10:00,13.8,55,1023.2,0.0,12.4
2025-02-01T11:00,17.2,46,1021.6,0.0,10.8
2025-02-01T12:00,20.3,38,1019.5,0.0,7.9
2025-02-01T13:00,22.0,34,1017.4,0.0,5.3
2025-02-01T14:00,22.7,32,1016.0,0.1,2.4
2025-02-01T15:00,23.1,30,1014.7,0.0,2.4
2025-02-01T16:00,23.3,28,1013.7,0.0,5.1
2025-02-01T17:00,23.1,28,1013.5,0.0,2.9
2025-02-01T18:00,20.0,35,1015.2,0.0,14.5
2025-02-01T19:00,17.3,39,1016.9,0.0,19.4
2025-02-01T20:00,15.6,42,1018.9,0.0,11.6
2025-02-01T21:00,14.6,48,1020.5,0.0,15.4
2025-02-01T22:00,13.1,53,1021.5,0.0,11.5
2025-02-01T23:00,12.4,54,1022.1,0.0,9.0
2025-02-02T00:00,11.9,56,1022.0,0.0,8.8
2025-02-02T01:00,11.1,60,1021.7,0.0,7.6
2025-02-02T02:00,10.3,64,1021.6,0.0,6.9
2025-02-02T03:00,9.2,68,1021.3,0.0,5.1
2025-02-02T04:00,8.1,71,1021.3,0.0,3.4
2025-02-02T05:00,7.6,74,1021.3,0.0,2.0
2025-02-02T06:00,7.0,76,1021.5,0.0,4.0
2025-02-02T07:00,7.8,74,1021.8,0.0,8.0
2025-02-02T08:00,9.1,71,1022.4,0.0,8.0
2025-02-02T09:00,12.8,58,1022.7,0.0,6.4
2025-02-02T10:00,16.5,47,1021.7,0.0,7.0
2025-02-02T11:00,19.7,38,1020.1,0.0,6.3
2025-02-02T12:00,21.5,33,1018.8,0.1,4.0
2025-02-02T13:00,22.3,29,1017.6,0.0,3.2
2025-02-02T14:00,23.2,26,1016.4,0.0,1.8
2025-02-02T15:00,23.2,23,1015.1,0.0,3.1
2025-02-02T16:00,23.5,20,1014.1,0.0,1.5
2025-02-02T17:00,23.5,19,1013.6,0.0,6.5
2025-02-02T18:00,21.9,22,1014.2,0.0,12.3
2025-02-02T19:00,18.7,38,1016.3,0.0,18.0
2025-02-02T20:00,16.9,45,1017.5,0.0,14.5
2025-02-02T21:00,16.0,49,1018.7,0.0,16.8
2025-02-02T22:00,14.6,58,1019.6,0.0,13.9
2025-02-02T23:00,13.5,67,1020.2,0.0,13.7
2025-02-03T00:00,12.4,75,1020.7,0.0,11.0
2025-02-03T01:00,11.4,81,1020.5,0.0,9.0
2025-02-03T02:00,10.2,89,1020.4,0.0,5.8
2025-02-03T03:00,9.4,92,1020.1,0.0,5.0
2025-02-03T04:00,8.9,93,1019.8,0.0,5.5
2025-02-03T05:00,8.4,94,1019.9,0.0,5.5
2025-02-03T06:00,7.8,95,1020.1,0.0,5.4
2025-02-03T07:00,7.2,98,1021.2,0.0,5.6
2025-02-03T08:00,8.8,95,1021.8,0.0,8.5
2025-02-03T09:00,12.6,76,1022.3,0.0,6.5
2025-02-03T10:00,15.9,62,1021.6,0.0,8.9
2025-02-03T11:00,19.3,46,1019.8,0.0,8.6
2025-02-03T12:00,22.2,31,1017.7,0.0,6.1
2025-02-03T13:00,23.8,22,1015.3,0.0,4.8
2025-02-03T14:00,24.6,18,1013.9,0.0,9.2
2025-02-03T15:00,24.6,14,1012.4,0.0,11.4
2025-02-03T16:00,24.1,13,1011.8,0.0,10.0
2025-02-03T17:00,24.0,14,1011.4,0.0,9.9
2025-02-03T18:00,23.5,15,1011.6,0.0,4.3
2025-02-03T19:00,17.3,46,1015.6,0.0,22.4
2025-02-03T20:00,16.2,53,1017.5,0.0,16.0
2025-02-03T21:00,15.1,58,1019.1,0.0,12.8
2025-02-03T22:00,14.1,67,1019.9,0.0,12.4
2025-02-03T23:00,13.2,76,1020.5,0.0,13.3
2025-02-04T00:00,12.2,83,1020.6,0.0,10.4
2025-02-04T01:00,11.2,85,1020.4,0.0,6.5
2025-02-04T02:00,10.4,89,1020.2,0.0,5.9
2025-02-04T03:00,9.6,93,1019.8,0.0,5.3
2025-02-04T04:00,9.2,96,1019.7,0.0,6.1
2025-02-04T05:00,8.8,98,1019.7,0.0,6.1
2025-02-04T06:00,8.2,98,1019.9,0.0,5.1
2025-02-04T07:00,7.7,100,1020.6,0.0,4.2
2025-02-04T08:00,9.0,99,1021.5,0.0,7.2
2025-02-04T09:00,12.2,84,1022.2,0.0,6.1
2025-02-04T10:00,16.1,63,1021.1,0.0,5.6
2025-02-04T11:00,19.9,42,1019.4,0.0,3.8
2025-02-04T12:00,22.3,32,1017.6,0.0,1.9
2025-02-04T13:00,23.5,27,1015.9,0.0,5.3
2025-02-04T14:00,24.4,24,1014.6,0.0,7.1
2025-02-04T15:00,24.5,23,1013.5,0.0,4.8
2025-02-04T16:00,24.1,23,1013.1,0.0,3.3
2025-02-04T17:00,23.4,24,1013.5,0.0,8.6
2025-02-04T18:00,19.6,41,1015.7,0.1,19.3
2025-02-04T19:00,18.4,46,1016.6,0.0,16.2
2025-02-04T20:00,16.5,56,1018.6,0.0,14.2
2025-02-04T21:00,15.4,64,1019.9,0.0,14.5
2025-02-04T22:00,14.2,74,1020.4,0.0,15.0
2025-02-04T23:00,13.4,82,1020.6,0.0,13.1
2025-02-05T00:00,12.4,90,1020.7,0.0,12.1
2025-02-05T01:00,11.6,95,1020.7,0.0,10.7
2025-02-05T02:00,10.9,97,1020.4,0.0,9.0
2025-02-05T03:00,10.2,99,1019.8,0.0,6.7
2025-02-05T04:00,9.2,100,1019.9,0.0,5.0
2025-02-05T05:00,9.1,100,1020.4,0.0,3.5
2025-02-05T06:00,9.1,100,1020.8,0.0,3.8
2025-02-05T07:00,9.7,98,1021.5,0.0,4.9
2025-02-05T08:00,10.1,98,1022.2,0.0,7.0
2025-02-05T09:00,10.9,96,1022.5,0.0,5.6
2025-02-05T10:00,14.9,69,1021.9,0.0,3.3
2025-02-05T11:00,19.5,45,1019.7,0.0,2.3
2025-02-05T12:00,22.6,33,1017.2,0.0,6.7
2025-02-05T13:00,24.0,25,1015.3,0.0,7.0
2025-02-05T14:00,24.7,22,1013.7,0.0,5.7
2025-02-05T15:00,25.0,20,1012.5,0.0,5.6
2025-02-05T16:00,25.1,19,1011.7,0.0,4.8
2025-02-05T17:00,24.8,19,1011.2,0.0,5.2
2025-02-05T18:00,24.0,19,1011.2,0.0,6.0
2025-02-05T19:00,20.7,22,1012.0,0.0,3.9
2025-02-05T20:00,18.8,42,1014.9,0.0,15.4
2025-02-05T21:00,17.4,56,1016.5,0.0,8.8
2025-02-05T22:00,15.8,64,1017.7,0.0,8.4
2025-02-05T23:00,15.0,72,1018.0,0.0,12.3
2025-02-06T00:00,13.9,81,1018.0,0.0,9.3
2025-02-06T01:00,12.1,90,1018.1,0.0,5.0
2025-02-06T02:00,11.4,93,1018.2,0.0,1.9
2025-02-06T03:00,11.0,95,1018.3,0.0,1.3
2025-02-06T04:00,10.2,96,1018.0,0.0,2.9
2025-02-06T05:00,9.7,97,1018.3,0.0,3.2
2025-02-06T06:00,9.0,98,1018.5,0.0,4.0
2025-02-06T07:00,8.4,100,1019.8,0.0,3.3
2025-02-06T08:00,10.1,97,1020.6,0.0,5.4
2025-02-06T09:00,14.1,73,1021.4,0.0,2.5
2025-02-06T10:00,18.0,51,1020.6,0.0,1.8
2025-02-06T11:00,21.2,38,1019.1,0.0,4.5
2025-02-06T12:00,23.4,30,1017.4,0.0,4.4
2025-02-06T13:00,24.8,24,1015.4,0.0,4.6
2025-02-06T14:00,25.9,20,1013.5,0.0,5.8
2025-02-06T15:00,26.5,19,1012.0,0.0,6.5
2025-02-06T16:00,26.6,17,1011.1,0.0,9.2
2025-02-06T17:00,25.9,16,1011.1,0.0,13.7
2025-02-06T18:00,24.0,18,1012.1,0.0,17.8
2025-02-06T19:00,21.2,31,1013.5,0.0,19.9
2025-02-06T20:00,19.5,40,1015.3,0.0,16.1
2025-02-06T21:00,17.8,47,1017.2,0.0,11.8
2025-02-06T22:00,16.2,54,1018.2,0.0,10.2
2025-02-06T23:00,15.1,64,1018.8,0.0,10.2
2025-02-07T00:00,14.1,74,1019.2,0.0,9.1
2025-02-07T01:00,13.4,81,1019.5,0.0,9.4
2025-02-07T02:00,12.6,88,1019.6,0.0,9.1
2025-02-07T03:00,11.8,93,1019.8,0.0,8.2
2025-02-07T04:00,11.1,94,1019.8,0.0,7.6
2025-02-07T05:00,10.1,97,1020.0,0.0,6.0
2025-02-07T06:00,9.0,98,1020.6,0.0,5.4
2025-02-07T07:00,8.7,96,1021.3,0.0,6.3
2025-02-07T08:00,9.4,94,1022.3,0.0,9.2
2025-02-07T09:00,12.6,77,1023.0,0.0,8.0
2025-02-07T10:00,16.4,56,1022.2,0.0,11.4
2025-02-07T11:00,20.0,37,1020.5,0.0,12.5
2025-02-07T12:00,22.8,23,1018.5,0.0,11.9
2025-02-07T13:00,24.5,16,1016.4,0.0,10.7
2025-02-07T14:00,25.6,13,1014.7,0.0,11.2
2025-02-07T15:00,26.0,12,1013.4,0.0,13.2
2025-02-07T16:00,25.5,12,1013.0,0.0,15.9
2025-02-07T17:00,24.4,12,1013.1,0.0,17.9
2025-02-07T18:00,22.5,19,1013.9,0.0,17.5
2025-02-07T19:00,20.3,26,1014.6,0.0,18.3
2025-02-07T20:00,17.9,45,1017.0,0.0,17.3
2025-02-07T21:00,16.1,54,1018.7,0.0,14.6
2025-02-07T22:00,15.1,61,1019.6,0.0,12.3
2025-02-07T23:00,13.9,73,1020.0,0.0,13.8
2025-02-08T00:00,12.9,86,1020.5,0.0,14.8
2025-02-08T01:00,12.0,94,1020.5,0.0,12.4
2025-02-08T02:00,11.3,96,1020.3,0.0,8.3
2025-02-08T03:00,10.2,97,1020.0,0.0,5.4
2025-02-08T04:00,9.6,97,1019.7,0.0,5.8
2025-02-08T05:00,8.8,99,1019.9,0.0,4.6
2025-02-08T06:00,8.2,100,1020.5,0.0,3.5
2025-02-08T07:00,6.8,100,1021.5,0.0,3.9
2025-02-08T08:00,8.0,99,1022.0,0.0,6.9
2025-02-08T09:00,11.0,85,1022.8,0.0,6.4
2025-02-08T10:00,14.9,63,1022.3,0.0,7.9
2025-02-08T11:00,18.8,43,1020.7,0.0,6.9
2025-02-08T12:00,22.1,25,1018.5,0.0,3.6
2025-02-08T13:00,24.2,15,1016.2,0.0,5.2
2025-02-08T14:00,24.9,14,1014.6,0.0,6.5
2025-02-08T15:00,25.5,13,1013.4,0.0,1.9
2025-02-08T16:00,25.9,13,1012.4,0.0,3.4
2025-02-08T17:00,26.0,12,1011.6,0.0,6.4
2025-02-08T18:00,24.4,14,1012.0,0.0,11.7
2025-02-08T19:00,19.5,19,1013.8,0.0,5.7
2025-02-08T20:00,18.5,23,1015.5,0.0,9.7
2025-02-08T21:00,17.0,39,1017.4,0.0,7.4
2025-02-08T22:00,15.9,47,1018.5,0.0,9.5
2025-02-08T23:00,15.1,47,1018.9,0.0,7.8
2025-02-09T00:00,13.6,50,1018.9,0.0,7.3
2025-02-09T01:00,12.0,57,1018.9,0.0,5.8
2025-02-09T02:00,11.4,62,1019.0,0.0,2.4
2025-02-09T03:00,10.9,65,1019.0,0.0,2.1
2025-02-09T04:00,10.6,68,1019.2,0.0,1.2
2025-02-09T05:00,9.9,73,1019.1,0.0,2.3
2025-02-09T06:00,9.1,78,1019.5,0.0,2.8
2025-02-09T07:00,9.2,72,1020.5,0.0,0.6
2025-02-09T08:00,10.4,67,1021.3,0.0,1.1
2025-02-09T09:00,14.6,48,1021.9,0.0,1.8
2025-02-09T10:00,18.4,37,1021.3,0.0,2.5
2025-02-09T11:00,21.4,32,1020.1,0.0,5.6
2025-02-09T12:00,23.7,26,1018.4,0.0,6.7
2025-02-09T13:00,25.5,19,1016.3,0.0,6.5
2025-02-09T14:00,26.6,15,1014.5,0.0,7.0
2025-02-09T15:00,27.1,14,1013.0,0.0,8.9
2025-02-09T16:00,26.9,13,1012.5,0.0,11.5
2025-02-09T17:00,25.8,13,1012.6,0.0,13.9
2025-02-09T18:00,24.7,13,1012.7,0.0,12.8
2025-02-09T19:00,21.6,17,1013.5,0.0,7.7
2025-02-09T20:00,19.2,20,1015.7,0.0,4.9
2025-02-09T21:00,17.3,37,1018.2,0.0,5.7
2025-02-09T22:00,16.9,40,1019.3,0.0,8.3
2025-02-09T23:00,15.5,47,1019.7,0.0,7.4
2025-02-10T00:00,14.2,54,1020.1,0.0,6.9
2025-02-10T01:00,13.0,62,1020.0,0.0,6.0
2025-02-10T02:00,12.2,69,1020.3,0.0,5.8
2025-02-10T03:00,11.6,74,1020.2,0.0,4.0
2025-02-10T04:00,11.0,78,1020.0,0.0,2.7
2025-02-10T05:00,10.4,81,1020.1,0.0,1.5
2025-02-10T06:00,9.6,83,1020.3,0.0,2.1
2025-02-10T07:00,7.9,93,1021.2,0.0,5.5
2025-02-10T08:00,10.1,80,1021.9,0.0,8.5
2025-02-10T09:00,14.8,56,1022.5,0.0,4.3
2025-02-10T10:00,18.6,40,1022.3,0.0,5.1
2025-02-10T11:00,21.7,29,1020.6,0.0,3.1
2025-02-10T12:00,24.1,21,1018.4,0.0,2.2
2025-02-10T13:00,25.7,17,1016.2,0.0,3.0
2025-02-10T14:00,26.6,15,1014.3,0.0,3.0
2025-02-10T15:00,27.1,14,1012.5,0.0,3.4
2025-02-10T16:00,27.2,14,1011.2,0.0,4.7
2025-02-10T17:00,26.6,14,1010.9,0.0,5.0
2025-02-10T18:00,25.7,15,1011.0,0.0,4.7
2025-02-10T19:00,23.1,18,1011.4,0.0,0.6
2025-02-10T20:00,21.0,29,1013.1,0.0,0.4
2025-02-10T21:00,19.7,34,1015.8,0.0,12.4
2025-02-10T22:00,16.8,59,1017.2,0.0,5.1
2025-02-10T23:00,15.6,65,1017.5,0.0,3.8
2025-02-11T00:00,14.9,68,1017.4,0.0,5.1
2025-02-11T01:00,13.8,72,1017.3,0.0,2.4
2025-02-11T02:00,12.6,75,1017.1,0.0,0.5
2025-02-11T03:00,12.0,76,1016.9,0.0,1.2
2025-02-11T04:00,11.1,76,1016.4,0.0,2.7
2025-02-11T05:00,10.6,76,1015.9,0.0,3.2
2025-02-11T06:00,10.2,77,1016.3,0.0,3.2
2025-02-11T07:00,10.2,75,1017.3,0.0,5.3
2025-02-11T08:00,12.4,66,1017.9,0.0,9.0
2025-02-11T09:00,16.9,51,1018.3,0.0,7.2
2025-02-11T10:00,20.3,37,1017.1,0.0,10.6
2025-02-11T11:00,22.8,26,1016.0,0.0,13.3
2025-02-11T12:00,24.4,22,1014.3,0.0,13.3
2025-02-11T13:00,25.5,21,1012.2,0.0,12.9
2025-02-11T14:00,26.1,20,1010.3,0.0,13.4
2025-02-11T15:00,26.5,19,1008.6,0.0,14.4
2025-02-11T16:00,26.4,20,1007.7,0.0,17.8
2025-02-11T17:00,25.1,23,1007.9,0.0,18.5
2025-02-11T18:00,23.7,25,1008.8,0.0,17.8
2025-02-11T19:00,22.3,27,1009.4,0.0,17.0
2025-02-11T20:00,20.4,36,1011.1,0.0,19.1
2025-02-11T21:00,19.3,41,1011.9,0.0,13.9
2025-02-11T22:00,18.0,46,1012.3,0.0,11.2
2025-02-11T23:00,17.1,49,1012.7,0.0,10.2
2025-02-12T00:00,16.3,51,1012.8,0.0,8.3
2025-02-12T01:00,15.3,55,1012.5,0.0,7.2
2025-02-12T02:00,14.4,60,1012.3,0.0,6.6
2025-02-12T03:00,13.9,63,1012.3,0.0,8.3
2025-02-12T04:00,12.9,68,1012.1,0.0,7.8
2025-02-12T05:00,11.9,73,1012.2,0.0,7.0
2025-02-12T06:00,11.2,77,1012.8,0.0,6.9
2025-02-12T07:00,10.9,80,1014.0,0.0,7.3
2025-02-12T08:00,12.6,72,1014.8,0.0,11.4
2025-02-12T09:00,15.8,59,1015.3,0.0,14.9
2025-02-12T10:00,18.1,46,1015.0,0.0,21.2
2025-02-12T11:00,20.6,39,1014.2,0.0,22.2
2025-02-12T12:00,22.8,30,1012.6,0.0,22.7
2025-02-12T13:00,24.2,25,1010.9,0.0,22.6
2025-02-12T14:00,25.2,21,1009.1,0.0,22.5
2025-02-12T15:00,25.4,19,1008.0,0.0,22.4
2025-02-12T16:00,25.1,19,1007.4,0.0,22.0
2025-02-12T17:00,24.5,19,1007.8,0.0,19.7
2025-02-12T18:00,23.1,21,1008.7,0.0,16.5
2025-02-12T19:00,20.6,19,1009.7,0.0,12.5
2025-02-12T20:00,19.5,21,1010.9,0.0,11.2
2025-02-12T21:00,17.4,28,1012.3,0.0,7.7
2025-02-12T22:00,15.2,39,1013.1,0.0,5.4
2025-02-12T23:00,13.9,51,1013.9,0.0,4.5
2025-02-13T00:00,13.1,59,1014.3,0.0,1.5
2025-02-13T01:00,12.4,64,1014.8,0.0,0.4
2025-02-13T02:00,11.8,67,1015.1,0.0,1.2
2025-02-13T03:00,10.9,73,1015.2,0.0,0.9
2025-02-13T04:00,9.9,78,1015.7,0.0,1.7
2025-02-13T05:00,9.3,80,1016.2,0.0,4.0
2025-02-13T06:00,9.4,78,1017.0,0.0,5.7
2025-02-13T07:00,8.6,83,1018.7,0.0,5.3
2025-02-13T08:00,11.0,71,1019.5,0.0,6.6
2025-02-13T09:00,15.5,52,1020.3,0.0,2.6
2025-02-13T10:00,18.8,41,1020.0,0.0,4.6
2025-02-13T11:00,21.2,34,1019.3,0.0,3.6
2025-02-13T12:00,23.4,28,1017.9,0.0,1.3
2025-02-13T13:00,24.8,23,1016.0,0.0,5.8
2025-02-13T14:00,25.4,20,1014.6,0.0,8.8
2025-02-13T15:00,25.1,20,1013.8,0.0,7.6
2025-02-13T16:00,25.4,20,1013.0,0.0,7.7
2025-02-13T17:00,24.9,21,1013.2,0.0,5.1
2025-02-13T18:00,23.8,23,1014.2,0.0,13.6
2025-02-13T19:00,19.1,52,1017.7,0.0,21.9
2025-02-13T20:00,17.0,63,1019.7,0.0,18.1
2025-02-13T21:00,15.9,70,1021.6,0.0,19.8
2025-02-13T22:00,15.4,77,1022.2,0.0,19.2
2025-02-13T23:00,15.5,77,1022.3,0.0,23.0
2025-02-14T00:00,14.7,81,1022.6,0.0,21.5
2025-02-14T01:00,13.9,87,1022.9,0.0,19.4
2025-02-14T02:00,13.8,85,1022.9,0.0,19.1
2025-02-14T03:00,13.1,85,1022.6,0.0,18.0
2025-02-14T04:00,12.4,87,1022.4,0.0,15.6
2025-02-14T05:00,12.2,86,1022.8,0.0,14.5
2025-02-14T06:00,12.1,86,1023.1,0.0,15.0
2025-02-14T07:00,12.2,85,1023.7,0.0,15.2
2025-02-14T08:00,12.6,83,1024.8,0.0,16.4
2025-02-14T09:00,14.1,75,1025.2,0.0,15.7
2025-02-14T10:00,16.9,61,1024.3,0.0,11.0
2025-02-14T11:00,19.7,49,1022.9,0.0,7.0
2025-02-14T12:00,22.1,40,1020.8,0.0,2.9
2025-02-14T13:00,23.9,32,1018.3,0.0,1.8
2025-02-14T14:00,25.4,27,1016.2,0.0,4.1
2025-02-14T15:00,26.4,24,1014.2,0.0,5.5
2025-02-14T16:00,26.3,24,1013.5,0.0,8.2
2025-02-14T17:00,25.6,24,1013.0,0.0,7.7
2025-02-14T18:00,24.7,24,1013.3,0.0,6.5
2025-02-14T19:00,21.9,29,1014.7,0.0,6.4
2025-02-14T20:00,19.5,50,1017.1,0.0,14.8
2025-02-14T21:00,18.5,55,1018.3,0.0,12.6
2025-02-14T22:00,16.5,63,1019.5,0.0,8.6
2025-02-14T23:00,15.4,68,1019.7,0.0,5.0
2025-02-15T00:00,14.3,74,1019.6,0.0,4.4
2025-02-15T01:00,13.4,78,1019.8,0.0,2.0
2025-02-15T02:00,12.3,84,1019.3,0.0,4.0
2025-02-15T03:00,11.6,86,1018.5,0.0,1.1
2025-02-15T04:00,10.9,87,1018.0,0.0,1.5
2025-02-15T05:00,10.2,86,1018.2,0.0,4.5
2025-02-15T06:00,10.5,82,1018.5,0.0,5.9
2025-02-15T07:00,11.7,76,1019.2,0.0,7.5
2025-02-15T08:00,13.2,68,1019.8,0.0,10.4
2025-02-15T09:00,17.1,53,1020.1,0.0,12.3
2025-02-15T10:00,19.7,46,1019.5,0.0,18.7
2025-02-15T11:00,21.7,37,1018.6,0.0,20.2
2025-02-15T12:00,23.2,32,1017.3,0.0,20.6
2025-02-15T13:00,24.4,28,1015.5,0.0,20.2
2025-02-15T14:00,25.3,24,1013.9,0.0,19.8
2025-02-15T15:00,25.5,22,1012.1,0.0,17.2
2025-02-15T16:00,25.1,22,1011.1,0.0,16.6
2025-02-15T17:00,24.9,21,1010.7,0.0,18.4
2025-02-15T18:00,24.0,21,1011.1,0.0,18.1
2025-02-15T19:00,21.1,24,1011.8,0.0,9.2
2025-02-15T20:00,19.3,27,1013.1,0.0,9.2
2025-02-15T21:00,18.0,30,1014.5,0.0,8.1
2025-02-15T22:00,16.4,33,1015.2,0.0,6.4
2025-02-15T23:00,15.6,36,1015.6,0.0,7.9
2025-02-16T00:00,15.3,37,1015.7,0.0,8.3
2025-02-16T01:00,15.0,40,1015.6,0.0,8.1
2025-02-16T02:00,13.7,50,1015.4,0.0,7.6
2025-02-16T03:00,13.1,56,1015.4,0.0,8.1
2025-02-16T04:00,12.6,58,1015.4,0.0,7.2
2025-02-16T05:00,11.8,62,1015.6,0.0,6.6
2025-02-16T06:00,10.9,68,1016.0,0.0,5.9
2025-02-16T07:00,9.9,78,1017.6,0.0,3.5
2025-02-16T08:00,11.8,69,1018.8,0.0,2.7
2025-02-16T09:00,15.9,52,1019.7,0.0,1.4
2025-02-16T10:00,19.4,39,1018.9,0.0,3.3
2025-02-16T11:00,21.6,30,1018.2,0.0,8.1
2025-02-16T12:00,23.5,24,1016.6,0.0,12.3
2025-02-16T13:00,24.6,24,1014.9,0.0,12.3
2025-02-16T14:00,25.9,20,1013.1,0.0,12.5
2025-02-16T15:00,23.5,35,1013.0,0.0,23.7
2025-02-16T16:00,22.1,36,1013.1,0.0,23.3
2025-02-16T17:00,20.6,40,1014.0,0.0,24.5
2025-02-16T18:00,18.1,50,1016.0,0.0,23.4
2025-02-16T19:00,17.0,46,1016.6,0.0,18.7
2025-02-16T20:00,14.6,56,1018.9,0.0,20.7
2025-02-16T21:00,12.9,64,1021.0,0.0,18.8
2025-02-16T22:00,12.0,71,1022.1,0.0,19.1
2025-02-16T23:00,11.5,78,1022.7,0.0,22.3
2025-02-17T00:00,11.4,79,1022.6,0.0,23.2
2025-02-17T01:00,11.1,81,1022.2,0.0,21.7
2025-02-17T02:00,11.1,83,1021.9,0.0,19.9
2025-02-17T03:00,10.6,86,1021.2,0.0,16.2
2025-02-17T04:00,10.1,89,1021.1,0.0,14.6
2025-02-17T05:00,9.9,91,1021.0,0.0,13.7
2025-02-17T06:00,9.4,93,1021.2,0.0,9.2
2025-02-17T07:00,9.0,95,1022.5,0.0,8.1
2025-02-17T08:00,10.1,90,1023.0,0.0,10.3
2025-02-17T09:00,12.7,76,1023.1,0.0,11.3
2025-02-17T10:00,15.7,61,1022.3,0.0,8.2
2025-02-17T11:00,19.0,48,1020.3,0.0,3.4
2025-02-17T12:00,22.3,39,1018.1,0.0,2.7
2025-02-17T13:00,24.5,32,1015.8,0.0,7.4
2025-02-17T14:00,25.2,29,1014.3,0.0,9.2
2025-02-17T15:00,25.7,28,1012.5,0.0,12.5
2025-02-17T16:00,24.8,29,1012.0,0.0,6.2
2025-02-17T17:00,20.9,44,1014.2,0.5,13.4
2025-02-17T18:00,18.0,58,1014.2,0.0,10.7
2025-02-17T19:00,18.0,56,1015.6,0.2,13.2
2025-02-17T20:00,16.2,65,1017.2,0.0,14.0
2025-02-17T21:00,15.9,66,1017.0,0.0,6.5
2025-02-17T22:00,14.4,75,1016.9,0.0,4.2
2025-02-17T23:00,12.9,84,1017.1,0.0,1.3
2025-02-18T00:00,12.3,87,1017.4,0.0,1.3
2025-02-18T01:00,12.1,85,1017.2,0.0,2.2
2025-02-18T02:00,11.5,85,1016.9,0.0,1.7
2025-02-18T03:00,11.1,84,1016.5,0.0,1.0
2025-02-18T04:00,10.5,86,1016.4,0.0,0.4
2025-02-18T05:00,10.3,86,1016.8,0.0,1.1
2025-02-18T06:00,10.1,84,1016.7,0.0,1.4
2025-02-18T07:00,10.3,78,1017.5,0.0,2.9
2025-02-18T08:00,12.1,70,1018.0,0.0,5.1
2025-02-18T09:00,16.5,53,1018.9,0.0,5.2
2025-02-18T10:00,19.6,45,1018.5,0.0,11.6
2025-02-18T11:00,21.0,40,1017.6,0.0,14.4
2025-02-18T12:00,23.4,32,1015.9,0.0,14.6
2025-02-18T13:00,24.9,28,1014.1,0.0,16.3
2025-02-18T14:00,25.5,24,1012.4,0.0,15.5
2025-02-18T15:00,25.6,23,1011.0,0.0,15.9
2025-02-18T16:00,25.1,23,1010.9,0.0,18.9
2025-02-18T17:00,23.5,27,1011.6,0.0,21.6
2025-02-18T18:00,20.1,43,1013.9,0.0,21.1
2025-02-18T19:00,19.2,42,1014.2,0.0,12.6
2025-02-18T20:00,18.6,44,1015.1,0.0,12.8
2025-02-18T21:00,18.0,49,1015.9,0.0,11.4
2025-02-18T22:00,17.2,54,1016.5,0.0,9.5
2025-02-18T23:00,16.0,57,1016.8,0.0,5.3
2025-02-19T00:00,16.0,57,1017.5,0.0,1.3
2025-02-19T01:00,15.7,59,1017.8,0.0,1.9
2025-02-19T02:00,15.2,62,1017.8,0.0,1.5
2025-02-19T03:00,14.6,64,1017.5,0.0,4.3
2025-02-19T04:00,15.1,61,1017.3,0.0,9.2
2025-02-19T05:00,15.3,61,1017.9,0.0,11.9
2025-02-19T06:00,14.7,67,1018.6,0.1,8.7
2025-02-19T07:00,13.4,73,1019.6,0.1,7.7
2025-02-19T08:00,14.0,73,1020.8,0.0,8.3
2025-02-19T09:00,15.1,70,1021.5,0.2,7.2
2025-02-19T10:00,17.7,51,1021.0,0.1,5.6
2025-02-19T11:00,20.3,33,1019.8,0.0,8.4
2025-02-19T12:00,22.5,27,1017.9,0.0,12.0
2025-02-19T13:00,22.3,27,1016.8,0.1,11.4
2025-02-19T14:00,23.0,26,1015.2,0.0,11.3
2025-02-19T15:00,23.7,25,1013.7,0.0,12.5
2025-02-19T16:00,24.0,23,1012.6,0.0,12.2
2025-02-19T17:00,23.6,24,1012.4,0.0,12.9
2025-02-19T18:00,22.5,26,1012.8,0.0,13.4
2025-02-19T19:00,18.2,42,1016.1,0.0,13.4
2025-02-19T20:00,16.5,51,1017.5,0.0,14.2
2025-02-19T21:00,15.5,56,1018.5,0.0,15.0
2025-02-19T22:00,14.4,63,1019.6,0.0,14.2
2025-02-19T23:00,13.2,77,1020.2,0.0,14.1
2025-02-20T00:00,12.1,90,1021.1,0.0,12.3
2025-02-20T01:00,11.3,95,1020.7,0.0,12.8
2025-02-20T02:00,11.0,96,1020.6,0.0,13.0
2025-02-20T03:00,10.5,96,1020.3,0.0,12.3
2025-02-20T04:00,10.1,96,1020.1,0.0,11.4
2025-02-20T05:00,9.8,97,1020.1,0.0,10.5
2025-02-20T06:00,9.6,97,1020.6,0.0,9.9
2025-02-20T07:00,9.9,94,1021.8,0.0,9.7
2025-02-20T08:00,10.4,90,1023.0,0.0,10.8
2025-02-20T09:00,12.1,81,1023.0,0.0,11.4
2025-02-20T10:00,15.4,64,1022.1,0.0,10.3
2025-02-20T11:00,18.5,51,1020.8,0.0,6.9
2025-02-20T12:00,20.9,42,1018.6,0.0,4.8
2025-02-20T13:00,22.8,37,1016.4,0.0,2.7
2025-02-20T14:00,24.1,34,1014.4,0.1,3.4
2025-02-20T15:00,23.1,35,1013.5,0.0,7.6
2025-02-20T16:00,16.7,73,1016.1,7.8,10.3
2025-02-20T17:00,17.5,68,1016.7,2.2,2.5
2025-02-20T18:00,15.1,84,1018.5,2.1,12.6
2025-02-20T19:00,15.9,64,1017.6,0.0,11.3
2025-02-20T20:00,14.9,77,1017.8,0.0,3.2
2025-02-20T21:00,13.9,87,1019.8,1.1,7.8
2025-02-20T22:00,12.9,95,1020.4,0.0,3.5
2025-02-20T23:00,12.4,90,1021.5,0.0,3.4
2025-02-21T00:00,11.2,93,1021.4,0.0,3.9
2025-02-21T01:00,10.4,95,1021.4,0.0,4.4
2025-02-21T02:00,9.9,93,1021.6,0.0,6.6
2025-02-21T03:00,8.8,95,1021.6,0.0,6.3
2025-02-21T04:00,8.5,96,1021.5,0.2,5.1
2025-02-21T05:00,8.5,98,1022.3,1.1,0.6
2025-02-21T06:00,8.8,98,1022.3,1.7,2.3
2025-02-21T07:00,8.1,98,1022.6,0.0,5.1
2025-02-21T08:00,9.9,93,1023.0,0.0,7.1
2025-02-21T09:00,13.2,79,1023.8,0.0,4.7
2025-02-21T10:00,16.5,67,1023.3,0.0,3.6
2025-02-21T11:00,19.2,56,1021.9,0.0,1.3
2025-02-21T12:00,21.0,49,1020.3,0.1,2.2
2025-02-21T13:00,21.6,47,1018.6,0.1,3.4
2025-02-21T14:00,23.1,41,1016.4,0.0,7.3
2025-02-21T15:00,20.9,46,1016.6,0.0,4.5
2025-02-21T16:00,15.9,78,1019.6,6.5,8.4
2025-02-21T17:00,14.8,81,1020.9,5.8,7.3
2025-02-21T18:00,14.9,81,1021.1,1.8,8.3
2025-02-21T19:00,14.3,81,1020.6,0.0,3.2
2025-02-21T20:00,13.6,86,1022.2,1.0,4.0
2025-02-21T21:00,13.4,91,1024.3,0.5,9.1
2025-02-21T22:00,12.5,96,1025.5,0.1,8.1
2025-02-21T23:00,11.9,97,1024.8,0.0,8.9
2025-02-22T00:00,11.4,98,1024.1,0.0,8.8
2025-02-22T01:00,10.9,98,1023.4,0.0,6.5
2025-02-22T02:00,9.8,99,1023.0,0.0,5.3
2025-02-22T03:00,9.6,99,1022.9,0.0,2.8
2025-02-22T04:00,9.1,100,1022.6,0.0,4.8
2025-02-22T05:00,8.8,100,1023.1,0.0,3.7
2025-02-22T06:00,8.9,100,1023.4,0.0,3.6
2025-02-22T07:00,9.1,99,1024.5,0.0,3.8
2025-02-22T08:00,9.6,98,1025.0,0.0,3.1
2025-02-22T09:00,11.9,92,1025.5,0.0,3.2
2025-02-22T10:00,15.4,75,1024.9,0.0,2.9
2025-02-22T11:00,18.6,61,1023.2,0.0,2.2
2025-02-22T12:00,21.0,49,1021.1,0.0,4.5
2025-02-22T13:00,22.5,40,1019.1,0.0,5.5
2025-02-22T14:00,23.4,34,1017.5,0.0,7.2
2025-02-22T15:00,23.9,32,1015.9,0.0,7.6
2025-02-22T16:00,24.6,29,1014.7,0.0,8.8
2025-02-22T17:00,23.7,31,1014.9,0.1,5.8
2025-02-22T18:00,20.3,49,1016.7,0.0,15.4
2025-02-22T19:00,17.9,53,1017.2,0.0,5.5
2025-02-22T20:00,16.9,59,1019.5,0.0,11.0
2025-02-22T21:00,15.4,70,1020.9,0.0,11.5
2025-02-22T22:00,14.1,78,1021.5,0.0,9.3
2025-02-22T23:00,13.3,84,1021.8,0.0,8.5
2025-02-23T00:00,12.0,91,1021.6,0.0,5.9
2025-02-23T01:00,11.4,91,1021.3,0.0,1.9
2025-02-23T02:00,10.9,93,1021.2,0.0,1.0
2025-02-23T03:00,10.1,96,1020.7,0.0,0.9
2025-02-23T04:00,9.4,96,1019.8,0.0,2.2
2025-02-23T05:00,9.4,92,1019.7,0.0,0.8
2025-02-23T06:00,9.4,91,1020.4,0.0,0.6
2025-02-23T07:00,9.4,92,1021.6,0.0,1.0
2025-02-23T08:00,10.9,89,1021.9,0.0,1.1
2025-02-23T09:00,15.1,72,1022.3,0.0,1.9
2025-02-23T10:00,18.5,58,1021.5,0.0,5.1
2025-02-23T11:00,21.4,38,1020.3,0.0,9.9
2025-02-23T12:00,23.0,28,1019.0,0.0,13.8
2025-02-23T13:00,24.0,26,1017.3,0.0,15.0
2025-02-23T14:00,24.7,24,1015.6,0.0,16.3
2025-02-23T15:00,24.8,22,1014.0,0.0,19.7
2025-02-23T16:00,24.6,21,1013.1,0.0,21.1
2025-02-23T17:00,24.3,21,1012.4,0.0,21.4
2025-02-23T18:00,22.6,24,1013.0,0.0,16.9
2025-02-23T19:00,19.8,29,1013.4,0.0,15.1
2025-02-23T20:00,17.5,36,1014.5,0.0,10.5
2025-02-23T21:00,16.0,42,1015.9,0.0,7.7
2025-02-23T22:00,14.9,48,1017.1,0.0,0.6
2025-02-23T23:00,12.3,62,1018.4,0.0,6.5
2025-02-24T00:00,11.0,73,1019.1,0.0,6.1
2025-02-24T01:00,10.5,76,1019.1,0.0,5.9
2025-02-24T02:00,10.1,82,1019.0,0.0,5.9
2025-02-24T03:00,9.0,87,1018.8,0.0,5.6
2025-02-24T04:00,8.7,88,1018.6,0.0,5.8
2025-02-24T05:00,8.8,91,1019.6,0.0,6.0
2025-02-24T06:00,8.1,95,1020.6,0.0,5.5
2025-02-24T07:00,6.7,95,1021.0,0.0,4.8
2025-02-24T08:00,8.9,91,1021.9,0.0,5.9
2025-02-24T09:00,13.1,72,1022.2,0.0,5.2
2025-02-24T10:00,17.0,55,1021.5,0.0,6.1
2025-02-24T11:00,19.6,42,1020.8,0.0,9.8
2025-02-24T12:00,21.9,32,1019.1,0.0,11.2
2025-02-24T13:00,23.5,25,1017.1,0.0,10.4
2025-02-24T14:00,24.2,23,1015.6,0.0,12.2
2025-02-24T15:00,24.4,21,1014.5,0.0,14.6
2025-02-24T16:00,24.0,21,1013.8,0.0,15.3
2025-02-24T17:00,23.1,21,1013.7,0.0,14.6
2025-02-24T18:00,21.4,25,1014.3,0.0,12.0
2025-02-24T19:00,18.0,27,1014.5,0.0,10.8
2025-02-24T20:00,16.5,33,1016.3,0.0,12.9
2025-02-24T21:00,14.7,44,1018.3,0.0,10.0
2025-02-24T22:00,12.8,52,1019.0,0.0,7.4
2025-02-24T23:00,11.9,56,1019.3,0.0,7.7
2025-02-25T00:00,10.8,62,1019.2,0.0,7.6
2025-02-25T01:00,9.0,71,1018.9,0.0,6.8
2025-02-25T02:00,7.7,78,1018.5,0.0,5.9
2025-02-25T03:00,6.9,80,1018.0,0.0,5.3
2025-02-25T04:00,6.4,81,1018.0,0.0,5.5
2025-02-25T05:00,6.1,81,1017.8,0.0,5.9
2025-02-25T06:00,5.9,80,1018.5,0.0,4.0
2025-02-25T07:00,4.8,80,1019.4,0.0,4.7
2025-02-25T08:00,7.3,72,1019.9,0.0,8.6
2025-02-25T09:00,11.8,55,1020.4,0.0,5.4
2025-02-25T10:00,16.7,33,1019.9,0.0,6.5
2025-02-25T11:00,20.8,18,1018.0,0.0,8.2
2025-02-25T12:00,23.6,11,1016.1,0.0,8.0
2025-02-25T13:00,25.5,7,1013.8,0.0,6.7
2025-02-25T14:00,26.8,6,1011.9,0.0,5.7
2025-02-25T15:00,27.2,6,1010.3,0.0,5.1
2025-02-25T16:00,27.2,5,1009.4,0.0,4.2
2025-02-25T17:00,26.6,5,1009.2,0.0,3.7
2025-02-25T18:00,24.2,9,1009.6,0.0,4.2
2025-02-25T19:00,19.5,16,1009.9,0.0,3.9
2025-02-25T20:00,17.5,28,1013.8,0.0,12.9
2025-02-25T21:00,14.8,37,1015.7,0.0,8.3
2025-02-25T22:00,13.1,44,1016.5,0.0,7.0
2025-02-25T23:00,12.1,48,1016.7,0.0,6.8
2025-02-26T00:00,11.9,51,1017.2,0.0,4.0
2025-02-26T01:00,11.6,53,1017.3,0.0,1.9
2025-02-26T02:00,11.0,57,1016.7,0.0,1.2
2025-02-26T03:00,10.3,61,1015.8,0.0,1.5
2025-02-26T04:00,9.4,66,1015.5,0.0,0.8
2025-02-26T05:00,8.4,75,1015.7,0.0,0.5
2025-02-26T06:00,7.8,82,1016.4,0.0,1.2
2025-02-26T07:00,7.9,65,1017.5,0.0,1.0
2025-02-26T08:00,10.1,66,1018.4,0.0,3.7
2025-02-26T09:00,15.2,53,1018.9,0.0,1.5
2025-02-26T10:00,19.6,43,1018.0,0.0,6.6
2025-02-26T11:00,23.0,33,1016.3,0.0,12.6
2025-02-26T12:00,25.2,27,1014.6,0.0,14.8
2025-02-26T13:00,26.7,23,1012.8,0.0,15.3
2025-02-26T14:00,27.8,19,1010.9,0.0,15.0
2025-02-26T15:00,28.2,18,1009.4,0.0,15.2
2025-02-26T16:00,28.1,17,1008.6,0.0,14.7
2025-02-26T17:00,27.5,17,1008.5,0.0,14.8
2025-02-26T18:00,26.2,19,1008.9,0.0,13.3
2025-02-26T19:00,21.2,29,1009.4,0.0,7.0
2025-02-26T20:00,20.0,34,1011.0,0.0,8.0
2025-02-26T21:00,18.6,41,1013.0,0.0,9.7
2025-02-26T22:00,17.5,50,1013.5,0.0,10.1
2025-02-26T23:00,16.8,53,1014.3,0.0,9.1
2025-02-27T00:00,15.1,59,1014.9,0.0,4.0
2025-02-27T01:00,14.4,62,1015.4,0.0,1.0
2025-02-27T02:00,13.4,66,1015.3,0.0,1.0
2025-02-27T03:00,12.1,73,1015.0,0.0,2.7
2025-02-27T04:00,10.9,79,1015.2,0.0,4.4
2025-02-27T05:00,10.4,82,1015.5,0.0,5.2
2025-02-27T06:00,9.9,83,1016.1,0.0,4.5
2025-02-27T07:00,9.1,88,1017.3,0.0,4.8
2025-02-27T08:00,12.1,77,1018.2,0.0,6.7
2025-02-27T09:00,17.1,57,1019.0,0.0,4.8
2025-02-27T10:00,20.7,43,1018.4,0.0,8.9
2025-02-27T11:00,23.5,33,1017.3,0.0,10.3
2025-02-27T12:00,25.5,26,1015.6,0.0,9.2
2025-02-27T13:00,27.1,22,1013.7,0.0,6.3
2025-02-27T14:00,28.2,19,1011.8,0.0,4.7
2025-02-27T15:00,28.5,17,1010.4,0.0,7.0
2025-02-27T16:00,28.5,16,1009.3,0.0,7.6
2025-02-27T17:00,28.0,17,1008.8,0.0,3.4
2025-02-27T18:00,27.0,18,1009.1,0.0,3.3
2025-02-27T19:00,19.4,57,1013.4,0.0,31.0
2025-02-27T20:00,16.0,77,1016.9,0.0,19.9
2025-02-27T21:00,14.6,84,1019.5,0.0,16.6
2025-02-27T22:00,14.0,85,1020.8,0.0,16.4
2025-02-27T23:00,13.6,81,1021.2,0.0,19.4
2025-02-28T00:00,13.4,82,1021.2,0.0,21.1
2025-02-28T01:00,13.2,83,1020.7,0.0,19.6
2025-02-28T02:00,12.9,84,1020.0,0.0,18.2
2025-02-28T03:00,12.9,83,1019.5,0.0,16.9
2025-02-28T04:00,12.4,86,1019.1,0.0,13.2
2025-02-28T05:00,11.9,90,1019.1,0.0,11.9
2025-02-28T06:00,11.4,93,1019.2,0.0,10.8
2025-02-28T07:00,10.9,92,1020.2,0.0,8.6
2025-02-28T08:00,12.6,82,1021.0,0.0,11.2
2025-02-28T09:00,15.1,69,1020.7,0.0,11.2
2025-02-28T10:00,17.9,56,1020.1,0.0,8.9
2025-02-28T11:00,21.0,45,1018.2,0.0,4.0
2025-02-28T12:00,24.2,35,1016.2,0.0,2.7
2025-02-28T13:00,26.9,26,1013.8,0.0,9.4
2025-02-28T14:00,28.1,21,1011.9,0.0,13.1
2025-02-28T15:00,28.6,18,1010.3,0.0,13.4
2025-02-28T16:00,28.6,17,1009.3,0.0,14.0
2025-02-28T17:00,28.0,17,1009.2,0.0,15.9
2025-02-28T18:00,26.9,18,1009.6,0.0,16.9
2025-02-28T19:00,23.6,20,1009.7,0.0,7.7
2025-02-28T20:00,21.0,24,1011.9,0.0,2.1
2025-02-28T21:00,18.2,60,1015.6,0.0,13.8
2025-02-28T22:00,16.5,69,1016.6,0.0,6.5
2025-02-28T23:00,15.4,75,1016.7,0.0,5.5
2025-03-01T00:00,14.2,81,1016.9,0.0,4.5
2025-03-01T01:00,13.2,86,1016.8,0.0,2.2
2025-03-01T02:00,12.1,89,1016.4,0.0,0.4
2025-03-01T03:00,11.0,88,1015.8,0.0,2.1
2025-03-01T04:00,10.9,78,1015.9,0.0,5.3
2025-03-01T05:00,11.1,71,1015.9,0.0,6.0
2025-03-01T06:00,10.9,67,1016.4,0.0,4.1
2025-03-01T07:00,10.4,67,1017.9,0.0,1.8
2025-03-01T08:00,13.1,57,1018.6,0.0,5.5
2025-03-01T09:00,18.2,43,1018.8,0.0,6.7
2025-03-01T10:00,21.6,37,1018.0,0.0,11.9
2025-03-01T11:00,24.4,27,1016.6,0.0,12.7
2025-03-01T12:00,26.5,20,1015.1,0.0,12.2
2025-03-01T13:00,27.9,16,1013.3,0.0,12.2
2025-03-01T14:00,28.9,13,1011.6,0.0,10.9
2025-03-01T15:00,29.2,12,1010.0,0.0,9.9
2025-03-01T16:00,29.0,11,1008.7,0.0,11.5
2025-03-01T17:00,28.6,11,1008.4,0.0,13.3
2025-03-01T18:00,27.8,11,1008.3,0.0,15.0
2025-03-01T19:00,23.5,13,1009.5,0.0,2.3
2025-03-01T20:00,19.9,52,1013.6,0.0,15.9
2025-03-01T21:00,18.5,54,1015.6,0.0,11.9
2025-03-01T22:00,16.9,65,1016.9,0.0,14.5
2025-03-01T23:00,15.2,80,1018.5,0.0,12.6
2025-03-02T00:00,14.1,83,1018.8,0.0,7.6
2025-03-02T01:00,13.4,87,1019.1,0.0,6.9
2025-03-02T02:00,12.8,89,1018.9,0.0,8.0
2025-03-02T03:00,11.7,94,1018.6,0.0,5.0
2025-03-02T04:00,10.8,97,1018.6,0.0,2.8
2025-03-02T05:00,10.0,100,1018.6,0.0,2.3
2025-03-02T06:00,9.4,100,1018.9,0.0,4.2
2025-03-02T07:00,9.3,100,1019.3,0.0,4.6
2025-03-02T08:00,11.6,93,1020.3,0.0,5.5
2025-03-02T09:00,15.7,69,1020.4,0.0,2.2
2025-03-02T10:00,20.4,45,1019.0,0.0,5.0
2025-03-02T11:00,24.2,29,1017.3,0.0,10.8
2025-03-02T12:00,26.6,19,1015.7,0.0,12.9
2025-03-02T13:00,28.2,13,1013.9,0.0,12.8
2025-03-02T14:00,29.3,11,1012.2,0.0,13.4
2025-03-02T15:00,29.6,10,1010.7,0.0,14.1
2025-03-02T16:00,29.4,10,1009.7,0.0,14.3
2025-03-02T17:00,28.6,9,1009.5,0.0,13.1
2025-03-02T18:00,27.3,10,1009.8,0.0,13.8
2025-03-02T19:00,24.1,12,1009.9,0.0,9.3
2025-03-02T20:00,22.1,13,1010.7,0.0,7.8
2025-03-02T21:00,20.1,16,1012.6,0.0,1.5
2025-03-02T22:00,18.6,30,1014.8,0.0,9.5
2025-03-02T23:00,16.8,44,1015.3,0.0,7.1
2025-03-03T00:00,14.4,42,1015.1,0.0,0.9
2025-03-03T01:00,13.6,44,1015.3,0.0,1.0
2025-03-03T02:00,12.6,45,1015.1,0.0,2.3
2025-03-03T03:00,11.6,48,1014.9,0.0,3.6
2025-03-03T04:00,10.9,52,1014.9,0.0,4.2
2025-03-03T05:00,10.9,54,1015.5,0.0,5.1
2025-03-03T06:00,10.9,54,1016.2,0.0,6.1
2025-03-03T07:00,10.9,63,1017.4,0.0,6.3
2025-03-03T08:00,14.4,51,1018.1,0.0,9.0
2025-03-03T09:00,19.5,37,1018.4,0.0,7.4
2025-03-03T10:00,23.1,28,1017.3,0.0,12.1
2025-03-03T11:00,25.7,19,1016.2,0.0,14.6
2025-03-03T12:00,27.3,17,1014.7,0.0,14.9
2025-03-03T13:00,28.5,15,1012.9,0.0,15.1
2025-03-03T14:00,29.4,14,1011.3,0.0,15.8
2025-03-03T15:00,29.6,13,1009.8,0.0,16.0
2025-03-03T16:00,29.3,13,1008.9,0.0,15.8
2025-03-03T17:00,28.7,14,1008.8,0.0,15.4
2025-03-03T18:00,27.2,15,1009.1,0.0,15.6
2025-03-03T19:00,23.9,19,1009.5,0.0,8.1
2025-03-03T20:00,22.1,23,1010.9,0.0,7.7
2025-03-03T21:00,21.4,29,1012.3,0.0,10.5
2025-03-03T22:00,20.1,35,1013.1,0.0,10.0
2025-03-03T23:00,19.1,38,1013.7,0.0,9.6
2025-03-04T00:00,18.7,39,1013.6,0.0,10.1
2025-03-04T01:00,18.2,40,1013.9,0.0,11.2
2025-03-04T02:00,17.0,44,1014.1,0.0,11.9
2025-03-04T03:00,16.2,47,1014.4,0.0,11.5
2025-03-04T04:00,15.4,51,1014.8,0.0,10.6
2025-03-04T05:00,14.6,56,1015.3,0.0,9.9
2025-03-04T06:00,14.1,58,1015.5,0.0,10.0
2025-03-04T07:00,13.9,58,1016.6,0.0,11.0
2025-03-04T08:00,16.2,47,1017.0,0.0,12.7
2025-03-04T09:00,19.6,35,1016.8,0.0,15.8
2025-03-04T10:00,22.5,24,1016.4,0.0,20.5
2025-03-04T11:00,24.6,18,1015.1,0.0,23.4
2025-03-04T12:00,26.4,15,1013.8,0.0,24.5
2025-03-04T13:00,27.8,12,1012.2,0.0,25.0
2025-03-04T14:00,28.6,10,1010.8,0.0,25.4
2025-03-04T15:00,29.0,8,1009.4,0.0,26.7
2025-03-04T16:00,28.5,8,1008.6,0.0,27.9
2025-03-04T17:00,27.7,8,1008.7,0.0,26.5
2025-03-04T18:00,26.2,8,1009.1,0.0,21.6
2025-03-04T19:00,23.7,9,1010.2,0.0,13.1
2025-03-04T20:00,21.6,12,1011.3,0.0,9.1
2025-03-04T21:00,19.6,15,1012.1,0.0,8.0
2025-03-04T22:00,18.2,18,1013.0,0.0,5.3
2025-03-04T23:00,17.1,20,1013.4,0.0,4.7
2025-03-05T00:00,16.5,25,1013.7,0.0,7.1
2025-03-05T01:00,15.1,27,1013.7,0.0,7.2
2025-03-05T02:00,14.2,28,1014.2,0.0,1.5
2025-03-05T03:00,13.0,30,1015.1,0.0,2.2
2025-03-05T04:00,11.4,35,1015.9,0.0,6.0
2025-03-05T05:00,11.0,39,1017.0,0.0,7.3
2025-03-05T06:00,10.6,63,1018.1,0.0,7.4
2025-03-05T07:00,10.1,87,1019.1,0.0,9.0
2025-03-05T08:00,12.4,94,1020.0,0.0,14.9
2025-03-05T09:00,14.7,79,1020.1,0.0,15.5
2025-03-05T10:00,18.5,55,1019.2,0.0,13.3
2025-03-05T11:00,21.6,38,1017.9,0.0,11.9
2025-03-05T12:00,24.3,27,1016.1,0.0,9.4
2025-03-05T13:00,26.2,21,1013.9,0.0,7.4
2025-03-05T14:00,27.5,18,1012.1,0.0,6.8
2025-03-05T15:00,28.2,17,1010.4,0.0,8.5
2025-03-05T16:00,28.1,16,1009.4,0.0,11.5
2025-03-05T17:00,26.7,20,1009.7,0.0,18.2
2025-03-05T18:00,20.9,41,1012.5,0.0,26.3
2025-03-05T19:00,19.2,42,1014.1,0.0,19.9
2025-03-05T20:00,15.4,45,1017.4,0.0,18.9
2025-03-05T21:00,14.4,46,1018.7,0.0,15.1
2025-03-05T22:00,13.6,50,1019.3,0.0,15.2
2025-03-05T23:00,12.9,50,1019.8,0.0,15.1
2025-03-06T00:00,12.2,49,1019.8,0.0,14.6
2025-03-06T01:00,11.5,52,1020.0,0.0,12.1
2025-03-06T02:00,10.8,55,1019.8,0.0,9.0
2025-03-06T03:00,10.1,59,1019.6,0.0,7.0
2025-03-06T04:00,9.4,63,1019.4,0.0,7.0
2025-03-06T05:00,8.6,67,1019.5,0.0,4.5
2025-03-06T06:00,8.1,70,1019.9,0.0,3.9
2025-03-06T07:00,7.3,72,1020.1,0.0,3.6
2025-03-06T08:00,10.1,60,1020.5,0.0,4.6
2025-03-06T09:00,14.2,47,1020.6,0.0,2.3
2025-03-06T10:00,19.0,35,1019.1,0.0,2.2
2025-03-06T11:00,23.1,28,1017.0,0.0,7.7
2025-03-06T12:00,26.0,21,1015.1,0.0,14.2
2025-03-06T13:00,27.4,18,1013.1,0.0,16.4
2025-03-06T14:00,28.5,16,1011.6,0.0,17.8
2025-03-06T15:00,29.5,14,1009.3,0.0,17.8
2025-03-06T16:00,27.6,16,1008.9,0.0,19.4
2025-03-06T17:00,28.5,14,1008.4,0.0,15.8
2025-03-06T18:00,26.4,16,1008.9,0.0,17.5
2025-03-06T19:00,23.8,19,1009.9,0.0,12.2
2025-03-06T20:00,21.9,23,1011.6,0.0,11.4
2025-03-06T21:00,20.0,31,1013.4,0.0,12.1
2025-03-06T22:00,18.5,36,1014.8,0.0,9.1
2025-03-06T23:00,16.7,40,1015.4,0.0,6.8
2025-03-07T00:00,15.6,42,1016.0,0.0,6.1
2025-03-07T01:00,14.9,44,1016.2,0.0,5.9
2025-03-07T02:00,14.3,45,1016.8,0.0,7.3
2025-03-07T03:00,13.6,47,1017.1,0.0,9.2
2025-03-07T04:00,12.8,48,1017.6,0.0,7.2
2025-03-07T05:00,11.6,53,1017.7,0.0,6.5
2025-03-07T06:00,11.0,56,1018.1,0.0,6.4
2025-03-07T07:00,9.9,65,1019.1,0.0,4.5
2025-03-07T08:00,13.4,52,1019.9,0.0,5.2
2025-03-07T09:00,17.9,37,1020.5,0.0,6.9
2025-03-07T10:00,20.9,27,1019.7,0.0,12.9
2025-03-07T11:00,23.2,23,1018.4,0.0,16.2
2025-03-07T12:00,25.2,19,1016.9,0.0,16.8
2025-03-07T13:00,27.0,16,1014.8,0.0,17.1
2025-03-07T14:00,28.0,12,1012.9,0.0,18.4
2025-03-07T15:00,28.1,12,1011.7,0.0,19.2
2025-03-07T16:00,28.0,15,1010.8,0.0,20.0
2025-03-07T17:00,27.9,13,1010.1,0.0,15.8
2025-03-07T18:00,26.8,14,1010.1,0.0,22.6
2025-03-07T19:00,24.3,19,1012.1,0.0,15.9
2025-03-07T20:00,22.2,22,1013.5,0.0,14.1
2025-03-07T21:00,20.6,24,1014.7,0.0,10.9
2025-03-07T22:00,18.4,27,1016.1,0.0,7.7
2025-03-07T23:00,17.6,26,1016.2,0.0,8.4
2025-03-08T00:00,16.5,27,1016.3,0.0,7.8
2025-03-08T01:00,15.4,30,1016.2,0.0,7.2
2025-03-08T02:00,14.4,32,1016.1,0.0,6.9
2025-03-08T03:00,13.5,35,1016.0,0.0,6.8
2025-03-08T04:00,12.8,37,1016.6,0.0,6.7
2025-03-08T05:00,12.1,40,1016.9,0.0,6.8
2025-03-08T06:00,11.5,43,1017.7,0.0,6.3
2025-03-08T07:00,11.2,50,1019.4,0.0,7.3
2025-03-08T08:00,14.2,42,1020.1,0.0,9.6
2025-03-08T09:00,17.9,34,1020.0,0.0,12.1
2025-03-08T10:00,20.6,28,1019.2,0.0,16.1
2025-03-08T11:00,23.2,24,1017.6,0.0,16.7
2025-03-08T12:00,25.6,19,1016.0,0.0,18.2
2025-03-08T13:00,27.1,17,1014.1,0.0,19.9
2025-03-08T14:00,28.0,15,1012.3,0.0,20.6
2025-03-08T15:00,28.5,13,1010.9,0.0,20.7
2025-03-08T16:00,28.2,13,1009.9,0.0,21.4
2025-03-08T17:00,27.4,15,1010.0,0.0,20.8
2025-03-08T18:00,26.0,18,1010.4,0.0,19.7
2025-03-08T19:00,23.4,18,1011.6,0.0,18.5
2025-03-08T20:00,22.5,19,1012.7,0.0,18.8
2025-03-08T21:00,21.5,23,1013.9,0.0,17.8
2025-03-08T22:00,20.2,27,1014.9,0.0,14.4
2025-03-08T23:00,18.8,30,1015.5,0.0,12.0
2025-03-09T00:00,17.8,33,1015.3,0.0,10.9
2025-03-09T01:00,16.8,35,1015.2,0.0,8.8
2025-03-09T02:00,15.2,38,1015.2,0.0,6.8
2025-03-09T03:00,13.9,42,1015.3,0.0,5.6
2025-03-09T04:00,13.4,44,1015.5,0.0,3.3
2025-03-09T05:00,12.9,46,1015.9,0.0,1.3
2025-03-09T06:00,12.5,48,1016.5,0.0,0.9
2025-03-09T07:00,11.3,56,1017.6,0.0,0.7
2025-03-09T08:00,14.3,47,1018.2,0.0,4.0
2025-03-09T09:00,18.6,34,1018.2,0.0,1.4
2025-03-09T10:00,21.8,25,1017.5,0.0,2.7
2025-03-09T11:00,23.9,21,1016.1,0.0,2.8
2025-03-09T12:00,26.0,17,1014.6,0.0,4.0
2025-03-09T13:00,28.0,14,1012.4,0.0,8.2
2025-03-09T14:00,29.3,12,1010.3,0.0,16.0
2025-03-09T15:00,29.4,10,1008.8,0.0,21.2
2025-03-09T16:00,28.6,12,1008.5,0.0,22.2
2025-03-09T17:00,28.4,12,1007.7,0.0,22.3
2025-03-09T18:00,27.5,13,1007.8,0.0,21.8
2025-03-09T19:00,23.8,13,1010.3,0.0,4.9
2025-03-09T20:00,15.6,41,1016.5,0.0,18.8
2025-03-09T21:00,13.8,44,1018.5,0.0,6.8
2025-03-09T22:00,13.9,42,1019.3,0.0,14.3
2025-03-09T23:00,12.1,47,1020.3,0.0,12.1
2025-03-10T00:00,10.9,49,1021.4,0.0,12.2
2025-03-10T01:00,10.0,52,1021.6,0.0,11.1
2025-03-10T02:00,9.2,54,1021.3,0.0,9.2
2025-03-10T03:00,8.4,58,1020.5,0.0,9.5
2025-03-10T04:00,7.4,62,1021.1,0.0,10.9
2025-03-10T05:00,6.8,64,1021.6,0.0,8.9
2025-03-10T06:00,6.1,68,1022.7,0.0,9.3
2025-03-10T07:00,5.2,74,1023.8,0.0,7.5
2025-03-10T08:00,7.1,65,1024.3,0.0,8.5
2025-03-10T09:00,10.6,52,1023.8,0.0,9.8
2025-03-10T10:00,15.1,40,1022.1,0.0,8.6
2025-03-10T11:00,19.6,29,1019.8,0.0,5.7
2025-03-10T12:00,23.4,20,1017.3,0.0,3.8
2025-03-10T13:00,25.9,13,1014.7,0.0,14.7
2025-03-10T14:00,27.1,10,1012.9,0.0,19.6
2025-03-10T15:00,27.4,10,1011.3,0.0,18.2
2025-03-10T16:00,27.4,10,1010.3,0.0,16.7
2025-03-10T17:00,26.6,11,1010.2,0.0,17.7
2025-03-10T18:00,25.0,11,1010.8,0.0,20.2
2025-03-10T19:00,22.4,11,1011.3,0.0,11.8
2025-03-10T20:00,19.8,11,1013.1,0.0,2.5
2025-03-10T21:00,14.7,40,1018.1,0.0,16.2
2025-03-10T22:00,13.0,47,1018.5,0.0,6.9
2025-03-10T23:00,12.8,47,1018.8,0.0,7.9
2025-03-11T00:00,11.8,50,1019.5,0.0,6.7
2025-03-11T01:00,10.6,54,1019.1,0.0,5.1
2025-03-11T02:00,9.6,58,1018.5,0.0,4.4
2025-03-11T03:00,9.0,62,1017.7,0.0,2.1
2025-03-11T04:00,8.8,65,1017.2,0.0,0.6
2025-03-11T05:00,8.6,69,1017.1,0.0,0.7
2025-03-11T06:00,8.4,75,1017.3,0.0,0.8
2025-03-11T07:00,8.3,66,1018.2,0.0,0.5
2025-03-11T08:00,11.8,55,1018.9,0.0,3.1
2025-03-11T09:00,17.0,45,1019.2,0.0,4.9
2025-03-11T10:00,20.9,38,1018.0,0.0,11.5
2025-03-11T11:00,23.6,28,1016.6,0.0,14.9
2025-03-11T12:00,25.7,21,1015.3,0.0,16.2
2025-03-11T13:00,27.5,14,1013.3,0.0,17.3
2025-03-11T14:00,28.5,10,1011.7,0.0,17.3
2025-03-11T15:00,29.0,8,1010.2,0.0,16.6
2025-03-11T16:00,29.0,6,1009.5,0.0,16.2
2025-03-11T17:00,28.1,5,1009.5,0.0,15.1
2025-03-11T18:00,26.8,6,1009.8,0.0,14.2
2025-03-11T19:00,23.1,8,1011.0,0.0,10.1
2025-03-11T20:00,21.8,10,1011.9,0.0,10.7
2025-03-11T21:00,19.5,12,1012.7,0.0,8.1
2025-03-11T22:00,18.0,14,1014.3,0.0,1.8
2025-03-11T23:00,16.9,16,1015.4,0.0,0.4
2025-03-12T00:00,14.7,19,1016.0,0.0,2.3
2025-03-12T01:00,12.7,23,1015.6,0.0,2.8
2025-03-12T02:00,11.1,33,1015.5,0.0,2.2
2025-03-12T03:00,10.1,46,1015.6,0.0,1.1
2025-03-12T04:00,9.4,58,1015.8,0.0,3.1
2025-03-12T05:00,9.1,69,1016.1,0.0,4.8
2025-03-12T06:00,9.0,76,1017.2,0.0,5.3
2025-03-12T07:00,8.9,77,1019.3,0.0,5.9
2025-03-12T08:00,13.1,58,1020.4,0.0,7.6
2025-03-12T09:00,17.7,40,1020.6,0.0,7.7
2025-03-12T10:00,21.3,27,1019.6,0.0,11.3
2025-03-12T11:00,24.0,16,1018.4,0.0,12.0
2025-03-12T12:00,26.1,12,1016.7,0.0,12.0
2025-03-12T13:00,27.8,9,1014.7,0.0,14.8
2025-03-12T14:00,28.9,7,1012.8,0.0,17.7
2025-03-12T15:00,29.0,6,1011.7,0.0,20.0
2025-03-12T16:00,28.5,7,1011.0,0.0,20.7
2025-03-12T17:00,28.0,7,1010.8,0.0,20.2
2025-03-12T18:00,26.5,8,1011.3,0.0,19.7
2025-03-12T19:00,24.1,10,1012.1,0.0,15.7
2025-03-12T20:00,22.6,12,1013.0,0.0,13.6
2025-03-12T21:00,20.6,15,1014.4,0.0,9.9
2025-03-12T22:00,18.9,19,1015.7,0.0,8.2
2025-03-12T23:00,17.8,22,1016.2,0.0,9.1
2025-03-13T00:00,17.6,22,1016.5,0.0,12.6
2025-03-13T01:00,17.3,23,1016.4,0.0,14.1
2025-03-13T02:00,16.4,24,1016.2,0.0,12.5
2025-03-13T03:00,15.6,25,1015.8,0.0,12.5
2025-03-13T04:00,14.7,26,1016.2,0.0,13.0
2025-03-13T05:00,13.6,28,1016.7,0.0,9.9
2025-03-13T06:00,11.8,32,1017.4,0.0,6.4
2025-03-13T07:00,10.1,40,1018.8,0.0,4.9
2025-03-13T08:00,14.0,32,1019.7,0.0,6.3
2025-03-13T09:00,18.4,24,1019.6,0.0,5.2
2025-03-13T10:00,21.6,18,1018.8,0.0,6.3
2025-03-13T11:00,24.5,14,1017.0,0.0,9.1
2025-03-13T12:00,26.5,12,1015.3,0.0,12.0
2025-03-13T13:00,28.1,10,1013.4,0.0,16.0
2025-03-13T14:00,29.0,9,1011.6,0.0,18.5
2025-03-13T15:00,29.3,9,1010.3,0.0,18.0
2025-03-13T16:00,29.0,9,1009.4,0.0,17.9
2025-03-13T17:00,28.3,10,1009.0,0.0,18.7
2025-03-13T18:00,26.9,13,1009.3,0.0,19.5
2025-03-13T19:00,24.0,16,1010.7,0.0,18.1
2025-03-13T20:00,23.0,10,1011.9,0.0,17.6
2025-03-13T21:00,21.0,13,1013.3,0.0,13.5
2025-03-13T22:00,20.0,18,1014.3,0.0,15.1
2025-03-13T23:00,19.5,19,1014.5,0.0,15.5
2025-03-14T00:00,17.4,24,1015.2,0.0,7.7
2025-03-14T01:00,15.6,25,1015.7,0.0,8.1
2025-03-14T02:00,15.4,25,1015.6,0.0,11.6
2025-03-14T03:00,14.2,29,1015.1,0.0,8.9
2025-03-14T04:00,12.7,34,1014.9,0.0,7.3
2025-03-14T05:00,11.4,37,1015.0,0.0,6.5
2025-03-14T06:00,10.7,38,1015.7,0.0,7.5
2025-03-14T07:00,10.4,41,1017.1,0.0,8.8
2025-03-14T08:00,13.7,34,1017.5,0.0,10.0
2025-03-14T09:00,18.0,24,1017.0,0.0,12.3
2025-03-14T10:00,21.3,16,1016.0,0.0,16.9
2025-03-14T11:00,23.9,13,1014.5,0.0,17.7
2025-03-14T12:00,25.9,10,1012.8,0.0,20.5
2025-03-14T13:00,27.2,8,1010.8,0.0,22.9
2025-03-14T14:00,27.9,8,1009.3,0.0,25.3
2025-03-14T15:00,28.0,8,1008.1,0.0,26.0
2025-03-14T16:00,28.0,7,1007.1,0.0,27.5
2025-03-14T17:00,27.0,8,1007.1,0.0,29.7
2025-03-14T18:00,25.4,8,1007.6,0.0,27.8
2025-03-14T19:00,22.6,12,1009.0,0.0,22.4
2025-03-14T20:00,21.5,15,1009.5,0.0,19.7
2025-03-14T21:00,20.5,18,1010.4,0.0,16.4
2025-03-14T22:00,18.6,22,1011.6,0.0,12.5
2025-03-14T23:00,18.0,25,1011.7,0.0,13.1
2025-03-15T00:00,18.0,21,1011.8,0.0,16.2
2025-03-15T01:00,17.3,21,1012.2,0.0,17.9
2025-03-15T02:00,16.0,23,1012.1,0.0,16.3
2025-03-15T03:00,15.5,24,1011.4,0.0,18.8
2025-03-15T04:00,14.7,26,1011.5,0.0,16.7
2025-03-15T05:00,14.1,27,1011.5,0.0,14.8
2025-03-15T06:00,12.8,31,1012.3,0.0,8.1
2025-03-15T07:00,10.4,37,1014.0,0.0,6.4
2025-03-15T08:00,13.8,31,1014.9,0.0,8.3
2025-03-15T09:00,17.9,26,1014.1,0.0,10.2
2025-03-15T10:00,21.5,17,1013.0,0.0,15.4
2025-03-15T11:00,24.1,11,1011.7,0.0,18.8
2025-03-15T12:00,26.1,8,1009.8,0.0,20.9
2025-03-15T13:00,27.4,7,1007.9,0.0,21.9
2025-03-15T14:00,28.2,7,1006.5,0.0,22.9
2025-03-15T15:00,28.6,6,1005.1,0.0,23.7
2025-03-15T16:00,28.4,4,1004.4,0.0,25.2
2025-03-15T17:00,27.5,5,1004.4,0.0,25.2
2025-03-15T18:00,25.8,6,1005.2,0.0,24.1
2025-03-15T19:00,23.1,8,1006.7,0.0,20.1
2025-03-15T20:00,21.5,10,1008.2,0.0,21.0
2025-03-15T21:00,20.5,13,1009.4,0.0,18.8
2025-03-15T22:00,19.1,17,1010.9,0.0,13.6
2025-03-15T23:00,16.8,27,1012.1,0.0,7.5
2025-03-16T00:00,15.2,37,1012.6,0.0,6.8
2025-03-16T01:00,15.1,41,1012.8,0.0,8.5
2025-03-16T02:00,14.4,44,1012.7,0.0,8.6
2025-03-16T03:00,12.8,49,1012.9,0.0,6.3
2025-03-16T04:00,12.1,51,1013.7,0.0,3.8
2025-03-16T05:00,11.5,54,1014.4,0.0,2.2
2025-03-16T06:00,10.6,57,1015.2,0.0,2.2
2025-03-16T07:00,9.4,60,1016.8,0.0,3.6
2025-03-16T08:00,12.6,48,1017.9,0.0,6.3
2025-03-16T09:00,17.2,36,1018.3,0.0,5.0
2025-03-16T10:00,21.0,24,1017.5,0.0,4.1
2025-03-16T11:00,23.5,16,1016.4,0.0,6.2
2025-03-16T12:00,25.5,12,1015.5,0.0,9.4
2025-03-16T13:00,26.8,11,1013.9,0.0,11.8
2025-03-16T14:00,27.5,12,1012.9,0.0,14.4
2025-03-16T15:00,27.1,14,1012.4,0.0,18.6
2025-03-16T16:00,25.9,18,1012.6,0.0,22.7
2025-03-16T17:00,23.5,23,1013.7,0.0,26.0
2025-03-16T18:00,19.8,30,1016.2,0.0,26.0
2025-03-16T19:00,16.8,36,1018.2,0.0,21.7
2025-03-16T20:00,14.4,41,1021.0,0.0,22.0
2025-03-16T21:00,13.6,43,1022.8,0.0,17.5
2025-03-16T22:00,12.6,47,1024.3,0.0,18.0
2025-03-16T23:00,11.6,51,1025.3,0.0,16.6
2025-03-17T00:00,10.6,55,1025.9,0.0,15.1
2025-03-17T01:00,9.9,59,1026.1,0.0,14.9
2025-03-17T02:00,9.2,62,1025.7,0.0,15.4
2025-03-17T03:00,8.7,66,1025.5,0.0,15.9
2025-03-17T04:00,8.2,70,1025.5,0.0,14.9
2025-03-17T05:00,7.8,71,1025.7,0.0,14.9
2025-03-17T06:00,7.5,72,1026.2,0.0,14.7
2025-03-17T07:00,7.2,71,1027.2,0.0,14.8
2025-03-17T08:00,9.5,61,1027.7,0.0,15.9
2025-03-17T09:00,13.1,49,1027.3,0.0,20.2
2025-03-17T10:00,16.5,37,1026.1,0.0,22.0
2025-03-17T11:00,19.8,26,1024.3,0.0,22.7
2025-03-17T12:00,22.5,19,1022.7,0.0,21.1
2025-03-17T13:00,24.6,15,1020.6,0.0,19.6
2025-03-17T14:00,26.0,13,1019.0,0.0,18.2
2025-03-17T15:00,26.3,14,1017.5,0.0,17.4
2025-03-17T16:00,25.6,17,1016.7,0.0,18.7
2025-03-17T17:00,23.8,22,1017.1,0.0,20.6
2025-03-17T18:00,21.0,29,1018.1,0.0,21.0
2025-03-17T19:00,17.9,40,1019.7,0.0,19.5
2025-03-17T20:00,15.4,49,1021.8,0.0,18.8
2025-03-17T21:00,13.8,55,1023.3,0.0,14.6
2025-03-17T22:00,12.9,60,1024.0,0.0,14.2
2025-03-17T23:00,12.2,63,1024.2,0.0,12.8
2025-03-18T00:00,11.3,67,1024.3,0.0,8.7
2025-03-18T01:00,10.1,73,1023.9,0.0,5.2
2025-03-18T02:00,9.2,77,1023.0,0.0,4.5
2025-03-18T03:00,8.4,82,1022.7,0.0,3.7
2025-03-18T04:00,7.8,86,1022.2,0.0,4.0
2025-03-18T05:00,7.4,88,1022.4,0.0,3.5
2025-03-18T06:00,7.4,87,1022.2,0.0,3.2
2025-03-18T07:00,6.6,92,1022.5,0.0,2.1
2025-03-18T08:00,10.5,71,1022.9,0.0,2.3
2025-03-18T09:00,15.8,48,1022.9,0.0,0.5
2025-03-18T10:00,20.9,34,1020.9,0.0,5.6
2025-03-18T11:00,24.5,27,1019.0,0.0,14.1
2025-03-18T12:00,26.3,19,1017.4,0.0,14.8
2025-03-18T13:00,27.6,14,1015.7,0.0,14.8
2025-03-18T14:00,28.5,13,1013.9,0.0,15.5
2025-03-18T15:00,28.9,12,1012.4,0.0,16.7
2025-03-18T16:00,28.7,12,1011.5,0.0,17.5
2025-03-18T17:00,28.0,12,1011.4,0.0,18.2
2025-03-18T18:00,26.5,13,1011.6,0.0,17.7
2025-03-18T19:00,24.0,14,1012.1,0.0,11.9
2025-03-18T20:00,22.0,17,1012.9,0.0,9.4
2025-03-18T21:00,20.6,22,1013.9,0.0,8.8
2025-03-18T22:00,19.9,26,1015.1,0.0,10.2
2025-03-18T23:00,19.0,31,1015.7,0.0,10.8
2025-03-19T00:00,18.1,35,1015.7,0.0,9.9
2025-03-19T01:00,17.0,39,1015.6,0.0,8.7
2025-03-19T02:00,16.2,41,1015.7,0.0,9.6
2025-03-19T03:00,16.0,42,1015.8,0.0,12.0
2025-03-19T04:00,15.7,44,1016.2,0.0,13.0
2025-03-19T05:00,14.6,48,1016.7,0.0,10.6
2025-03-19T06:00,13.6,51,1017.4,0.0,9.4
2025-03-19T07:00,12.5,56,1018.7,0.0,9.3
2025-03-19T08:00,15.4,46,1019.5,0.0,8.8
2025-03-19T09:00,19.1,34,1019.4,0.0,10.8
2025-03-19T10:00,22.0,24,1018.2,0.0,13.0
2025-03-19T11:00,24.5,18,1016.8,0.0,15.0
2025-03-19T12:00,26.4,13,1015.2,0.0,14.9
2025-03-19T13:00,27.8,9,1013.5,0.0,12.6
2025-03-19T14:00,28.6,7,1011.8,0.0,10.0
2025-03-19T15:00,28.8,7,1010.6,0.0,9.4
2025-03-19T16:00,28.4,6,1009.6,0.0,9.7
2025-03-19T17:00,27.8,6,1009.2,0.0,11.5
2025-03-19T18:00,27.0,6,1009.2,0.0,10.7
2025-03-19T19:00,24.1,8,1010.1,0.0,7.7
2025-03-19T20:00,18.8,38,1015.2,0.0,24.2
2025-03-19T21:00,18.0,41,1016.8,0.0,15.9
2025-03-19T22:00,16.5,44,1018.6,0.0,14.6
2025-03-19T23:00,15.4,49,1019.8,0.0,16.7
2025-03-20T00:00,14.6,56,1020.2,0.0,17.4
2025-03-20T01:00,14.2,66,1020.4,0.0,18.4
2025-03-20T02:00,14.6,74,1020.2,0.0,20.2
2025-03-20T03:00,14.0,81,1020.1,0.0,21.5
2025-03-20T04:00,13.2,76,1020.8,0.0,23.6
2025-03-20T05:00,12.4,75,1021.5,0.0,23.6
2025-03-20T06:00,11.9,73,1022.2,0.0,23.8
2025-03-20T07:00,11.1,79,1023.4,0.0,22.1
2025-03-20T08:00,11.9,72,1024.2,0.0,25.9
2025-03-20T09:00,13.6,62,1024.5,0.0,30.6
2025-03-20T10:00,15.0,57,1024.2,0.0,30.0
2025-03-20T11:00,15.4,56,1024.0,0.0,28.4
2025-03-20T12:00,16.8,48,1023.0,0.0,28.7
2025-03-20T13:00,19.1,38,1020.4,0.0,29.2
2025-03-20T14:00,20.4,35,1018.6,0.0,28.5
2025-03-20T15:00,21.0,32,1017.0,0.0,26.2
2025-03-20T16:00,21.9,29,1015.3,0.0,25.7
2025-03-20T17:00,19.2,37,1016.3,0.0,27.4
2025-03-20T18:00,16.2,49,1018.3,0.0,27.1
2025-03-20T19:00,13.2,62,1020.0,0.0,22.4
2025-03-20T20:00,11.6,69,1021.6,0.0,20.7
2025-03-20T21:00,10.6,75,1022.9,0.0,19.9
2025-03-20T22:00,10.1,78,1023.8,0.0,18.7
2025-03-20T23:00,9.8,80,1023.7,0.0,20.7
2025-03-21T00:00,9.4,82,1023.4,0.0,19.1
2025-03-21T01:00,9.1,84,1023.0,0.0,16.3
2025-03-21T02:00,8.6,87,1022.4,0.0,12.5
2025-03-21T03:00,7.8,91,1021.8,0.0,7.9
2025-03-21T04:00,7.1,96,1021.3,0.0,4.3
2025-03-21T05:00,6.7,97,1021.4,0.0,3.1
2025-03-21T06:00,6.4,98,1021.7,0.0,4.6
2025-03-21T07:00,6.1,100,1022.6,0.0,6.5
2025-03-21T08:00,9.1,82,1023.2,0.0,6.0
2025-03-21T09:00,13.6,60,1022.7,0.0,5.0
2025-03-21T10:00,18.3,43,1020.7,0.0,2.6
2025-03-21T11:00,22.3,32,1018.6,0.0,5.6
2025-03-21T12:00,25.0,26,1016.5,0.0,11.2
2025-03-21T13:00,26.5,22,1014.4,0.0,12.9
2025-03-21T14:00,27.6,20,1012.4,0.0,13.5
2025-03-21T15:00,28.0,18,1011.0,0.0,14.9
2025-03-21T16:00,27.8,17,1009.8,0.0,16.2
2025-03-21T17:00,26.8,17,1010.2,0.0,17.7
2025-03-21T18:00,25.3,17,1010.8,0.0,17.6
2025-03-21T19:00,23.7,18,1011.4,0.0,11.6
2025-03-21T20:00,20.1,38,1014.8,0.0,18.2
2025-03-21T21:00,19.0,44,1016.4,0.1,20.4
2025-03-21T22:00,18.3,42,1016.4,0.0,5.9
2025-03-21T23:00,17.1,48,1017.4,0.0,7.4
2025-03-22T00:00,16.4,55,1017.6,0.0,5.6
2025-03-22T01:00,15.7,60,1017.7,0.0,3.2
2025-03-22T02:00,15.4,60,1017.3,0.0,0.5
2025-03-22T03:00,14.9,60,1016.4,0.0,0.4
2025-03-22T04:00,14.6,58,1016.2,0.0,1.0
2025-03-22T05:00,14.1,58,1016.6,0.0,2.9
2025-03-22T06:00,14.0,57,1016.7,0.0,4.5
2025-03-22T07:00,13.6,60,1017.4,0.0,4.2
2025-03-22T08:00,16.0,52,1018.3,0.0,7.4
2025-03-22T09:00,18.6,43,1018.8,0.0,9.2
2025-03-22T10:00,21.9,26,1017.7,0.0,11.2
2025-03-22T11:00,23.6,24,1016.8,0.0,12.1
2025-03-22T12:00,25.2,22,1015.3,0.0,12.4
2025-03-22T13:00,27.1,19,1013.2,0.0,11.0
2025-03-22T14:00,28.3,17,1011.1,0.0,11.1
2025-03-22T15:00,28.9,16,1009.8,0.0,16.3
2025-03-22T16:00,27.2,17,1009.9,0.0,16.4
2025-03-22T17:00,26.6,18,1010.1,0.0,16.2
2025-03-22T18:00,24.5,22,1011.1,0.0,14.4
2025-03-22T19:00,22.8,24,1011.1,0.0,8.2
2025-03-22T20:00,19.6,31,1013.4,0.0,9.5
2025-03-22T21:00,17.6,48,1016.1,0.0,11.7
2025-03-22T22:00,15.9,52,1017.1,0.0,5.2
2025-03-22T23:00,16.2,52,1017.1,0.0,8.5
2025-03-23T00:00,14.4,60,1016.2,0.0,4.4
2025-03-23T01:00,13.1,65,1016.0,0.0,1.3
2025-03-23T02:00,12.4,68,1015.5,0.0,0.8
2025-03-23T03:00,11.9,69,1015.5,0.0,1.5
2025-03-23T04:00,11.2,70,1015.9,0.0,5.2
2025-03-23T05:00,11.1,63,1015.5,0.0,6.1
2025-03-23T06:00,11.0,59,1016.1,0.0,6.0
2025-03-23T07:00,10.6,63,1017.4,0.0,5.6
2025-03-23T08:00,15.4,46,1018.3,0.0,6.9
2025-03-23T09:00,19.5,35,1018.1,0.0,8.8
2025-03-23T10:00,22.7,23,1017.1,0.0,13.3
2025-03-23T11:00,25.0,20,1015.8,0.0,14.8
2025-03-23T12:00,26.9,18,1014.1,0.0,15.1
2025-03-23T13:00,28.1,16,1012.4,0.0,15.1
2025-03-23T14:00,29.0,15,1010.6,0.0,16.0
2025-03-23T15:00,29.5,15,1008.9,0.0,18.5
2025-03-23T16:00,29.8,14,1007.5,0.0,17.3
2025-03-23T17:00,28.8,14,1007.5,0.0,16.3
2025-03-23T18:00,27.0,15,1008.4,0.0,15.1
2025-03-23T19:00,23.0,29,1011.1,0.0,10.7
2025-03-23T20:00,19.5,47,1014.0,0.3,14.8
2025-03-23T21:00,15.3,73,1016.3,2.7,12.1
2025-03-23T22:00,16.9,61,1015.3,0.0,10.3
2025-03-23T23:00,15.6,62,1016.0,0.0,7.7
2025-03-24T00:00,15.3,60,1015.4,0.0,6.9
2025-03-24T01:00,13.9,66,1015.0,0.0,5.2
2025-03-24T02:00,13.5,64,1014.1,0.0,2.1
2025-03-24T03:00,12.6,66,1013.7,0.0,0.3
2025-03-24T04:00,12.1,65,1013.7,0.0,0.5
2025-03-24T05:00,11.9,63,1014.0,0.0,1.9
2025-03-24T06:00,12.3,58,1014.9,0.0,0.6
2025-03-24T07:00,11.6,65,1016.4,0.0,2.5
2025-03-24T08:00,15.2,53,1017.2,0.0,5.5
2025-03-24T09:00,19.6,40,1017.2,0.0,2.4
2025-03-24T10:00,22.7,29,1016.0,0.0,4.0
2025-03-24T11:00,25.5,19,1014.7,0.0,6.5
2025-03-24T12:00,27.1,16,1013.2,0.0,6.7
2025-03-24T13:00,28.8,13,1011.0,0.0,8.7
2025-03-24T14:00,30.0,11,1009.1,0.0,12.4
2025-03-24T15:00,30.4,10,1007.8,0.0,18.1
2025-03-24T16:00,29.9,9,1007.2,0.0,19.5
2025-03-24T17:00,28.5,10,1007.8,0.0,21.5
2025-03-24T18:00,27.7,11,1008.1,0.0,18.6
2025-03-24T19:00,24.1,15,1009.5,0.0,3.5
2025-03-24T20:00,19.2,51,1014.1,0.0,18.4
2025-03-24T21:00,18.4,58,1015.5,0.0,9.9
2025-03-24T22:00,16.7,73,1018.2,0.0,15.1
2025-03-24T23:00,15.6,83,1019.0,0.0,14.8
2025-03-25T00:00,15.1,86,1018.6,0.0,12.5
2025-03-25T01:00,15.0,87,1018.5,0.0,11.3
2025-03-25T02:00,14.4,92,1018.2,0.0,11.2
2025-03-25T03:00,14.1,95,1017.9,0.0,11.1
2025-03-25T04:00,13.8,97,1018.0,0.0,10.4
2025-03-25T05:00,14.1,95,1018.5,0.0,8.9
2025-03-25T06:00,14.1,95,1018.7,0.0,7.8
2025-03-25T07:00,13.2,97,1019.8,0.0,8.6
2025-03-25T08:00,15.5,83,1020.3,0.0,14.9
2025-03-25T09:00,18.1,65,1020.2,0.0,14.3
2025-03-25T10:00,21.0,50,1019.3,0.0,11.7
2025-03-25T11:00,22.8,43,1018.2,0.3,9.0
2025-03-25T12:00,24.0,36,1016.8,0.3,7.6
2025-03-25T13:00,25.5,28,1014.9,0.1,4.8
2025-03-25T14:00,26.8,23,1013.1,0.0,8.3
2025-03-25T15:00,27.2,21,1011.9,0.0,8.8
2025-03-25T16:00,28.0,18,1010.5,0.0,5.5
2025-03-25T17:00,26.6,21,1011.0,0.0,16.2
2025-03-25T18:00,21.4,45,1013.6,0.0,27.3
2025-03-25T19:00,20.2,51,1015.3,0.0,19.6
2025-03-25T20:00,18.4,59,1017.1,0.0,15.7
2025-03-25T21:00,17.9,63,1018.2,0.0,17.4
2025-03-25T22:00,16.8,73,1019.8,0.0,17.7
2025-03-25T23:00,15.9,78,1020.3,0.0,18.2
2025-03-26T00:00,15.2,80,1020.3,0.0,15.4
2025-03-26T01:00,14.4,84,1020.2,0.0,13.7
2025-03-26T02:00,13.7,87,1020.2,0.0,12.6
2025-03-26T03:00,13.1,89,1019.7,0.0,11.4
2025-03-26T04:00,12.7,91,1019.8,0.0,11.6
2025-03-26T05:00,12.4,93,1020.1,0.0,13.1
2025-03-26T06:00,12.1,96,1020.8,0.0,11.5
2025-03-26T07:00,11.8,98,1021.7,0.0,9.8
2025-03-26T08:00,13.4,87,1022.3,0.0,14.4
2025-03-26T09:00,15.9,73,1022.2,0.0,12.5
2025-03-26T10:00,19.6,54,1020.7,0.0,9.3
2025-03-26T11:00,22.7,41,1018.9,0.0,5.8
2025-03-26T12:00,25.1,30,1016.7,0.1,2.7
2025-03-26T13:00,27.2,23,1014.3,0.0,2.7
2025-03-26T14:00,29.0,17,1011.9,0.0,8.3
2025-03-26T15:00,29.8,15,1010.0,0.0,13.0
2025-03-26T16:00,30.0,14,1008.8,0.0,17.0
2025-03-26T17:00,28.2,16,1008.8,0.0,17.9
2025-03-26T18:00,27.2,17,1009.6,0.0,17.5
2025-03-26T19:00,23.6,24,1011.9,0.0,7.3
2025-03-26T20:00,19.5,62,1015.2,0.0,12.6
2025-03-26T21:00,19.4,65,1015.9,0.0,14.7
2025-03-26T22:00,17.7,73,1017.6,0.0,13.0
2025-03-26T23:00,16.8,78,1018.2,0.0,11.7
2025-03-27T00:00,15.8,82,1018.0,0.0,7.4
2025-03-27T01:00,14.6,90,1017.7,0.0,4.5
2025-03-27T02:00,13.7,95,1017.2,0.0,4.9
2025-03-27T03:00,13.0,97,1016.6,0.0,3.9
2025-03-27T04:00,12.5,99,1016.4,0.0,2.4
2025-03-27T05:00,12.0,100,1016.7,0.0,2.5
2025-03-27T06:00,11.5,99,1017.3,0.0,2.8
2025-03-27T07:00,12.1,98,1018.3,0.0,3.7
2025-03-27T08:00,13.8,92,1019.0,0.0,4.9
2025-03-27T09:00,17.8,65,1018.6,0.0,1.5
2025-03-27T10:00,22.1,35,1016.7,0.0,5.4
2025-03-27T11:00,25.6,19,1014.6,0.0,15.3
2025-03-27T12:00,27.1,16,1012.9,0.0,17.9
2025-03-27T13:00,28.2,15,1011.2,0.0,18.9
2025-03-27T14:00,29.0,15,1009.7,0.0,19.7
2025-03-27T15:00,29.7,14,1007.9,0.0,24.4
2025-03-27T16:00,28.6,14,1007.3,0.0,27.1
2025-03-27T17:00,27.2,15,1007.6,0.0,25.2
2025-03-27T18:00,25.4,17,1008.5,0.0,23.0
2025-03-27T19:00,23.3,18,1010.0,0.0,16.8
2025-03-27T20:00,21.7,20,1011.1,0.0,16.7
2025-03-27T21:00,20.4,24,1012.2,0.0,15.9
2025-03-27T22:00,19.0,30,1013.6,0.0,14.0
2025-03-27T23:00,17.9,32,1013.9,0.0,9.5
2025-03-28T00:00,16.2,35,1014.0,0.0,6.9
2025-03-28T01:00,14.9,38,1014.1,0.0,6.2
2025-03-28T02:00,13.9,41,1014.0,0.0,6.1
2025-03-28T03:00,12.9,44,1014.0,0.0,6.2
2025-03-28T04:00,12.4,45,1014.2,0.0,6.8
2025-03-28T05:00,11.9,46,1014.8,0.0,7.1
2025-03-28T06:00,11.6,47,1015.5,0.0,7.5
2025-03-28T07:00,11.1,49,1016.6,0.0,7.3
2025-03-28T08:00,14.9,38,1017.4,0.0,8.7
2025-03-28T09:00,18.1,29,1017.0,0.0,12.3
2025-03-28T10:00,20.6,24,1016.4,0.0,14.4
2025-03-28T11:00,22.9,19,1015.5,0.0,15.9
2025-03-28T12:00,24.6,15,1013.9,0.0,18.6
2025-03-28T13:00,25.9,12,1012.4,0.0,20.7
2025-03-28T14:00,26.7,11,1010.6,0.0,20.8
2025-03-28T15:00,26.9,11,1009.7,0.0,21.6
2025-03-28T16:00,27.1,9,1008.5,0.0,20.6
2025-03-28T17:00,26.8,7,1007.9,0.0,20.0
2025-03-28T18:00,25.7,9,1007.9,0.0,17.3
2025-03-28T19:00,22.8,10,1008.8,0.0,10.7
2025-03-28T20:00,20.9,8,1010.3,0.0,10.1
2025-03-28T21:00,18.9,11,1011.5,0.0,8.7
2025-03-28T22:00,16.9,23,1013.0,0.0,9.3
2025-03-28T23:00,15.9,26,1013.8,0.0,2.6
2025-03-29T00:00,14.1,30,1015.2,0.0,6.8
2025-03-29T01:00,12.4,66,1015.8,0.0,5.7
2025-03-29T02:00,11.9,80,1015.6,0.0,2.9
2025-03-29T03:00,11.4,82,1015.3,0.0,3.2
2025-03-29T04:00,11.1,82,1015.1,0.0,2.1
2025-03-29T05:00,10.6,85,1015.1,0.0,1.4
2025-03-29T06:00,10.5,83,1015.6,0.0,0.5
2025-03-29T07:00,10.1,98,1016.8,0.0,0.8
2025-03-29T08:00,12.9,79,1017.8,0.0,2.2
2025-03-29T09:00,17.6,50,1017.3,0.0,4.8
2025-03-29T10:00,21.5,24,1015.9,0.0,11.6
2025-03-29T11:00,24.0,17,1014.7,0.0,14.9
2025-03-29T12:00,26.0,14,1013.2,0.0,15.5
2025-03-29T13:00,27.5,11,1011.7,0.0,16.2
2025-03-29T14:00,28.5,10,1010.1,0.0,16.5
2025-03-29T15:00,28.8,9,1008.7,0.0,17.0
2025-03-29T16:00,28.5,8,1007.8,0.0,18.0
2025-03-29T17:00,27.6,8,1007.9,0.0,18.6
2025-03-29T18:00,26.5,8,1008.2,0.0,17.8
2025-03-29T19:00,23.5,10,1008.7,0.0,8.7
2025-03-29T20:00,21.1,11,1009.8,0.0,8.3
2025-03-29T21:00,20.0,12,1010.5,0.0,8.4
2025-03-29T22:00,18.5,16,1012.2,0.0,9.4
2025-03-29T23:00,17.0,20,1012.6,0.0,8.2
2025-03-30T00:00,15.9,22,1013.1,0.0,7.6
2025-03-30T01:00,15.2,23,1013.7,0.0,0.6
2025-03-30T02:00,14.2,25,1013.6,0.0,0.5
2025-03-30T03:00,13.2,27,1013.4,0.0,1.3
2025-03-30T04:00,12.1,29,1013.6,0.0,2.8
2025-03-30T05:00,10.6,32,1014.3,0.0,5.3
2025-03-30T06:00,9.8,34,1015.1,0.0,5.2
2025-03-30T07:00,9.6,36,1016.6,0.0,5.3
2025-03-30T08:00,14.9,26,1017.6,0.0,5.5
2025-03-30T09:00,19.0,21,1017.6,0.0,7.5
2025-03-30T10:00,22.2,17,1016.6,0.0,12.6
2025-03-30T11:00,24.8,13,1015.3,0.0,13.7
2025-03-30T12:00,26.9,10,1013.7,0.0,13.5
2025-03-30T13:00,28.5,8,1012.2,0.0,13.6
2025-03-30T14:00,29.5,7,1010.5,0.0,13.6
2025-03-30T15:00,29.8,6,1009.0,0.0,13.7
2025-03-30T16:00,29.5,6,1008.1,0.0,14.1
2025-03-30T17:00,28.9,6,1007.7,0.0,13.4
2025-03-30T18:00,27.8,6,1007.8,0.0,12.1
2025-03-30T19:00,23.9,8,1008.7,0.0,8.5
2025-03-30T20:00,22.1,9,1009.6,0.0,10.0
2025-03-30T21:00,20.0,10,1010.1,0.0,7.4
2025-03-30T22:00,17.6,13,1011.1,0.0,6.0
2025-03-30T23:00,16.3,14,1011.3,0.0,6.3
2025-03-31T00:00,16.1,14,1012.2,0.0,2.9
2025-03-31T01:00,14.8,17,1013.1,0.0,2.2
2025-03-31T02:00,13.4,21,1012.5,0.0,1.8
2025-03-31T03:00,12.1,26,1012.3,0.0,2.6
2025-03-31T04:00,11.5,31,1012.6,0.0,1.9
2025-03-31T05:00,11.6,32,1013.3,0.0,1.0
2025-03-31T06:00,11.6,32,1014.1,0.0,2.7
2025-03-31T07:00,12.6,31,1015.7,0.0,3.4
2025-03-31T08:00,16.5,24,1017.0,0.0,7.0
2025-03-31T09:00,20.5,19,1017.0,0.0,8.4
2025-03-31T10:00,23.9,15,1015.6,0.0,12.3
2025-03-31T11:00,26.3,11,1014.4,0.0,13.1
2025-03-31T12:00,28.2,9,1013.1,0.0,12.3
2025-03-31T13:00,29.7,7,1011.4,0.0,12.0
2025-03-31T14:00,30.6,6,1009.5,0.0,12.2
2025-03-31T15:00,31.0,5,1008.2,0.0,11.9
2025-03-31T16:00,31.0,5,1007.0,0.0,11.7
2025-03-31T17:00,30.3,5,1006.6,0.0,11.0
2025-03-31T18:00,28.9,5,1007.0,0.0,12.4
2025-03-31T19:00,25.2,8,1007.9,0.0,9.2
2025-03-31T20:00,23.1,8,1008.8,0.0,8.6
2025-03-31T21:00,22.0,9,1010.0,0.0,3.6
2025-03-31T22:00,19.4,13,1013.1,0.0,7.4
2025-03-31T23:00,17.4,29,1014.0,0.0,5.5
2025-04-01T00:00,16.4,46,1015.0,0.0,3.7
2025-04-01T01:00,15.7,59,1014.8,0.0,2.0
2025-04-01T02:00,15.4,64,1014.6,0.0,0.6
2025-04-01T03:00,14.6,64,1013.9,0.0,0.9
2025-04-01T04:00,14.2,55,1013.6,0.0,1.5
2025-04-01T05:00,13.9,48,1013.6,0.0,1.9
2025-04-01T06:00,13.1,38,1014.2,0.0,3.3
2025-04-01T07:00,11.9,27,1014.9,0.0,5.5
2025-04-01T08:00,16.9,19,1015.8,0.0,6.3
2025-04-01T09:00,21.0,18,1015.6,0.0,8.4
2025-04-01T10:00,24.0,18,1014.5,0.0,13.5
2025-04-01T11:00,26.1,16,1013.4,0.0,15.9
2025-04-01T12:00,28.0,13,1011.8,0.0,16.0
2025-04-01T13:00,29.2,12,1010.3,0.0,16.4
2025-04-01T14:00,30.0,11,1008.6,0.0,16.4
2025-04-01T15:00,30.7,11,1006.9,0.0,16.3
2025-04-01T16:00,30.8,10,1005.5,0.0,15.5
2025-04-01T17:00,30.0,10,1005.1,0.0,16.1
2025-04-01T18:00,28.6,11,1005.4,0.0,17.7
2025-04-01T19:00,26.0,13,1006.1,0.0,12.6
2025-04-01T20:00,24.0,15,1007.3,0.0,10.4
2025-04-01T21:00,22.7,18,1009.4,0.0,16.6
2025-04-01T22:00,21.5,20,1010.3,0.0,14.7
2025-04-01T23:00,20.3,22,1010.8,0.0,12.6
2025-04-02T00:00,18.8,25,1011.2,0.0,7.5
2025-04-02T01:00,17.5,27,1011.4,0.0,4.8
2025-04-02T02:00,16.2,30,1011.4,0.0,4.3
2025-04-02T03:00,15.0,33,1011.1,0.0,4.2
2025-04-02T04:00,13.9,35,1011.1,0.0,5.5
2025-04-02T05:00,13.1,37,1011.5,0.0,6.0
2025-04-02T06:00,12.6,39,1012.2,0.0,5.6
2025-04-02T07:00,13.1,40,1012.9,0.0,6.4
2025-04-02T08:00,17.8,30,1013.7,0.0,8.3
2025-04-02T09:00,21.6,24,1013.3,0.0,12.1
2025-04-02T10:00,24.6,19,1012.2,0.0,14.9
2025-04-02T11:00,26.9,15,1011.0,0.0,16.3
2025-04-02T12:00,28.8,13,1009.7,0.0,17.1
2025-04-02T13:00,30.1,11,1008.2,0.0,18.5
2025-04-02T14:00,31.1,10,1006.5,0.0,18.4
2025-04-02T15:00,31.5,9,1005.4,0.0,18.1
2025-04-02T16:00,31.2,9,1004.5,0.0,18.6
2025-04-02T17:00,30.3,10,1004.7,0.0,20.4
2025-04-02T18:00,28.8,11,1005.2,0.0,18.6
2025-04-02T19:00,25.9,14,1006.4,0.0,13.0
2025-04-02T20:00,23.8,18,1008.3,0.0,14.3
2025-04-02T21:00,22.0,21,1009.9,0.0,16.9
2025-04-02T22:00,20.8,22,1010.9,0.0,16.8
2025-04-02T23:00,19.6,25,1011.8,0.0,11.9
2025-04-03T00:00,18.6,27,1012.2,0.0,8.5
2025-04-03T01:00,16.9,31,1012.5,0.0,5.7
2025-04-03T02:00,15.6,35,1013.0,0.0,5.4
2025-04-03T03:00,14.6,38,1013.2,0.0,6.1
2025-04-03T04:00,14.5,38,1013.3,0.0,8.1
2025-04-03T05:00,14.8,37,1013.9,0.0,9.9
2025-04-03T06:00,14.1,40,1014.4,0.0,7.9
2025-04-03T07:00,13.7,44,1015.4,0.0,6.9
2025-04-03T08:00,17.5,36,1016.2,0.0,7.9
2025-04-03T09:00,20.1,29,1015.6,0.0,11.1
2025-04-03T10:00,23.1,24,1014.5,0.0,14.1
2025-04-03T11:00,25.8,18,1013.1,0.0,17.4
2025-04-03T12:00,27.9,12,1011.4,0.0,17.7
2025-04-03T13:00,29.2,11,1009.8,0.0,17.9
2025-04-03T14:00,30.3,10,1008.2,0.0,17.8
2025-04-03T15:00,30.5,10,1007.1,0.0,18.3
2025-04-03T16:00,30.0,11,1006.4,0.0,18.4
2025-04-03T17:00,29.7,10,1005.9,0.0,17.0
2025-04-03T18:00,28.2,12,1006.2,0.0,20.3
2025-04-03T19:00,25.3,14,1007.6,0.0,13.3
2025-04-03T20:00,23.3,16,1008.8,0.0,14.1
2025-04-03T21:00,21.5,23,1010.3,0.0,12.6
2025-04-03T22:00,20.0,27,1011.9,0.0,9.3
2025-04-03T23:00,18.0,31,1012.9,0.0,5.2
2025-04-04T00:00,16.9,33,1013.3,0.0,4.0
2025-04-04T01:00,15.6,36,1013.4,0.0,5.2
2025-04-04T02:00,14.9,38,1013.4,0.0,6.3
2025-04-04T03:00,14.6,38,1013.3,0.0,7.2
2025-04-04T04:00,14.5,36,1013.7,0.0,8.9
2025-04-04T05:00,13.8,36,1014.6,0.0,8.5
2025-04-04T06:00,13.0,37,1015.5,0.0,8.0
2025-04-04T07:00,12.9,40,1016.4,0.0,7.2
2025-04-04T08:00,16.8,32,1017.0,0.0,7.2
2025-04-04T09:00,19.9,27,1016.2,0.0,11.0
2025-04-04T10:00,23.0,22,1015.1,0.0,15.2
2025-04-04T11:00,25.4,16,1013.7,0.0,17.4
2025-04-04T12:00,27.5,12,1012.2,0.0,20.0
2025-04-04T13:00,28.8,12,1010.9,0.0,19.9
2025-04-04T14:00,30.0,10,1009.1,0.0,19.5
2025-04-04T15:00,30.4,9,1008.1,0.0,22.6
2025-04-04T16:00,29.6,10,1007.6,0.0,22.9
2025-04-04T17:00,28.7,11,1007.8,0.0,22.8
2025-04-04T18:00,27.1,14,1008.4,0.0,19.6
2025-04-04T19:00,24.5,17,1009.1,0.0,10.8
2025-04-04T20:00,22.8,20,1010.6,0.0,12.1
2025-04-04T21:00,21.0,23,1012.6,0.0,12.9
2025-04-04T22:00,19.5,25,1013.7,0.0,10.8
2025-04-04T23:00,18.5,26,1014.1,0.0,10.6
2025-04-05T00:00,17.8,27,1014.0,0.0,11.8
2025-04-05T01:00,17.1,28,1013.9,0.0,12.6
2025-04-05T02:00,16.5,30,1013.9,0.0,10.2
2025-04-05T03:00,15.6,32,1013.7,0.0,8.9
2025-04-05T04:00,15.1,34,1014.0,0.0,9.5
2025-04-05T05:00,14.5,38,1014.4,0.0,8.9
2025-04-05T06:00,13.7,42,1014.8,0.0,8.3
2025-04-05T07:00,13.6,45,1016.0,0.0,9.0
2025-04-05T08:00,17.0,37,1017.0,0.0,12.2
2025-04-05T09:00,19.2,35,1016.7,0.0,15.7
2025-04-05T10:00,22.2,30,1015.2,0.0,16.0
2025-04-05T11:00,25.4,27,1013.0,0.0,19.7
2025-04-05T12:00,27.5,24,1011.0,0.0,23.0
2025-04-05T13:00,29.0,19,1009.2,0.0,25.4
2025-04-05T14:00,29.9,16,1007.8,0.0,25.3
2025-04-05T15:00,29.9,17,1006.9,0.0,24.6
2025-04-05T16:00,29.4,19,1006.6,0.0,24.2
2025-04-05T17:00,28.6,20,1006.8,0.0,23.5
2025-04-05T18:00,26.9,23,1007.9,0.0,22.6
2025-04-05T19:00,24.9,25,1009.4,0.0,15.3
2025-04-05T20:00,23.7,27,1011.1,0.0,13.0
2025-04-05T21:00,21.2,33,1013.0,0.0,13.8
2025-04-05T22:00,20.1,34,1013.6,0.0,16.1
2025-04-05T23:00,19.2,36,1013.8,0.0,12.7
2025-04-06T00:00,18.0,39,1013.9,0.0,12.5
2025-04-06T01:00,16.6,42,1013.8,0.0,6.4
2025-04-06T02:00,15.5,45,1013.8,0.0,2.6
2025-04-06T03:00,14.8,48,1013.6,0.0,0.4
2025-04-06T04:00,13.8,56,1013.3,0.0,0.0
2025-04-06T05:00,12.9,54,1013.3,0.0,0.6
2025-04-06T06:00,11.9,59,1013.9,0.0,0.6
2025-04-06T07:00,11.4,65,1015.1,0.0,1.0
2025-04-06T08:00,15.6,49,1016.1,0.0,3.2
2025-04-06T09:00,18.9,39,1015.8,0.0,5.0
2025-04-06T10:00,22.0,30,1014.5,0.0,5.8
2025-04-06T11:00,24.8,25,1012.5,0.0,3.6
2025-04-06T12:00,28.4,14,1009.7,0.0,5.0
2025-04-06T13:00,30.4,8,1007.4,0.0,18.1
2025-04-06T14:00,31.0,8,1005.9,0.0,20.9
2025-04-06T15:00,31.0,8,1004.5,0.0,23.1
2025-04-06T16:00,30.0,11,1004.2,0.0,25.5
2025-04-06T17:00,29.0,14,1004.5,0.0,23.9
2025-04-06T18:00,27.4,16,1005.2,0.0,20.1
2025-04-06T19:00,25.0,19,1006.4,0.0,11.7
2025-04-06T20:00,22.6,26,1008.8,0.0,16.2
2025-04-06T21:00,21.2,31,1010.4,0.0,14.6
2025-04-06T22:00,19.4,36,1012.0,0.0,3.8
2025-04-06T23:00,16.9,45,1013.3,0.0,3.8
2025-04-07T00:00,13.6,69,1015.1,0.0,11.3
2025-04-07T01:00,11.5,82,1015.9,0.0,8.1
2025-04-07T02:00,11.1,83,1015.5,0.0,6.4
2025-04-07T03:00,10.5,86,1015.4,0.0,7.4
2025-04-07T04:00,9.6,90,1016.1,0.0,9.2
2025-04-07T05:00,8.6,95,1016.9,0.0,11.3
2025-04-07T06:00,8.1,96,1017.9,0.0,12.1
2025-04-07T07:00,8.2,92,1019.2,0.0,15.1
2025-04-07T08:00,9.2,83,1020.0,0.0,16.7
2025-04-07T09:00,11.1,70,1019.7,0.0,15.5
2025-04-07T10:00,15.3,53,1018.3,0.0,13.0
2025-04-07T11:00,18.5,42,1016.2,0.0,11.9
2025-04-07T12:00,21.2,35,1014.0,0.0,8.5
2025-04-07T13:00,23.4,30,1011.9,0.0,8.9
2025-04-07T14:00,25.1,27,1009.7,0.0,12.8
2025-04-07T15:00,26.2,24,1007.9,0.0,12.9
2025-04-07T16:00,26.6,22,1006.7,0.0,11.1
2025-04-07T17:00,24.0,26,1008.0,0.0,12.3
2025-04-07T18:00,18.6,40,1011.3,0.0,25.3
2025-04-07T19:00,14.8,52,1013.2,0.0,26.8
2025-04-07T20:00,15.8,49,1014.4,0.0,14.9
2025-04-07T21:00,12.2,60,1017.2,0.0,18.2
2025-04-07T22:00,11.8,61,1018.2,0.0,15.5
2025-04-07T23:00,10.2,66,1019.5,0.0,14.4
2025-04-08T00:00,9.5,68,1020.0,0.0,14.9
2025-04-08T01:00,8.7,71,1020.0,0.0,14.3
2025-04-08T02:00,8.1,74,1019.8,0.0,13.4
2025-04-08T03:00,7.7,76,1019.7,0.0,12.1
2025-04-08T04:00,7.4,77,1020.1,0.0,11.9
2025-04-08T05:00,7.1,80,1020.6,0.0,11.4
2025-04-08T06:00,6.7,83,1021.3,0.0,10.6
2025-04-08T07:00,6.4,84,1022.3,0.0,14.4
2025-04-08T08:00,8.2,76,1022.9,0.0,18.4
2025-04-08T09:00,10.8,64,1022.7,0.0,17.7
2025-04-08T10:00,13.9,51,1021.7,0.0,16.2
2025-04-08T11:00,16.5,42,1020.5,0.0,16.3
2025-04-08T12:00,19.1,35,1018.9,0.0,16.2
2025-04-08T13:00,21.0,30,1016.9,0.0,16.6
2025-04-08T14:00,22.2,28,1015.5,0.0,15.2
2025-04-08T15:00,23.4,24,1013.8,0.0,12.0
2025-04-08T16:00,23.9,21,1012.9,0.0,14.6
2025-04-08T17:00,21.8,27,1013.5,0.0,22.8
2025-04-08T18:00,18.8,34,1015.3,0.0,24.9
2025-04-08T19:00,15.9,43,1017.1,0.0,21.8
2025-04-08T20:00,13.4,51,1020.0,0.0,20.0
2025-04-08T21:00,13.3,52,1020.7,0.0,18.7
2025-04-08T22:00,12.1,57,1022.1,0.0,17.3
2025-04-08T23:00,11.2,61,1022.8,0.0,15.3
2025-04-09T00:00,10.6,63,1023.4,0.0,13.2
2025-04-09T01:00,9.9,66,1023.3,0.0,12.1
2025-04-09T02:00,9.2,68,1023.1,0.0,10.3
2025-04-09T03:00,8.7,71,1022.9,0.0,9.0
2025-04-09T04:00,8.3,74,1022.8,0.0,8.7
2025-04-09T05:00,7.9,76,1022.9,0.0,7.0
2025-04-09T06:00,7.4,79,1023.3,0.0,6.0
2025-04-09T07:00,7.9,78,1023.9,0.0,8.8
2025-04-09T08:00,11.0,62,1024.4,0.0,8.1
2025-04-09T09:00,14.9,47,1023.4,0.0,9.4
2025-04-09T10:00,18.9,34,1021.9,0.0,9.6
2025-04-09T11:00,22.1,25,1020.0,0.0,8.6
2025-04-09T12:00,24.4,20,1018.4,0.0,7.5
2025-04-09T13:00,25.6,16,1016.9,0.0,9.6
2025-04-09T14:00,26.1,14,1015.4,0.0,10.3
2025-04-09T15:00,26.5,14,1014.2,0.0,10.5
2025-04-09T16:00,26.0,16,1013.5,0.0,16.9
2025-04-09T17:00,24.6,18,1014.0,0.0,20.2
2025-04-09T18:00,23.1,21,1014.7,0.0,21.9
2025-04-09T19:00,20.0,30,1016.6,0.0,26.0
2025-04-09T20:00,17.8,38,1018.7,0.0,16.7
2025-04-09T21:00,17.0,41,1020.2,0.0,15.3
2025-04-09T22:00,15.9,46,1021.8,0.0,14.1
2025-04-09T23:00,14.6,53,1022.7,0.0,13.7
2025-04-10T00:00,13.4,58,1023.2,0.0,9.4
2025-04-10T01:00,12.4,64,1022.9,0.0,7.3
2025-04-10T02:00,11.6,68,1022.5,0.0,7.1
2025-04-10T03:00,10.9,71,1022.2,0.0,6.8
2025-04-10T04:00,9.8,75,1022.2,0.0,5.6
2025-04-10T05:00,9.1,78,1022.4,0.0,5.8
2025-04-10T06:00,8.4,81,1023.0,0.0,5.7
2025-04-10T07:00,9.1,75,1023.6,0.0,6.0
2025-04-10T08:00,13.0,56,1024.2,0.0,5.9
2025-04-10T09:00,16.9,37,1023.7,0.0,7.8
2025-04-10T10:00,20.7,20,1022.2,0.0,9.1
2025-04-10T11:00,23.6,13,1020.9,0.0,11.6
2025-04-10T12:00,25.6,7,1019.1,0.0,16.6
2025-04-10T13:00,26.4,6,1017.9,0.0,19.9
2025-04-10T14:00,26.8,5,1016.7,0.0,19.8
2025-04-10T15:00,26.9,7,1015.8,0.0,18.5
2025-04-10T16:00,26.5,7,1015.2,0.0,18.7
2025-04-10T17:00,25.4,7,1015.6,0.0,20.2
2025-04-10T18:00,23.2,9,1016.6,0.0,21.6
2025-04-10T19:00,20.5,13,1017.8,0.0,18.7
2025-04-10T20:00,18.3,24,1020.0,0.0,19.4
2025-04-10T21:00,16.4,33,1021.7,0.0,15.5
2025-04-10T22:00,14.9,37,1022.8,0.0,13.5
2025-04-10T23:00,13.9,41,1023.1,0.0,11.7
2025-04-11T00:00,12.9,45,1023.2,0.0,12.6
2025-04-11T01:00,11.9,49,1023.0,0.0,9.9
2025-04-11T02:00,10.8,54,1022.8,0.0,8.7
2025-04-11T03:00,10.1,54,1022.3,0.0,9.6
2025-04-11T04:00,9.4,46,1022.3,0.0,8.6
2025-04-11T05:00,8.6,44,1022.8,0.0,8.1
2025-04-11T06:00,8.1,44,1023.6,0.0,7.5
2025-04-11T07:00,8.6,49,1024.3,0.0,8.8
2025-04-11T08:00,12.1,34,1024.9,0.0,9.3
2025-04-11T09:00,15.9,27,1024.3,0.0,11.3
2025-04-11T10:00,19.6,17,1022.9,0.0,12.6
2025-04-11T11:00,22.5,11,1021.7,0.0,13.7
2025-04-11T12:00,24.5,8,1020.4,0.0,16.5
2025-04-11T13:00,25.5,8,1019.1,0.0,19.0
2025-04-11T14:00,26.1,7,1017.7,0.0,21.5
2025-04-11T15:00,25.8,8,1016.6,0.0,24.7
2025-04-11T16:00,25.0,9,1016.2,0.0,26.1
2025-04-11T17:00,23.4,12,1016.6,0.0,26.3
2025-04-11T18:00,21.0,19,1017.8,0.0,27.1
2025-04-11T19:00,18.5,29,1019.1,0.0,23.6
2025-04-11T20:00,16.6,37,1020.7,0.0,22.9
2025-04-11T21:00,15.1,44,1022.6,0.0,19.5
2025-04-11T22:00,14.1,49,1023.6,0.0,15.5
2025-04-11T23:00,12.9,55,1024.2,0.0,14.5
2025-04-12T00:00,11.9,64,1024.6,0.0,13.3
2025-04-12T01:00,11.1,69,1024.6,0.0,13.7
2025-04-12T02:00,10.4,73,1024.1,0.0,13.0
2025-04-12T03:00,9.6,76,1023.7,0.0,11.3
2025-04-12T04:00,8.8,80,1023.7,0.0,10.3
2025-04-12T05:00,8.1,84,1023.8,0.0,9.7
2025-04-12T06:00,7.5,87,1024.2,0.0,9.8
2025-04-12T07:00,7.8,79,1024.7,0.0,11.6
2025-04-12T08:00,11.1,60,1025.1,0.0,11.9
2025-04-12T09:00,14.6,40,1024.2,0.0,15.3
2025-04-12T10:00,18.1,25,1022.7,0.0,16.9
2025-04-12T11:00,21.2,13,1020.9,0.0,18.5
2025-04-12T12:00,23.2,10,1019.4,0.0,18.0
2025-04-12T13:00,24.9,9,1017.7,0.0,17.0
2025-04-12T14:00,25.8,9,1016.1,0.0,15.7
2025-04-12T15:00,26.4,7,1014.4,0.0,16.8
2025-04-12T16:00,25.8,7,1013.8,0.0,21.3
2025-04-12T17:00,24.1,7,1014.2,0.0,23.8
2025-04-12T18:00,22.0,11,1015.2,0.0,23.9
2025-04-12T19:00,19.1,18,1016.5,0.0,20.4
2025-04-12T20:00,16.9,27,1018.5,0.0,18.8
2025-04-12T21:00,15.2,32,1020.0,0.0,15.7
2025-04-12T22:00,13.9,37,1021.3,0.0,12.7
2025-04-12T23:00,12.8,40,1022.1,0.0,10.8
2025-04-13T00:00,11.8,45,1022.3,0.0,9.4
2025-04-13T01:00,11.0,50,1022.0,0.0,9.1
2025-04-13T02:00,10.1,56,1021.4,0.0,9.6
2025-04-13T03:00,9.1,60,1020.9,0.0,7.6
2025-04-13T04:00,7.9,65,1020.8,0.0,6.3
2025-04-13T05:00,6.9,70,1020.8,0.0,5.4
2025-04-13T06:00,6.3,73,1020.9,0.0,5.2
2025-04-13T07:00,7.2,66,1021.7,0.0,6.3
2025-04-13T08:00,11.0,49,1021.9,0.0,6.4
2025-04-13T09:00,15.6,29,1021.1,0.0,6.9
2025-04-13T10:00,20.5,15,1019.2,0.0,8.0
2025-04-13T11:00,23.8,9,1017.5,0.0,8.7
2025-04-13T12:00,25.2,8,1016.1,0.0,10.0
2025-04-13T13:00,26.5,8,1014.7,0.0,9.2
2025-04-13T14:00,27.9,7,1012.8,0.0,12.8
2025-04-13T15:00,28.2,6,1011.4,0.0,17.0
2025-04-13T16:00,27.5,7,1011.2,0.0,20.6
2025-04-13T17:00,26.3,9,1011.3,0.0,22.9
2025-04-13T18:00,24.5,11,1012.0,0.0,23.4
2025-04-13T19:00,21.9,14,1013.5,0.0,18.4
2025-04-13T20:00,19.3,23,1015.3,0.0,16.0
2025-04-13T21:00,17.6,28,1017.0,0.0,13.6
2025-04-13T22:00,16.1,35,1018.4,0.0,11.4
2025-04-13T23:00,14.9,45,1019.1,0.0,12.7
2025-04-14T00:00,13.7,54,1019.5,0.0,12.9
2025-04-14T01:00,12.9,57,1019.2,0.0,11.7
2025-04-14T02:00,11.4,65,1019.0,0.0,6.5
2025-04-14T03:00,10.1,75,1019.0,0.0,4.7
2025-04-14T04:00,9.8,77,1019.0,0.0,2.9
2025-04-14T05:00,9.7,77,1019.4,0.0,0.9
2025-04-14T06:00,9.2,78,1019.8,0.0,0.6
2025-04-14T07:00,9.1,81,1020.7,0.0,0.9
2025-04-14T08:00,12.7,59,1021.1,0.0,2.6
2025-04-14T09:00,16.9,36,1020.5,0.0,4.9
2025-04-14T10:00,21.4,18,1019.0,0.0,4.4
2025-04-14T11:00,24.5,11,1017.0,0.0,3.6
2025-04-14T12:00,26.4,9,1015.7,0.0,7.4
2025-04-14T13:00,27.1,9,1015.0,0.0,1.4
2025-04-14T14:00,28.6,8,1012.9,0.0,9.7
2025-04-14T15:00,29.8,8,1011.0,0.0,13.1
2025-04-14T16:00,29.9,6,1010.0,0.0,16.6
2025-04-14T17:00,28.4,6,1010.6,0.0,22.0
2025-04-14T18:00,26.1,7,1011.6,0.0,23.0
2025-04-14T19:00,23.0,13,1013.2,0.0,18.6
2025-04-14T20:00,20.1,25,1015.6,0.0,16.2
2025-04-14T21:00,18.5,27,1017.2,0.0,13.0
2025-04-14T22:00,17.3,33,1018.6,0.0,12.9
2025-04-14T23:00,15.9,45,1019.3,0.0,12.1
2025-04-15T00:00,14.9,49,1019.4,0.0,13.0
2025-04-15T01:00,13.9,54,1019.3,0.0,11.4
2025-04-15T02:00,12.6,65,1019.3,0.0,6.9
2025-04-15T03:00,11.2,73,1018.9,0.0,5.1
2025-04-15T04:00,10.3,78,1018.8,0.0,5.1
2025-04-15T05:00,9.8,81,1019.2,0.0,3.0
2025-04-15T06:00,9.4,81,1020.0,0.0,1.7
2025-04-15T07:00,9.9,76,1020.5,0.0,3.6
2025-04-15T08:00,14.2,55,1021.2,0.0,5.3
2025-04-15T09:00,17.8,40,1020.6,0.0,7.2
2025-04-15T10:00,21.1,25,1019.5,0.0,8.0
2025-04-15T11:00,23.8,17,1017.8,0.0,10.4
2025-04-15T12:00,26.0,10,1016.3,0.0,15.8
2025-04-15T13:00,27.1,8,1015.4,0.0,22.4
2025-04-15T14:00,27.7,10,1014.4,0.0,21.4
2025-04-15T15:00,27.9,7,1013.3,0.0,23.6
2025-04-15T16:00,26.5,9,1013.6,0.0,26.0
2025-04-15T17:00,24.9,10,1014.0,0.0,25.4
2025-04-15T18:00,22.5,13,1014.8,0.0,25.5
2025-04-15T19:00,19.6,19,1016.8,0.0,22.8
2025-04-15T20:00,17.1,30,1018.9,0.0,23.2
2025-04-15T21:00,15.4,38,1020.5,0.0,20.1
2025-04-15T22:00,14.4,45,1021.6,0.0,16.7
2025-04-15T23:00,13.4,51,1022.4,0.0,14.7
2025-04-16T00:00,12.6,55,1022.8,0.0,14.8
2025-04-16T01:00,11.8,61,1022.3,0.0,15.3
2025-04-16T02:00,11.0,70,1022.1,0.0,15.9
2025-04-16T03:00,10.4,78,1021.7,0.0,14.8
2025-04-16T04:00,9.9,82,1021.3,0.0,13.2
2025-04-16T05:00,9.4,87,1021.4,0.0,11.7
2025-04-16T06:00,8.9,91,1022.0,0.0,9.4
2025-04-16T07:00,9.1,86,1022.8,0.0,10.7
2025-04-16T08:00,11.9,73,1022.8,0.0,9.2
2025-04-16T09:00,15.4,55,1021.6,0.0,8.8
2025-04-16T10:00,19.5,38,1019.7,0.0,7.3
2025-04-16T11:00,23.0,27,1017.7,0.0,5.8
2025-04-16T12:00,25.7,19,1015.4,0.0,6.5
2025-04-16T13:00,27.6,14,1013.6,0.0,9.4
2025-04-16T14:00,28.8,12,1011.8,0.0,11.9
2025-04-16T15:00,28.9,12,1010.2,0.0,12.6
2025-04-16T16:00,28.9,12,1009.4,0.0,13.8
2025-04-16T17:00,27.9,14,1009.4,0.0,17.0
2025-04-16T18:00,24.5,21,1010.7,0.0,23.8
2025-04-16T19:00,21.7,28,1013.1,0.0,19.1
2025-04-16T20:00,19.5,35,1015.1,0.0,16.4
2025-04-16T21:00,18.1,40,1016.7,0.0,14.6
2025-04-16T22:00,17.1,45,1017.6,0.0,13.9
2025-04-16T23:00,16.2,52,1018.1,0.0,14.2
2025-04-17T00:00,15.1,58,1018.4,0.0,10.7
2025-04-17T01:00,14.0,63,1018.4,0.0,7.8
2025-04-17T02:00,13.4,65,1017.9,0.0,5.6
2025-04-17T03:00,12.2,70,1017.5,0.0,4.1
2025-04-17T04:00,11.4,73,1017.3,0.0,2.5
2025-04-17T05:00,11.2,74,1017.1,0.0,2.3
2025-04-17T06:00,10.6,77,1017.5,0.0,1.7
2025-04-17T07:00,10.8,77,1018.2,0.0,2.5
2025-04-17T08:00,14.5,58,1018.8,0.0,1.9
2025-04-17T09:00,18.6,41,1018.1,0.0,2.7
2025-04-17T10:00,22.8,29,1016.3,0.0,10.7
2025-04-17T11:00,25.6,22,1014.9,0.0,14.2
2025-04-17T12:00,27.8,16,1013.1,0.0,12.7
2025-04-17T13:00,29.3,13,1011.6,0.0,10.3
2025-04-17T14:00,30.4,11,1010.0,0.0,9.3
2025-04-17T15:00,30.8,10,1008.5,0.0,9.0
2025-04-17T16:00,30.7,10,1007.4,0.0,9.3
2025-04-17T17:00,30.4,9,1006.8,0.0,9.1
2025-04-17T18:00,29.4,8,1006.7,0.0,7.2
2025-04-17T19:00,26.0,18,1007.9,0.0,0.4
2025-04-17T20:00,21.0,38,1012.3,0.0,19.2
2025-04-17T21:00,20.2,40,1013.3,0.0,12.8
2025-04-17T22:00,19.4,46,1014.1,0.0,12.8
2025-04-17T23:00,17.9,56,1015.4,0.0,9.6
2025-04-18T00:00,16.5,62,1016.0,0.0,6.0
2025-04-18T01:00,15.4,67,1016.0,0.0,4.3
2025-04-18T02:00,14.9,69,1015.4,0.0,2.3
2025-04-18T03:00,14.4,72,1015.1,0.0,2.6
2025-04-18T04:00,13.9,73,1015.3,0.0,2.2
2025-04-18T05:00,13.4,68,1015.7,0.0,3.2
2025-04-18T06:00,12.9,55,1016.0,0.0,3.8
2025-04-18T07:00,13.4,50,1017.0,0.0,4.3
2025-04-18T08:00,18.6,30,1017.4,0.0,7.3
2025-04-18T09:00,21.8,28,1016.9,0.0,14.6
2025-04-18T10:00,24.4,24,1015.9,0.0,16.2
2025-04-18T11:00,26.9,19,1014.6,0.0,14.9
2025-04-18T12:00,28.9,16,1013.1,0.0,13.9
2025-04-18T13:00,30.4,14,1011.3,0.0,11.5
2025-04-18T14:00,31.4,12,1009.5,0.0,10.3
2025-04-18T15:00,32.0,12,1008.1,0.0,11.1
2025-04-18T16:00,31.7,12,1007.0,0.0,14.1
2025-04-18T17:00,31.0,12,1006.4,0.0,16.9
2025-04-18T18:00,29.9,13,1006.4,0.0,18.0
2025-04-18T19:00,26.9,15,1007.6,0.0,13.2
2025-04-18T20:00,23.9,19,1010.0,0.0,6.8
2025-04-18T21:00,21.0,43,1012.6,0.0,5.2
2025-04-18T22:00,19.5,53,1013.9,0.0,5.6
2025-04-18T23:00,18.9,56,1014.5,0.0,4.8
2025-04-19T00:00,18.4,59,1014.9,0.0,1.6
2025-04-19T01:00,17.2,62,1014.5,0.0,1.4
2025-04-19T02:00,15.9,65,1014.0,0.0,1.5
2025-04-19T03:00,15.0,62,1014.1,0.0,4.2
2025-04-19T04:00,15.1,44,1014.4,0.0,5.6
2025-04-19T05:00,15.3,36,1014.8,0.0,7.0
2025-04-19T06:00,15.2,37,1015.6,0.0,7.8
2025-04-19T07:00,15.6,38,1016.8,0.0,8.0
2025-04-19T08:00,18.8,33,1017.5,0.0,9.2
2025-04-19T09:00,21.8,29,1016.9,0.0,13.0
2025-04-19T10:00,24.5,23,1015.6,0.0,13.0
2025-04-19T11:00,26.8,20,1014.0,0.0,10.3
2025-04-19T12:00,28.6,17,1012.3,0.0,9.3
2025-04-19T13:00,30.0,16,1010.9,0.0,10.4
2025-04-19T14:00,31.1,14,1008.7,0.0,12.3
2025-04-19T15:00,32.1,13,1006.7,0.0,14.4
2025-04-19T16:00,32.3,11,1005.4,0.0,15.2
2025-04-19T17:00,31.5,12,1005.1,0.0,18.4
2025-04-19T18:00,30.1,12,1005.5,0.0,19.0
2025-04-19T19:00,27.0,13,1007.3,0.0,10.9
2025-04-19T20:00,24.2,17,1009.0,0.0,2.0
2025-04-19T21:00,21.4,47,1012.7,0.0,12.5
2025-04-19T22:00,19.9,57,1014.3,0.0,9.4
2025-04-19T23:00,19.0,63,1014.9,0.0,5.6
2025-04-20T00:00,17.9,70,1014.5,0.0,0.4
2025-04-20T01:00,16.5,76,1013.8,0.0,1.3
2025-04-20T02:00,15.6,79,1013.9,0.0,1.7
2025-04-20T03:00,14.7,71,1013.5,0.0,1.3
2025-04-20T04:00,14.1,63,1013.0,0.0,0.7
2025-04-20T05:00,13.5,58,1013.5,0.0,0.0
2025-04-20T06:00,13.1,51,1014.4,0.0,2.1
2025-04-20T07:00,14.5,43,1015.0,0.0,3.7
2025-04-20T08:00,18.7,36,1015.8,0.0,6.8
2025-04-20T09:00,21.9,30,1015.6,0.0,12.5
2025-04-20T10:00,24.5,24,1014.8,0.0,14.5
2025-04-20T11:00,26.5,20,1013.8,0.0,15.1
2025-04-20T12:00,28.2,18,1012.5,0.0,15.1
2025-04-20T13:00,29.5,16,1011.0,0.0,14.2
2025-04-20T14:00,30.5,14,1009.4,0.0,13.3
2025-04-20T15:00,31.1,13,1008.1,0.0,12.2
2025-04-20T16:00,31.0,12,1007.0,0.0,10.8
2025-04-20T17:00,30.9,12,1006.0,0.0,10.8
2025-04-20T18:00,30.1,12,1005.9,0.0,12.6
2025-04-20T19:00,20.0,56,1012.9,0.0,27.3
2025-04-20T20:00,20.5,55,1014.2,0.0,19.8
2025-04-20T21:00,19.1,62,1015.8,0.0,18.3
2025-04-20T22:00,18.1,67,1016.7,0.0,20.3
2025-04-20T23:00,17.2,73,1017.2,0.0,18.0
2025-04-21T00:00,16.5,78,1017.4,0.0,15.9
2025-04-21T01:00,15.9,82,1017.5,0.0,14.0
2025-04-21T02:00,15.4,85,1017.0,0.0,13.0
2025-04-21T03:00,14.9,88,1016.6,0.0,11.7
2025-04-21T04:00,14.6,90,1016.1,0.0,12.1
2025-04-21T05:00,14.3,91,1016.8,0.0,11.7
2025-04-21T06:00,13.9,92,1017.3,0.0,9.6
2025-04-21T07:00,15.0,85,1017.9,0.0,8.8
2025-04-21T08:00,17.3,73,1018.1,0.0,11.6
2025-04-21T09:00,20.1,59,1017.4,0.0,11.5
2025-04-21T10:00,22.9,46,1016.4,0.0,8.8
2025-04-21T11:00,25.1,35,1015.0,0.0,4.5
2025-04-21T12:00,26.8,28,1013.5,0.0,2.0
2025-04-21T13:00,28.5,22,1011.8,0.0,2.2
2025-04-21T14:00,29.5,18,1010.2,0.0,5.3
2025-04-21T15:00,30.0,16,1008.5,0.0,8.2
2025-04-21T16:00,30.3,14,1007.1,0.0,11.0
2025-04-21T17:00,29.3,14,1006.6,0.0,15.5
2025-04-21T18:00,27.4,16,1007.8,0.0,15.9
2025-04-21T19:00,21.5,49,1011.9,0.0,20.3
2025-04-21T20:00,19.5,61,1014.3,0.0,18.8
2025-04-21T21:00,19.8,62,1014.8,0.0,16.1
2025-04-21T22:00,18.5,70,1016.1,0.0,16.0
2025-04-21T23:00,17.5,75,1016.4,0.0,16.5
2025-04-22T00:00,16.9,78,1016.1,0.0,11.5
2025-04-22T01:00,15.9,83,1016.0,0.0,10.7
2025-04-22T02:00,15.2,87,1016.1,0.0,10.7
2025-04-22T03:00,14.6,90,1016.0,0.0,8.8
2025-04-22T04:00,14.1,93,1016.0,0.0,8.4
2025-04-22T05:00,13.8,95,1016.4,0.0,8.3
2025-04-22T06:00,13.4,97,1016.8,0.0,6.8
2025-04-22T07:00,13.7,95,1017.4,0.0,8.7
2025-04-22T08:00,15.8,83,1017.8,0.0,7.6
2025-04-22T09:00,19.4,60,1016.7,0.0,4.5
2025-04-22T10:00,23.2,40,1014.9,0.0,0.9
2025-04-22T11:00,26.2,28,1013.1,0.0,5.3
2025-04-22T12:00,28.4,22,1011.0,0.0,6.2
2025-04-22T13:00,30.0,18,1009.4,0.0,8.6
2025-04-22T14:00,31.0,15,1007.7,0.0,11.8
2025-04-22T15:00,31.6,13,1006.2,0.0,16.4
2025-04-22T16:00,31.2,12,1005.3,0.0,18.0
2025-04-22T17:00,30.9,11,1004.6,0.0,18.6
2025-04-22T18:00,29.8,11,1004.6,0.0,17.7
2025-04-22T19:00,26.1,13,1006.5,0.0,4.3
2025-04-22T20:00,21.5,50,1011.0,0.0,18.9
2025-04-22T21:00,21.4,55,1012.0,0.0,13.6
2025-04-22T22:00,19.6,69,1013.6,0.0,14.4
2025-04-22T23:00,18.4,75,1014.6,0.0,11.4
2025-04-23T00:00,17.3,79,1014.2,0.0,4.6
2025-04-23T01:00,16.4,84,1013.7,0.0,0.8
2025-04-23T02:00,15.6,88,1013.5,0.0,1.0
2025-04-23T03:00,15.1,89,1013.6,0.0,0.4
2025-04-23T04:00,14.2,85,1013.9,0.0,1.5
2025-04-23T05:00,13.4,73,1014.6,0.0,1.7
2025-04-23T06:00,12.9,61,1015.5,0.0,1.7
2025-04-23T07:00,14.5,53,1016.2,0.0,6.3
2025-04-23T08:00,18.8,43,1016.8,0.0,5.0
2025-04-23T09:00,21.9,33,1016.2,0.0,12.6
2025-04-23T10:00,24.0,28,1015.3,0.0,13.7
2025-04-23T11:00,26.2,23,1014.0,0.0,13.8
2025-04-23T12:00,28.0,20,1012.3,0.0,12.8
2025-04-23T13:00,29.5,16,1010.8,0.0,12.9
2025-04-23T14:00,30.5,14,1009.0,0.0,14.1
2025-04-23T15:00,31.0,12,1007.6,0.0,14.5
2025-04-23T16:00,31.2,10,1006.4,0.0,14.7
2025-04-23T17:00,30.3,10,1006.2,0.0,15.4
2025-04-23T18:00,29.4,10,1006.2,0.0,16.3
2025-04-23T19:00,27.0,11,1007.1,0.0,11.0
2025-04-23T20:00,24.8,12,1007.8,0.0,9.9
2025-04-23T21:00,22.8,13,1009.3,0.0,3.1
2025-04-23T22:00,20.4,48,1013.2,0.0,11.3
2025-04-23T23:00,19.0,69,1013.7,0.0,7.9
2025-04-24T00:00,17.6,67,1013.9,0.0,1.3
2025-04-24T01:00,16.6,73,1013.5,0.0,1.1
2025-04-24T02:00,15.3,76,1013.3,0.0,0.8
2025-04-24T03:00,14.4,69,1013.5,0.0,1.9
2025-04-24T04:00,13.7,63,1013.7,0.0,2.7
2025-04-24T05:00,13.1,59,1013.9,0.0,3.7
2025-04-24T06:00,12.5,59,1014.5,0.0,4.8
2025-04-24T07:00,14.1,54,1014.9,0.0,6.0
2025-04-24T08:00,19.2,39,1015.6,0.0,3.1
2025-04-24T09:00,22.4,31,1014.9,0.0,9.8
2025-04-24T10:00,25.0,24,1014.0,0.0,13.2
2025-04-24T11:00,27.2,20,1012.8,0.0,14.1
2025-04-24T12:00,29.0,17,1011.3,0.0,14.2
2025-04-24T13:00,30.5,14,1009.6,0.0,16.2
2025-04-24T14:00,31.5,11,1008.0,0.0,17.9
2025-04-24T15:00,31.8,10,1006.6,0.0,18.4
2025-04-24T16:00,31.5,9,1005.9,0.0,16.7
2025-04-24T17:00,31.0,8,1005.6,0.0,16.6
2025-04-24T18:00,28.9,8,1006.3,0.0,16.5
2025-04-24T19:00,26.8,10,1007.3,0.0,12.4
2025-04-24T20:00,25.5,11,1008.2,0.0,9.2
2025-04-24T21:00,21.4,45,1012.4,0.0,19.4
2025-04-24T22:00,19.2,66,1014.5,0.0,9.2
2025-04-24T23:00,19.0,67,1014.8,0.0,6.5
2025-04-25T00:00,18.0,72,1015.0,0.0,9.4
2025-04-25T01:00,16.9,78,1014.7,0.0,6.8
2025-04-25T02:00,16.0,82,1014.2,0.0,2.4
2025-04-25T03:00,15.6,86,1013.9,0.0,0.7
2025-04-25T04:00,14.4,90,1013.8,0.0,1.0
2025-04-25T05:00,13.4,90,1014.1,0.0,0.6
2025-04-25T06:00,12.6,86,1015.1,0.0,1.2
2025-04-25T07:00,13.9,72,1016.4,0.0,1.9
2025-04-25T08:00,18.0,58,1017.4,0.0,2.2
2025-04-25T09:00,21.5,41,1016.6,0.0,1.5
2025-04-25T10:00,24.6,20,1015.6,0.0,6.7
2025-04-25T11:00,27.0,13,1014.4,0.0,9.4
2025-04-25T12:00,28.6,11,1012.7,0.0,9.0
2025-04-25T13:00,30.0,9,1011.0,0.0,8.3
2025-04-25T14:00,30.6,8,1009.7,0.0,8.7
2025-04-25T15:00,31.4,7,1008.0,0.0,7.7
2025-04-25T16:00,31.6,7,1006.7,0.0,4.5
2025-04-25T17:00,29.6,15,1007.4,0.0,19.5
2025-04-25T18:00,26.0,27,1009.0,0.0,26.0
2025-04-25T19:00,23.2,42,1011.1,0.0,20.9
2025-04-25T20:00,21.0,55,1013.6,0.0,18.7
2025-04-25T21:00,20.5,56,1014.6,0.0,14.5
2025-04-25T22:00,19.4,64,1015.9,0.0,16.8
2025-04-25T23:00,18.2,71,1016.5,0.0,16.4
2025-04-26T00:00,17.1,76,1016.9,0.0,15.5
2025-04-26T01:00,16.2,79,1016.9,0.0,13.5
2025-04-26T02:00,15.5,84,1016.7,0.0,9.5
2025-04-26T03:00,14.9,88,1016.5,0.0,9.0
2025-04-26T04:00,14.4,90,1016.4,0.0,8.6
2025-04-26T05:00,14.1,92,1016.8,0.0,8.8
2025-04-26T06:00,13.8,94,1017.2,0.0,8.7
2025-04-26T07:00,14.1,91,1018.1,0.0,11.0
2025-04-26T08:00,16.8,77,1018.6,0.0,11.5
2025-04-26T09:00,19.9,59,1017.9,0.0,11.7
2025-04-26T10:00,23.1,44,1016.9,0.0,11.4
2025-04-26T11:00,26.1,32,1015.0,0.0,9.2
2025-04-26T12:00,28.4,23,1013.3,0.0,10.1
2025-04-26T13:00,29.9,17,1011.6,0.0,12.3
2025-04-26T14:00,30.8,14,1010.1,0.0,14.6
2025-04-26T15:00,30.5,16,1009.2,0.0,17.6
2025-04-26T16:00,29.2,18,1009.5,0.0,19.1
2025-04-26T17:00,28.5,20,1009.5,0.0,18.3
2025-04-26T18:00,26.2,26,1010.4,0.0,22.7
2025-04-26T19:00,23.5,34,1012.4,0.0,20.9
2025-04-26T20:00,21.2,46,1014.5,0.0,20.2
2025-04-26T21:00,19.4,58,1016.4,0.0,18.3
2025-04-26T22:00,18.0,66,1017.6,0.0,15.9
2025-04-26T23:00,17.0,71,1018.3,0.0,14.3
2025-04-27T00:00,16.2,76,1018.5,0.0,12.6
2025-04-27T01:00,15.6,80,1018.1,0.0,11.2
2025-04-27T02:00,14.9,83,1017.7,0.0,10.1
2025-04-27T03:00,14.1,86,1017.4,0.0,9.7
2025-04-27T04:00,13.4,87,1017.5,0.0,8.8
2025-04-27T05:00,12.6,92,1017.6,0.0,6.7
2025-04-27T06:00,11.8,93,1018.3,0.0,3.1
2025-04-27T07:00,12.8,87,1019.2,0.0,5.4
2025-04-27T08:00,16.4,66,1019.9,0.0,5.6
2025-04-27T09:00,20.0,45,1018.9,0.0,7.9
2025-04-27T10:00,23.9,25,1017.3,0.0,9.7
2025-04-27T11:00,27.0,12,1015.7,0.0,10.9
2025-04-27T12:00,29.0,10,1014.1,0.0,13.1
2025-04-27T13:00,30.5,7,1012.3,0.0,18.0
2025-04-27T14:00,31.0,8,1011.1,0.0,20.4
2025-04-27T15:00,31.0,11,1010.0,0.0,20.3
2025-04-27T16:00,30.5,12,1009.4,0.0,22.3
2025-04-27T17:00,29.4,12,1009.5,0.0,24.1
2025-04-27T18:00,27.5,15,1010.3,0.0,24.5
2025-04-27T19:00,24.5,21,1012.3,0.0,21.1
2025-04-27T20:00,21.9,37,1014.6,0.0,19.5
2025-04-27T21:00,19.8,54,1016.4,0.0,18.7
2025-04-27T22:00,18.5,58,1017.7,0.0,17.0
2025-04-27T23:00,17.5,55,1018.4,0.0,16.0
2025-04-28T00:00,16.8,51,1018.7,0.0,15.4
2025-04-28T01:00,15.7,55,1019.0,0.0,10.6
2025-04-28T02:00,14.3,64,1018.6,0.0,6.0
2025-04-28T03:00,13.1,70,1018.4,0.0,5.3
2025-04-28T04:00,12.2,75,1018.1,0.0,5.6
2025-04-28T05:00,11.4,79,1018.4,0.0,5.3
2025-04-28T06:00,10.8,82,1018.9,0.0,4.8
2025-04-28T07:00,12.5,68,1019.9,0.0,8.0
2025-04-28T08:00,16.5,49,1020.1,0.0,7.3
2025-04-28T09:00,20.1,31,1019.0,0.0,10.2
2025-04-28T10:00,23.6,17,1017.4,0.0,10.1
2025-04-28T11:00,26.5,11,1015.7,0.0,8.5
2025-04-28T12:00,28.7,9,1014.0,0.0,9.1
2025-04-28T13:00,30.0,8,1012.5,0.0,11.5
2025-04-28T14:00,30.9,8,1011.2,0.0,12.5
2025-04-28T15:00,31.1,9,1009.9,0.0,14.5
2025-04-28T16:00,30.5,9,1009.0,0.0,16.8
2025-04-28T17:00,29.3,11,1008.9,0.0,21.0
2025-04-28T18:00,26.5,16,1009.9,0.0,23.5
2025-04-28T19:00,23.4,26,1012.3,0.0,19.5
2025-04-28T20:00,20.8,35,1014.3,0.0,18.1
2025-04-28T21:00,19.5,42,1015.5,0.0,15.8
2025-04-28T22:00,18.2,50,1016.6,0.0,15.1
2025-04-28T23:00,17.2,60,1017.4,0.0,15.1
2025-04-29T00:00,16.1,68,1017.9,0.0,13.3
2025-04-29T01:00,15.2,73,1017.9,0.0,8.7
2025-04-29T02:00,13.9,79,1017.7,0.0,4.9
2025-04-29T03:00,13.2,82,1017.2,0.0,5.6
2025-04-29T04:00,12.6,86,1017.3,0.0,4.8
2025-04-29T05:00,12.0,89,1017.7,0.0,4.3
2025-04-29T06:00,11.6,91,1018.2,0.0,3.9
2025-04-29T07:00,12.7,82,1019.0,0.0,5.9
2025-04-29T08:00,16.5,64,1019.2,0.0,5.3
2025-04-29T09:00,19.9,48,1018.1,0.0,2.1
2025-04-29T10:00,23.4,37,1016.8,0.0,7.5
2025-04-29T11:00,26.1,29,1015.3,0.0,11.8
2025-04-29T12:00,28.0,23,1013.9,0.0,12.3
2025-04-29T13:00,29.1,20,1012.5,0.0,10.7
2025-04-29T14:00,30.0,18,1010.9,0.0,6.7
2025-04-29T15:00,31.0,16,1008.8,0.0,2.2
2025-04-29T16:00,30.6,16,1008.2,0.0,0.0
2025-04-29T17:00,29.5,18,1007.9,0.0,2.7
2025-04-29T18:00,25.9,28,1009.5,0.0,22.8
2025-04-29T19:00,24.8,29,1010.6,0.0,16.5
2025-04-29T20:00,22.5,44,1012.4,0.0,15.3
2025-04-29T21:00,20.6,54,1014.0,0.0,14.3
2025-04-29T22:00,19.7,56,1015.3,0.0,10.3
2025-04-29T23:00,18.8,61,1016.0,0.0,6.6
2025-04-30T00:00,18.0,66,1016.0,0.0,7.4
2025-04-30T01:00,16.6,73,1015.8,0.0,4.3
2025-04-30T02:00,16.0,77,1015.5,0.0,2.2
2025-04-30T03:00,15.3,80,1015.2,0.0,0.9
2025-04-30T04:00,14.3,86,1015.1,0.0,1.8
2025-04-30T05:00,13.6,88,1015.2,0.0,2.5
2025-04-30T06:00,13.3,86,1015.7,0.0,1.3
2025-04-30T07:00,14.4,79,1016.3,0.0,1.5
2025-04-30T08:00,18.4,59,1016.6,0.0,4.5
2025-04-30T09:00,21.6,44,1015.7,0.0,14.1
2025-04-30T10:00,24.1,36,1014.5,0.0,16.6
2025-04-30T11:00,26.5,27,1013.3,0.0,16.7
2025-04-30T12:00,28.4,23,1011.6,0.0,13.9
2025-04-30T13:00,30.2,18,1009.5,0.0,11.6
2025-04-30T14:00,31.1,15,1008.2,0.0,10.5
2025-04-30T15:00,31.4,13,1007.0,0.0,11.0
2025-04-30T16:00,30.6,13,1006.3,0.0,12.5
2025-04-30T17:00,30.2,13,1005.7,0.0,13.0
2025-04-30T18:00,29.5,13,1005.8,0.0,6.3
2025-04-30T19:00,27.0,13,1006.3,0.0,5.2
2025-04-30T20:00,24.0,30,1009.6,0.0,19.6
2025-04-30T21:00,23.2,33,1011.4,0.0,11.0
2025-04-30T22:00,22.4,38,1012.4,0.0,10.2
2025-04-30T23:00,20.5,43,1013.0,0.0,9.6
2025-05-01T00:00,18.9,52,1013.6,0.0,5.2
2025-05-01T01:00,17.5,54,1013.2,0.0,2.5
2025-05-01T02:00,16.3,56,1012.5,0.0,1.9
2025-05-01T03:00,15.4,58,1012.3,0.0,2.9
2025-05-01T04:00,15.4,58,1012.5,0.0,1.0
2025-05-01T05:00,15.0,62,1013.5,0.0,1.9
2025-05-01T06:00,14.2,65,1014.2,0.0,4.1
2025-05-01T07:00,15.8,62,1015.4,0.0,7.4
2025-05-01T08:00,19.9,52,1015.7,0.0,7.6
2025-05-01T09:00,22.9,38,1014.8,0.0,13.4
2025-05-01T10:00,25.6,25,1013.8,0.0,13.9
2025-05-01T11:00,28.0,17,1012.2,0.0,13.8
2025-05-01T12:00,29.4,13,1011.0,0.0,13.2
2025-05-01T13:00,30.3,12,1009.4,0.0,12.2
2025-05-01T14:00,31.0,11,1008.0,0.0,11.2
2025-05-01T15:00,31.1,9,1006.7,0.0,13.3
2025-05-01T16:00,30.8,8,1006.0,0.0,15.7
2025-05-01T17:00,30.4,7,1005.5,0.0,16.4
2025-05-01T18:00,30.0,5,1004.9,0.0,11.2
2025-05-01T19:00,25.2,13,1006.8,0.0,5.8
2025-05-01T20:00,22.6,37,1009.6,0.0,14.9
2025-05-01T21:00,21.4,49,1011.2,0.0,13.2
2025-05-01T22:00,20.5,59,1012.6,0.0,14.0
2025-05-01T23:00,19.2,65,1013.9,0.0,12.4
2025-05-02T00:00,18.0,75,1014.4,0.0,11.4
2025-05-02T01:00,16.9,81,1014.1,0.0,7.3
2025-05-02T02:00,15.9,87,1013.9,0.0,2.5
2025-05-02T03:00,15.0,91,1013.5,0.0,1.2
2025-05-02T04:00,13.9,95,1013.2,0.0,0.4
2025-05-02T05:00,13.2,92,1013.4,0.0,2.8
2025-05-02T06:00,13.4,85,1014.0,0.0,0.8
2025-05-02T07:00,14.4,74,1015.3,0.0,1.7
2025-05-02T08:00,18.6,58,1015.6,0.0,0.7
2025-05-02T09:00,22.5,32,1014.5,0.0,6.5
2025-05-02T10:00,25.8,20,1013.1,0.0,12.8
2025-05-02T11:00,27.5,17,1012.3,0.0,16.7
2025-05-02T12:00,29.0,16,1010.9,0.0,17.8
2025-05-02T13:00,30.0,14,1009.4,0.0,18.1
2025-05-02T14:00,30.8,13,1008.0,0.0,17.7
2025-05-02T15:00,31.6,11,1006.1,0.0,18.4
2025-05-02T16:00,31.5,11,1005.2,0.0,20.9
2025-05-02T17:00,30.6,11,1005.1,0.0,18.7
2025-05-02T18:00,29.6,9,1005.2,0.0,18.4
2025-05-02T19:00,27.2,9,1006.4,0.0,16.0
2025-05-02T20:00,25.3,11,1007.8,0.0,13.7
2025-05-02T21:00,23.6,13,1008.9,0.0,11.2
2025-05-02T22:00,21.8,24,1010.3,0.0,9.6
2025-05-02T23:00,20.2,35,1011.3,0.0,3.4
2025-05-03T00:00,19.4,38,1011.5,0.0,0.6
2025-05-03T01:00,18.1,39,1011.5,0.0,1.3
2025-05-03T02:00,17.0,43,1011.4,0.0,5.4
2025-05-03T03:00,17.0,46,1011.4,0.0,8.8
2025-05-03T04:00,16.9,49,1012.0,0.0,10.6
2025-05-03T05:00,16.1,52,1012.9,0.0,9.2
2025-05-03T06:00,15.4,53,1013.8,0.0,7.7
2025-05-03T07:00,17.0,44,1014.6,0.0,8.2
2025-05-03T08:00,20.0,35,1015.1,0.0,10.8
2025-05-03T09:00,22.5,30,1014.7,0.0,16.0
2025-05-03T10:00,24.6,26,1014.0,0.0,16.6
2025-05-03T11:00,26.5,24,1012.7,0.0,16.1
2025-05-03T12:00,28.2,21,1011.2,0.0,16.6
2025-05-03T13:00,29.6,17,1009.8,0.0,17.1
2025-05-03T14:00,30.8,14,1008.1,0.0,17.2
2025-05-03T15:00,31.5,12,1006.7,0.0,16.4
2025-05-03T16:00,31.4,9,1005.6,0.0,17.1
2025-05-03T17:00,30.1,7,1005.8,0.0,16.6
2025-05-03T18:00,30.5,6,1004.9,0.0,14.9
2025-05-03T19:00,23.4,39,1009.7,0.0,22.0
2025-05-03T20:00,20.5,62,1012.3,0.0,16.3
2025-05-03T21:00,19.0,70,1014.2,0.0,19.3
2025-05-03T22:00,18.5,72,1015.1,0.0,19.6
2025-05-03T23:00,18.0,74,1015.4,0.0,15.7
2025-05-04T00:00,17.3,76,1015.0,0.0,12.7
2025-05-04T01:00,16.5,80,1014.6,0.0,11.8
2025-05-04T02:00,15.8,85,1014.4,0.0,7.8
2025-05-04T03:00,15.2,88,1014.4,0.0,7.0
2025-05-04T04:00,14.7,92,1014.7,0.0,6.7
2025-05-04T05:00,14.1,95,1014.8,0.0,6.0
2025-05-04T06:00,13.4,97,1014.7,0.0,4.4
2025-05-04T07:00,14.5,97,1015.4,0.0,4.6
2025-05-04T08:00,18.0,73,1015.5,0.0,0.5
2025-05-04T09:00,21.5,46,1014.2,0.0,6.6
2025-05-04T10:00,24.7,33,1013.1,0.0,10.6
2025-05-04T11:00,27.3,23,1011.4,0.0,13.6
2025-05-04T12:00,29.1,17,1009.9,0.0,15.3
2025-05-04T13:00,30.3,15,1008.4,0.0,16.5
2025-05-04T14:00,31.0,13,1007.0,0.0,16.0
2025-05-04T15:00,31.5,12,1005.6,0.0,16.2
2025-05-04T16:00,31.5,12,1004.5,0.0,18.6
2025-05-04T17:00,30.8,11,1004.3,0.0,16.1
2025-05-04T18:00,29.8,10,1004.2,0.0,13.2
2025-05-04T19:00,27.8,12,1004.5,0.0,11.4
2025-05-04T20:00,25.3,18,1006.7,0.0,16.0
2025-05-04T21:00,22.4,25,1008.8,0.0,4.6
2025-05-04T22:00,20.0,64,1011.6,0.0,10.2
2025-05-04T23:00,18.9,69,1012.2,0.0,4.4
2025-05-05T00:00,18.2,70,1012.3,0.0,1.1
2025-05-05T01:00,17.0,72,1011.9,0.0,0.3
2025-05-05T02:00,15.6,75,1011.7,0.0,3.2
2025-05-05T03:00,15.3,70,1011.8,0.0,3.8
2025-05-05T04:00,15.3,59,1011.8,0.0,5.6
2025-05-05T05:00,15.9,55,1012.5,0.0,7.2
2025-05-05T06:00,16.1,57,1013.6,0.0,8.3
2025-05-05T07:00,17.1,60,1015.0,0.0,12.1
2025-05-05T08:00,19.1,62,1015.2,0.0,13.1
2025-05-05T09:00,21.6,52,1014.7,0.0,12.1
2025-05-05T10:00,24.4,40,1013.4,0.0,10.3
2025-05-05T11:00,27.0,28,1011.9,0.0,11.2
2025-05-05T12:00,29.0,20,1009.9,0.0,12.3
2025-05-05T13:00,30.6,14,1008.1,0.0,13.7
2025-05-05T14:00,31.8,9,1006.4,0.0,15.9
2025-05-05T15:00,32.0,8,1004.9,0.0,19.5
2025-05-05T16:00,31.8,7,1004.2,0.0,20.1
2025-05-05T17:00,30.7,9,1004.4,0.0,22.1
2025-05-05T18:00,29.1,11,1005.2,0.0,20.1
2025-05-05T19:00,27.4,14,1005.8,0.0,17.1
2025-05-05T20:00,25.4,19,1007.3,0.0,15.3
2025-05-05T21:00,23.8,24,1008.9,0.0,17.4
2025-05-05T22:00,21.7,31,1010.6,0.0,1.5
2025-05-05T23:00,19.9,41,1012.0,0.0,6.2
2025-05-06T00:00,18.5,47,1012.3,0.0,3.6
2025-05-06T01:00,17.0,49,1012.2,0.0,3.2
2025-05-06T02:00,15.7,53,1011.8,0.0,3.9
2025-05-06T03:00,14.9,56,1011.6,0.0,4.8
2025-05-06T04:00,14.9,56,1011.9,0.0,5.9
2025-05-06T05:00,15.1,54,1013.0,0.0,8.1
2025-05-06T06:00,14.4,56,1013.6,0.0,6.9
2025-05-06T07:00,16.2,50,1014.8,0.0,9.7
2025-05-06T08:00,19.5,43,1015.3,0.0,9.6
2025-05-06T09:00,22.1,37,1014.6,0.0,11.2
2025-05-06T10:00,25.5,25,1013.3,0.0,13.1
2025-05-06T11:00,28.0,19,1011.7,0.0,17.7
2025-05-06T12:00,29.7,16,1010.3,0.0,20.4
2025-05-06T13:00,31.1,14,1008.9,0.0,18.7
2025-05-06T14:00,32.0,12,1007.4,0.0,20.8
2025-05-06T15:00,31.9,12,1006.6,0.0,23.0
2025-05-06T16:00,31.2,13,1006.3,0.0,23.5
2025-05-06T17:00,30.2,15,1006.4,0.0,22.2
2025-05-06T18:00,28.8,16,1007.0,0.0,20.3
2025-05-06T19:00,27.0,19,1008.0,0.0,14.5
2025-05-06T20:00,25.1,22,1008.8,0.0,12.1
2025-05-06T21:00,23.8,26,1010.4,0.0,13.8
2025-05-06T22:00,22.4,34,1011.9,0.0,12.9
2025-05-06T23:00,21.1,37,1012.9,0.0,10.2
2025-05-07T00:00,20.2,39,1013.0,0.0,8.7
2025-05-07T01:00,19.1,42,1012.5,0.0,7.3
2025-05-07T02:00,17.8,46,1012.5,0.0,6.2
2025-05-07T03:00,17.0,49,1012.9,0.0,6.1
2025-05-07T04:00,16.4,51,1013.4,0.0,7.2
2025-05-07T05:00,16.2,50,1014.3,0.0,9.4
2025-05-07T06:00,15.9,50,1014.8,0.0,8.6
2025-05-07T07:00,17.2,49,1015.9,0.0,10.0
2025-05-07T08:00,20.4,41,1016.2,0.0,9.5
2025-05-07T09:00,22.9,35,1015.9,0.0,11.3
2025-05-07T10:00,25.6,28,1014.9,0.0,11.1
2025-05-07T11:00,28.1,22,1013.4,0.0,12.0
2025-05-07T12:00,30.0,18,1012.0,0.0,13.3
2025-05-07T13:00,31.3,16,1010.2,0.0,14.1
2025-05-07T14:00,32.2,14,1008.5,0.0,16.0
2025-05-07T15:00,32.6,13,1007.0,0.0,16.7
2025-05-07T16:00,32.3,12,1006.2,0.0,16.2
2025-05-07T17:00,31.8,13,1006.0,0.0,17.1
2025-05-07T18:00,30.3,14,1006.7,0.0,12.8
2025-05-07T19:00,29.1,14,1007.7,0.0,10.2
2025-05-07T20:00,23.4,43,1012.7,0.3,24.0
2025-05-07T21:00,21.9,52,1013.2,0.0,17.6
2025-05-07T22:00,21.6,50,1014.4,0.0,15.1
2025-05-07T23:00,20.8,55,1015.1,0.0,17.6
2025-05-08T00:00,19.6,62,1015.4,0.0,11.6
2025-05-08T01:00,18.5,70,1015.7,0.0,10.9
2025-05-08T02:00,17.6,76,1015.7,0.0,8.8
2025-05-08T03:00,16.8,83,1015.8,0.0,5.6
2025-05-08T04:00,16.1,89,1015.9,0.0,4.9
2025-05-08T05:00,15.3,94,1015.9,0.0,4.3
2025-05-08T06:00,14.6,97,1016.6,0.0,4.0
2025-05-08T07:00,16.0,94,1017.3,0.0,4.4
2025-05-08T08:00,19.1,78,1017.4,0.0,6.8
2025-05-08T09:00,22.2,58,1016.2,0.0,4.2
2025-05-08T10:00,25.5,38,1014.6,0.0,3.2
2025-05-08T11:00,28.4,24,1013.0,0.0,8.5
2025-05-08T12:00,30.4,19,1011.5,0.0,10.1
2025-05-08T13:00,31.9,15,1009.9,0.0,13.2
2025-05-08T14:00,32.7,11,1008.1,0.0,16.1
2025-05-08T15:00,32.4,11,1007.0,0.0,15.5
2025-05-08T16:00,32.0,9,1006.2,0.0,18.2
2025-05-08T17:00,31.9,9,1005.7,0.0,17.5
2025-05-08T18:00,31.4,9,1005.6,0.0,14.2
2025-05-08T19:00,29.1,9,1006.2,0.0,10.2
2025-05-08T20:00,25.6,14,1008.7,0.0,8.2
2025-05-08T21:00,23.4,32,1010.7,0.0,7.7
2025-05-08T22:00,22.2,41,1011.7,0.0,5.3
2025-05-08T23:00,20.6,51,1012.9,0.0,3.8
2025-05-09T00:00,19.2,59,1013.0,0.0,1.0
2025-05-09T01:00,17.9,56,1012.6,0.0,2.0
2025-05-09T02:00,17.3,50,1012.2,0.0,3.1
2025-05-09T03:00,17.1,48,1012.4,0.0,3.2
2025-05-09T04:00,17.1,48,1013.1,0.0,0.6
2025-05-09T05:00,16.2,50,1013.7,0.0,1.6
2025-05-09T06:00,15.3,54,1013.8,0.0,5.3
2025-05-09T07:00,17.6,47,1014.8,0.0,4.3
2025-05-09T08:00,20.9,42,1015.6,0.0,5.1
2025-05-09T09:00,23.5,37,1014.8,0.0,8.4
2025-05-09T10:00,25.8,29,1013.5,0.0,14.2
2025-05-09T11:00,27.7,23,1012.2,0.0,14.6
2025-05-09T12:00,29.6,16,1010.9,0.0,14.4
2025-05-09T13:00,31.4,12,1009.2,0.0,17.4
2025-05-09T14:00,31.8,9,1007.9,0.0,9.9
2025-05-09T15:00,28.9,25,1008.9,0.1,19.0
2025-05-09T16:00,24.6,39,1010.6,0.0,33.3
2025-05-09T17:00,24.6,41,1010.3,0.0,26.1
2025-05-09T18:00,21.0,52,1012.5,0.0,26.0
2025-05-09T19:00,18.7,64,1014.2,0.0,27.0
2025-05-09T20:00,16.9,72,1016.3,0.0,20.8
2025-05-09T21:00,16.6,70,1017.4,0.0,22.6
2025-05-09T22:00,16.0,74,1018.5,0.0,23.0
2025-05-09T23:00,15.9,75,1019.0,0.0,21.9
2025-05-10T00:00,15.8,74,1018.9,0.0,21.3
2025-05-10T01:00,15.6,74,1018.6,0.0,21.4
2025-05-10T02:00,15.4,75,1018.3,0.0,20.6
2025-05-10T03:00,14.8,77,1018.1,0.0,19.0
2025-05-10T04:00,14.3,77,1018.2,0.0,16.7
2025-05-10T05:00,14.1,77,1018.5,0.0,15.4
2025-05-10T06:00,13.9,77,1019.2,0.0,15.8
2025-05-10T07:00,13.6,80,1020.2,0.0,14.8
2025-05-10T08:00,14.6,74,1020.6,0.0,17.4
2025-05-10T09:00,16.6,64,1020.0,0.0,16.6
2025-05-10T10:00,18.6,56,1019.1,0.0,14.6
2025-05-10T11:00,20.4,49,1018.3,0.0,11.7
2025-05-10T12:00,21.8,44,1016.9,0.1,12.8
2025-05-10T13:00,23.5,39,1015.6,0.1,14.7
2025-05-10T14:00,24.4,37,1014.6,0.0,17.5
2025-05-10T15:00,23.9,38,1013.8,0.0,18.8
2025-05-10T16:00,23.0,39,1013.7,0.1,17.1
2025-05-10T17:00,21.9,41,1013.9,0.1,18.1
2025-05-10T18:00,20.2,45,1014.6,0.0,20.1
2025-05-10T19:00,18.8,53,1016.0,0.0,16.6
2025-05-10T20:00,17.2,58,1017.5,0.0,19.0
2025-05-10T21:00,15.9,60,1019.1,0.0,18.5
2025-05-10T22:00,15.0,63,1020.1,0.0,16.8
2025-05-10T23:00,14.2,67,1021.0,0.0,15.9
2025-05-11T00:00,13.5,72,1021.1,0.0,14.8
2025-05-11T01:00,12.9,76,1021.1,0.0,16.6
2025-05-11T02:00,12.3,80,1020.9,0.0,15.5
2025-05-11T03:00,11.8,83,1020.9,0.0,14.3
2025-05-11T04:00,11.4,85,1020.9,0.0,14.7
2025-05-11T05:00,11.1,87,1021.6,0.0,12.4
2025-05-11T06:00,10.9,88,1022.2,0.0,11.3
2025-05-11T07:00,12.6,80,1022.4,0.0,12.3
2025-05-11T08:00,13.4,75,1022.7,0.0,14.5
2025-05-11T09:00,17.0,56,1021.9,0.0,13.1
2025-05-11T10:00,19.6,46,1020.9,0.0,10.8
2025-05-11T11:00,21.4,40,1019.7,0.0,9.0
2025-05-11T12:00,23.2,33,1018.1,0.0,10.2
2025-05-11T13:00,24.6,29,1016.8,0.0,10.9
2025-05-11T14:00,25.5,27,1015.6,0.1,8.4
2025-05-11T15:00,24.3,30,1015.2,0.0,14.0
2025-05-11T16:00,25.2,28,1014.2,0.0,11.1
2025-05-11T17:00,24.9,27,1013.8,0.0,13.0
2025-05-11T18:00,22.3,36,1014.8,0.0,21.6
2025-05-11T19:00,20.9,39,1016.1,0.0,18.6
2025-05-11T20:00,19.5,45,1017.4,0.0,16.2
2025-05-11T21:00,17.9,54,1018.9,0.0,14.7
2025-05-11T22:00,16.9,59,1019.8,0.0,13.6
2025-05-11T23:00,16.0,64,1020.3,0.0,13.8
2025-05-12T00:00,15.1,69,1020.9,0.0,12.3
2025-05-12T01:00,14.2,73,1020.8,0.0,11.7
2025-05-12T02:00,13.4,77,1020.1,0.0,7.7
2025-05-12T03:00,12.7,81,1019.8,0.0,6.9
2025-05-12T04:00,12.1,84,1019.6,0.0,5.8
2025-05-12T05:00,11.2,89,1019.9,0.0,4.1
2025-05-12T06:00,11.0,89,1020.5,0.0,2.6
2025-05-12T07:00,12.1,84,1021.8,0.0,4.2
2025-05-12T08:00,15.5,66,1022.1,0.0,4.3
2025-05-12T09:00,19.6,48,1020.6,0.0,2.5
2025-05-12T10:00,23.4,37,1018.9,0.0,2.8
2025-05-12T11:00,26.1,27,1017.2,0.0,7.0
2025-05-12T12:00,27.7,20,1015.9,0.0,10.8
2025-05-12T13:00,28.3,19,1014.6,0.0,9.4
2025-05-12T14:00,29.0,16,1012.8,0.0,6.5
2025-05-12T15:00,29.6,15,1011.3,0.0,6.3
2025-05-12T16:00,29.8,15,1010.1,0.0,8.9
2025-05-12T17:00,29.3,16,1009.7,0.0,10.4
2025-05-12T18:00,29.1,14,1009.2,0.0,10.9
2025-05-12T19:00,26.2,14,1010.3,0.0,10.3
2025-05-12T20:00,23.7,15,1011.4,0.0,3.0
2025-05-12T21:00,20.6,40,1015.0,0.0,14.3
2025-05-12T22:00,20.0,40,1016.1,0.0,13.6
2025-05-12T23:00,18.9,43,1016.6,0.0,9.6
2025-05-13T00:00,16.9,50,1016.8,0.0,4.9
2025-05-13T01:00,16.2,53,1016.5,0.0,2.2
2025-05-13T02:00,15.4,55,1016.4,0.0,1.0
2025-05-13T03:00,14.8,58,1016.5,0.0,0.4
2025-05-13T04:00,13.9,61,1016.5,0.0,1.9
2025-05-13T05:00,13.4,63,1017.1,0.0,4.7
2025-05-13T06:00,13.4,64,1017.8,0.0,6.5
2025-05-13T07:00,16.3,56,1018.5,0.0,10.3
2025-05-13T08:00,20.1,47,1019.2,0.0,13.2
2025-05-13T09:00,22.5,41,1018.5,0.0,18.2
2025-05-13T10:00,25.2,31,1017.6,0.0,17.7
2025-05-13T11:00,27.2,24,1016.2,0.0,17.0
2025-05-13T12:00,28.9,19,1014.8,0.0,15.7
2025-05-13T13:00,30.0,16,1013.4,0.0,15.1
2025-05-13T14:00,31.0,15,1012.0,0.0,13.0
2025-05-13T15:00,31.7,14,1010.4,0.0,10.2
2025-05-13T16:00,31.8,13,1008.9,0.0,6.3
2025-05-13T17:00,31.1,13,1008.3,0.0,9.4
2025-05-13T18:00,30.4,12,1007.7,0.0,10.1
2025-05-13T19:00,27.6,12,1008.6,0.0,12.6
2025-05-13T20:00,24.3,14,1009.7,0.0,5.3
2025-05-13T21:00,23.5,29,1012.1,0.0,12.2
2025-05-13T22:00,21.9,33,1013.3,0.0,8.5
2025-05-13T23:00,20.1,37,1014.5,0.0,5.6
2025-05-14T00:00,19.1,41,1014.6,0.0,4.9
2025-05-14T01:00,18.6,42,1014.6,0.0,1.5
2025-05-14T02:00,16.9,46,1014.2,0.0,3.1
2025-05-14T03:00,16.1,50,1013.8,0.0,0.7
2025-05-14T04:00,15.2,50,1013.8,0.0,0.3
2025-05-14T05:00,14.2,55,1014.7,0.0,3.3
2025-05-14T06:00,14.2,60,1015.3,0.0,5.9
2025-05-14T07:00,16.8,55,1015.7,0.0,7.2
2025-05-14T08:00,21.0,43,1016.4,0.0,4.3
2025-05-14T09:00,24.1,29,1015.8,0.0,10.3
2025-05-14T10:00,26.9,20,1015.0,0.0,13.4
2025-05-14T11:00,28.7,17,1013.9,0.0,11.6
2025-05-14T12:00,30.2,16,1012.8,0.0,8.2
2025-05-14T13:00,31.3,14,1011.5,0.0,5.3
2025-05-14T14:00,32.1,13,1009.9,0.0,3.3
2025-05-14T15:00,32.7,12,1008.4,0.0,6.8
2025-05-14T16:00,32.7,11,1007.0,0.0,8.0
2025-05-14T17:00,32.3,11,1006.2,0.0,2.6
2025-05-14T18:00,31.8,11,1005.6,0.0,1.8
2025-05-14T19:00,28.8,14,1006.7,0.0,4.8
2025-05-14T20:00,27.2,16,1008.4,0.0,4.2
2025-05-14T21:00,25.9,21,1010.2,0.0,6.2
2025-05-14T22:00,23.9,29,1011.6,0.0,1.9
2025-05-14T23:00,23.0,33,1012.4,0.0,1.3
2025-05-15T00:00,21.7,38,1012.8,0.0,1.5
2025-05-15T01:00,20.1,42,1013.1,0.0,0.4
2025-05-15T02:00,18.9,45,1012.7,0.0,0.2
2025-05-15T03:00,18.0,47,1012.4,0.0,0.2
2025-05-15T04:00,17.6,49,1012.7,0.0,1.5
2025-05-15T05:00,17.2,51,1012.9,0.0,1.8
2025-05-15T06:00,16.0,55,1013.5,0.0,4.7
2025-05-15T07:00,18.0,56,1014.4,0.0,7.2
2025-05-15T08:00,21.5,46,1015.0,0.0,7.0
2025-05-15T09:00,24.9,30,1014.2,0.0,11.2
2025-05-15T10:00,27.6,18,1013.2,0.0,11.7
2025-05-15T11:00,29.5,16,1012.2,0.0,9.0
2025-05-15T12:00,31.1,14,1011.0,0.0,5.0
2025-05-15T13:00,32.4,12,1009.4,0.0,2.4
2025-05-15T14:00,33.2,11,1007.8,0.0,3.0
2025-05-15T15:00,33.7,10,1006.4,0.0,1.6
2025-05-15T16:00,33.8,10,1005.3,0.0,3.3
2025-05-15T17:00,33.2,9,1004.3,0.0,4.8
2025-05-15T18:00,32.5,9,1004.2,0.0,11.4
2025-05-15T19:00,30.1,13,1005.8,0.0,18.0
2025-05-15T20:00,27.4,22,1008.0,0.0,20.7
2025-05-15T21:00,24.9,35,1009.9,0.0,14.7
2025-05-15T22:00,22.9,41,1011.5,0.0,5.7
2025-05-15T23:00,21.8,42,1012.3,0.0,6.5
2025-05-16T00:00,21.1,41,1012.5,0.0,6.8
2025-05-16T01:00,19.9,47,1012.5,0.0,3.7
2025-05-16T02:00,19.0,52,1012.7,0.0,2.4
2025-05-16T03:00,17.7,55,1012.3,0.0,1.9
2025-05-16T04:00,16.6,57,1012.5,0.0,0.9
2025-05-16T05:00,16.1,58,1013.0,0.0,1.5
2025-05-16T06:00,15.7,60,1013.5,0.0,1.3
2025-05-16T07:00,18.0,51,1013.8,0.0,4.5
2025-05-16T08:00,22.1,39,1014.2,0.0,3.8
2025-05-16T09:00,25.2,28,1013.4,0.0,8.1
2025-05-16T10:00,27.6,22,1012.3,0.0,9.5
2025-05-16T11:00,29.7,19,1011.1,0.0,8.3
2025-05-16T12:00,31.6,14,1009.6,0.0,7.3
2025-05-16T13:00,33.0,11,1008.1,0.0,7.2
2025-05-16T14:00,34.1,10,1006.8,0.0,8.8
2025-05-16T15:00,34.7,9,1005.2,0.0,9.8
2025-05-16T16:00,34.7,8,1004.4,0.0,11.0
2025-05-16T17:00,34.2,8,1003.9,0.0,6.2
2025-05-16T18:00,33.8,7,1003.4,0.0,13.5
2025-05-16T19:00,28.3,22,1007.4,0.0,22.9
2025-05-16T20:00,26.6,31,1009.3,0.0,20.2
2025-05-16T21:00,24.8,41,1011.6,0.0,10.3
2025-05-16T22:00,24.0,45,1012.5,0.0,6.4
2025-05-16T23:00,22.3,49,1013.0,0.0,3.9
2025-05-17T00:00,21.2,55,1013.6,0.0,5.1
2025-05-17T01:00,20.1,59,1014.0,0.0,2.7
2025-05-17T02:00,19.3,57,1014.2,0.0,1.9
2025-05-17T03:00,18.3,62,1014.1,0.0,2.3
2025-05-17T04:00,17.1,65,1014.5,0.0,4.0
2025-05-17T05:00,16.6,67,1014.7,0.0,3.8
2025-05-17T06:00,16.4,70,1015.6,0.0,3.0
2025-05-17T07:00,18.4,65,1015.8,0.0,7.1
2025-05-17T08:00,21.8,54,1016.0,0.0,6.8
2025-05-17T09:00,24.1,45,1015.4,0.0,10.5
2025-05-17T10:00,26.5,35,1014.3,0.0,9.4
2025-05-17T11:00,28.8,27,1012.9,0.0,7.3
2025-05-17T12:00,30.7,20,1011.5,0.0,6.3
2025-05-17T13:00,32.2,16,1009.9,0.0,6.0
2025-05-17T14:00,33.3,12,1008.1,0.0,6.4
2025-05-17T15:00,34.0,11,1006.4,0.0,7.4
2025-05-17T16:00,34.5,11,1005.5,0.0,13.3
2025-05-17T17:00,31.6,14,1006.0,0.0,19.4
2025-05-17T18:00,30.0,17,1006.6,0.0,20.5
2025-05-17T19:00,27.0,33,1008.5,0.0,22.4
2025-05-17T20:00,25.0,40,1010.4,0.0,17.3
2025-05-17T21:00,24.0,46,1011.8,0.0,14.1
2025-05-17T22:00,23.3,47,1012.5,0.0,12.6
2025-05-17T23:00,22.0,53,1013.2,0.0,5.8
2025-05-18T00:00,20.5,62,1013.8,0.0,4.0
2025-05-18T01:00,20.0,67,1013.8,0.0,1.6
2025-05-18T02:00,19.0,71,1013.4,0.0,1.9
2025-05-18T03:00,18.2,74,1013.2,0.0,1.5
2025-05-18T04:00,17.3,76,1013.2,0.0,2.9
2025-05-18T05:00,17.0,75,1013.5,0.0,2.8
2025-05-18T06:00,16.5,74,1014.0,0.0,3.6
2025-05-18T07:00,18.4,64,1014.5,0.0,4.4
2025-05-18T08:00,22.1,51,1014.7,0.0,5.4
2025-05-18T09:00,24.4,47,1014.3,0.0,14.2
2025-05-18T10:00,26.2,41,1013.7,0.0,16.4
2025-05-18T11:00,28.1,33,1012.9,0.0,13.9
2025-05-18T12:00,30.0,26,1011.2,0.0,12.6
2025-05-18T13:00,31.6,21,1009.5,0.0,11.7
2025-05-18T14:00,32.6,18,1007.9,0.0,9.9
2025-05-18T15:00,33.2,17,1006.0,0.0,10.1
2025-05-18T16:00,33.0,17,1005.5,0.0,12.0
2025-05-18T17:00,26.9,34,1009.4,1.0,19.2
2025-05-18T18:00,27.4,30,1008.9,0.0,9.6
2025-05-18T19:00,21.6,55,1012.4,0.3,12.7
2025-05-18T20:00,21.0,58,1013.9,0.0,14.1
2025-05-18T21:00,20.5,59,1014.3,0.0,11.0
2025-05-18T22:00,20.0,63,1014.5,0.0,5.9
2025-05-18T23:00,19.3,67,1014.2,0.0,3.8
2025-05-19T00:00,18.4,69,1013.0,0.0,2.7
2025-05-19T01:00,17.7,72,1012.7,0.0,4.9
2025-05-19T02:00,17.1,74,1012.3,0.0,4.3
2025-05-19T03:00,16.9,75,1012.1,0.0,4.9
2025-05-19T04:00,16.8,74,1012.5,0.0,5.4
2025-05-19T05:00,16.6,73,1013.0,0.0,6.1
2025-05-19T06:00,16.1,74,1013.7,0.0,5.3
2025-05-19T07:00,17.6,67,1015.3,0.0,8.5
2025-05-19T08:00,21.0,55,1015.1,0.0,11.3
2025-05-19T09:00,23.4,47,1014.4,0.0,15.3
2025-05-19T10:00,25.9,39,1013.4,0.0,15.7
2025-05-19T11:00,28.2,31,1011.9,0.0,16.0
2025-05-19T12:00,30.1,25,1010.5,0.0,14.7
2025-05-19T13:00,31.5,22,1009.0,0.0,13.1
2025-05-19T14:00,32.2,20,1007.6,0.0,11.4
2025-05-19T15:00,32.9,18,1006.1,0.0,10.6
2025-05-19T16:00,32.8,18,1005.1,0.0,10.9
2025-05-19T17:00,32.0,18,1004.6,0.0,9.9
2025-05-19T18:00,31.2,19,1004.8,0.0,9.6
2025-05-19T19:00,29.5,17,1005.4,0.0,10.7
2025-05-19T20:00,27.2,20,1007.2,0.0,6.6
2025-05-19T21:00,24.9,34,1009.6,0.0,10.7
2025-05-19T22:00,22.5,43,1011.5,0.0,14.0
2025-05-19T23:00,21.4,47,1011.5,0.0,4.9
2025-05-20T00:00,20.8,48,1011.5,0.0,2.7
2025-05-20T01:00,19.6,48,1011.1,0.0,5.4
2025-05-20T02:00,19.4,45,1010.6,0.0,6.8
2025-05-20T03:00,18.8,45,1010.7,0.0,6.5
2025-05-20T04:00,18.4,46,1011.7,0.0,7.4
2025-05-20T05:00,17.8,50,1012.5,0.0,7.3
2025-05-20T06:00,17.6,53,1013.1,0.0,7.5
2025-05-20T07:00,18.9,54,1014.4,0.0,9.2
2025-05-20T08:00,21.9,49,1014.5,0.0,11.0
2025-05-20T09:00,24.4,39,1014.0,0.0,13.7
2025-05-20T10:00,26.9,30,1013.2,0.0,14.6
2025-05-20T11:00,29.2,23,1012.0,0.0,13.5
2025-05-20T12:00,30.9,19,1010.7,0.0,10.6
2025-05-20T13:00,32.0,17,1009.4,0.0,8.2
2025-05-20T14:00,33.0,15,1007.9,0.0,6.0
2025-05-20T15:00,33.5,15,1006.4,0.0,7.9
2025-05-20T16:00,32.7,16,1005.9,0.0,10.8
2025-05-20T17:00,32.0,17,1005.7,0.0,6.8
2025-05-20T18:00,30.8,19,1006.8,0.0,12.3
2025-05-20T19:00,29.5,18,1007.2,0.0,7.1
2025-05-20T20:00,27.2,25,1009.4,0.0,18.6
2025-05-20T21:00,26.1,33,1010.3,0.0,11.9
2025-05-20T22:00,23.8,51,1012.6,0.0,17.3
2025-05-20T23:00,21.5,71,1014.8,0.0,20.4
2025-05-21T00:00,21.0,71,1014.9,0.0,17.3
2025-05-21T01:00,20.1,72,1015.5,0.0,17.1
2025-05-21T02:00,19.5,74,1014.5,0.0,13.4
2025-05-21T03:00,18.4,80,1015.1,0.0,4.4
2025-05-21T04:00,18.0,85,1015.5,0.0,5.7
2025-05-21T05:00,17.3,89,1015.7,0.0,3.6
2025-05-21T06:00,16.6,93,1016.0,0.0,3.5
2025-05-21T07:00,17.7,80,1017.1,0.0,1.6
2025-05-21T08:00,20.4,68,1017.0,0.0,4.5
2025-05-21T09:00,23.2,54,1016.2,0.0,7.6
2025-05-21T10:00,26.0,41,1014.9,0.0,8.6
2025-05-21T11:00,28.5,31,1013.4,0.0,9.7
2025-05-21T12:00,30.7,23,1011.7,0.0,10.4
2025-05-21T13:00,32.0,18,1010.2,0.0,11.0
2025-05-21T14:00,33.1,12,1008.4,0.0,13.9
2025-05-21T15:00,33.1,12,1007.4,0.0,19.2
2025-05-21T16:00,32.0,14,1007.0,0.0,22.5
2025-05-21T17:00,31.0,17,1007.4,0.0,22.4
2025-05-21T18:00,26.9,31,1009.9,0.0,25.2
2025-05-21T19:00,25.8,36,1011.5,0.0,19.1
2025-05-21T20:00,20.4,65,1016.1,3.2,12.5
2025-05-21T21:00,17.1,83,1018.2,5.9,1.0
2025-05-21T22:00,18.3,74,1018.4,0.0,0.6
2025-05-21T23:00,17.7,84,1018.4,0.3,8.6
2025-05-22T00:00,17.0,84,1018.2,0.1,8.4
2025-05-22T01:00,16.5,85,1017.7,0.0,7.4
2025-05-22T02:00,16.0,88,1017.4,0.0,5.9
2025-05-22T03:00,15.9,91,1017.9,0.0,8.3
2025-05-22T04:00,16.5,91,1018.1,0.0,13.0
2025-05-22T05:00,16.3,89,1018.0,0.0,11.5
2025-05-22T06:00,15.1,92,1018.6,0.0,7.9
2025-05-22T07:00,17.0,86,1019.7,0.0,10.1
2025-05-22T08:00,18.9,75,1019.5,0.0,12.3
2025-05-22T09:00,21.0,63,1019.0,0.0,10.1
2025-05-22T10:00,23.5,50,1017.7,0.0,9.2
2025-05-22T11:00,25.4,44,1016.0,0.0,7.7
2025-05-22T12:00,27.1,37,1014.4,0.0,7.3
2025-05-22T13:00,28.6,30,1012.7,0.0,8.5
2025-05-22T14:00,30.0,23,1010.9,0.0,10.9
2025-05-22T15:00,30.0,20,1009.6,0.0,13.4
2025-05-22T16:00,30.6,19,1008.3,0.0,15.1
2025-05-22T17:00,25.4,36,1011.7,0.1,23.6
2025-05-22T18:00,24.7,38,1012.3,0.0,17.4
2025-05-22T19:00,19.4,69,1016.1,0.0,15.1
2025-05-22T20:00,18.7,71,1016.9,0.0,10.2
2025-05-22T21:00,18.5,76,1017.6,0.0,7.2
2025-05-22T22:00,18.1,80,1018.0,0.0,3.0
2025-05-22T23:00,17.8,82,1018.6,0.0,0.2
2025-05-23T00:00,17.5,85,1018.5,0.0,1.6
2025-05-23T01:00,17.1,88,1018.5,0.0,1.2
2025-05-23T02:00,16.8,89,1018.1,0.0,0.9
2025-05-23T03:00,16.5,90,1017.9,0.0,2.9
2025-05-23T04:00,15.9,93,1018.1,0.0,3.6
2025-05-23T05:00,15.7,93,1018.3,0.0,5.0
2025-05-23T06:00,15.8,93,1018.5,0.0,6.4
2025-05-23T07:00,16.2,87,1019.3,0.0,9.1
2025-05-23T08:00,18.5,74,1018.6,0.0,11.5
2025-05-23T09:00,21.0,57,1018.1,0.0,9.3
2025-05-23T10:00,23.4,45,1017.4,0.0,8.3
2025-05-23T11:00,25.6,35,1016.2,0.0,8.2
2025-05-23T12:00,27.4,26,1014.8,0.0,8.4
2025-05-23T13:00,28.9,20,1013.0,0.0,9.5
2025-05-23T14:00,29.7,19,1011.4,0.0,11.8
2025-05-23T15:00,29.7,18,1010.5,0.0,14.0
2025-05-23T16:00,29.5,17,1009.6,0.0,16.6
2025-05-23T17:00,28.5,18,1009.6,0.0,18.6
2025-05-23T18:00,26.2,26,1010.9,0.0,20.6
2025-05-23T19:00,23.8,34,1012.7,0.0,18.0
2025-05-23T20:00,21.5,46,1014.6,0.0,19.1
2025-05-23T21:00,19.9,56,1016.5,0.0,13.0
2025-05-23T22:00,18.8,61,1017.5,0.0,10.1
2025-05-23T23:00,18.2,64,1018.6,0.0,11.2
2025-05-24T00:00,17.1,72,1018.9,0.0,7.2
2025-05-24T01:00,16.1,79,1018.8,0.0,5.6
2025-05-24T02:00,15.7,82,1018.6,0.0,5.3
2025-05-24T03:00,14.9,86,1018.2,0.0,5.5
2025-05-24T04:00,14.3,90,1018.1,0.0,4.9
2025-05-24T05:00,13.7,92,1018.5,0.0,4.4
2025-05-24T06:00,13.2,94,1019.1,0.0,4.6
2025-05-24T07:00,15.6,83,1019.5,0.0,7.6
2025-05-24T08:00,18.2,71,1019.6,0.0,6.5
2025-05-24T09:00,20.9,55,1018.8,0.0,4.0
2025-05-24T10:00,23.4,45,1017.7,0.0,1.9
2025-05-24T11:00,25.6,37,1016.3,0.0,3.1
2025-05-24T12:00,27.5,28,1014.8,0.0,5.4
2025-05-24T13:00,28.9,20,1012.9,0.0,6.5
2025-05-24T14:00,29.8,17,1011.4,0.0,4.6
2025-05-24T15:00,30.9,14,1009.6,0.0,6.5
2025-05-24T16:00,30.9,12,1008.9,0.0,9.3
2025-05-24T17:00,30.1,12,1008.7,0.0,12.6
2025-05-24T18:00,28.0,18,1009.9,0.0,19.0
2025-05-24T19:00,24.0,31,1013.3,0.0,4.1
2025-05-24T20:00,19.4,65,1016.4,0.6,19.2
2025-05-24T21:00,18.6,73,1016.1,0.0,9.3
2025-05-24T22:00,18.8,72,1018.1,0.0,6.3
2025-05-24T23:00,18.9,66,1018.1,0.0,5.0
2025-05-25T00:00,18.5,66,1018.0,0.0,3.7
2025-05-25T01:00,18.1,66,1018.1,0.0,3.5
2025-05-25T02:00,17.4,70,1017.9,0.0,3.1
2025-05-25T03:00,17.4,73,1017.5,0.0,0.4
2025-05-25T04:00,17.5,70,1017.2,0.0,2.2
2025-05-25T05:00,17.5,71,1017.6,0.0,0.4
2025-05-25T06:00,16.9,76,1018.0,0.0,2.9
2025-05-25T07:00,17.0,79,1019.1,0.0,3.5
2025-05-25T08:00,19.0,64,1019.4,0.0,2.1
2025-05-25T09:00,21.8,52,1018.8,0.0,4.0
2025-05-25T10:00,24.1,45,1017.6,0.0,1.3
2025-05-25T11:00,25.9,39,1016.6,0.0,3.9
2025-05-25T12:00,27.5,35,1015.2,0.0,6.0
2025-05-25T13:00,28.5,33,1013.6,0.0,8.1
2025-05-25T14:00,27.0,37,1013.0,0.8,6.8
2025-05-25T15:00,27.2,31,1012.6,0.3,11.6
2025-05-25T16:00,21.3,54,1014.6,0.3,13.6
2025-05-25T17:00,21.4,57,1015.5,0.4,2.5
2025-05-25T18:00,20.5,63,1015.9,0.3,1.5
2025-05-25T19:00,21.4,50,1015.3,0.0,4.6
2025-05-25T20:00,16.8,86,1019.3,2.6,13.1
2025-05-25T21:00,16.4,96,1019.4,0.7,3.2
2025-05-25T22:00,16.4,93,1020.4,0.4,5.2
2025-05-25T23:00,15.9,96,1020.6,0.5,3.3
2025-05-26T00:00,15.7,95,1020.2,0.1,2.8
2025-05-26T01:00,15.4,97,1019.7,0.0,0.4
2025-05-26T02:00,15.5,99,1019.2,0.0,1.1
2025-05-26T03:00,15.3,99,1019.0,0.0,0.5
2025-05-26T04:00,14.8,100,1019.0,0.0,0.6
2025-05-26T05:00,14.8,100,1019.4,0.0,3.1
2025-05-26T06:00,15.1,97,1019.3,0.0,1.7
2025-05-26T07:00,15.4,94,1019.7,0.0,5.4
2025-05-26T08:00,16.6,86,1020.0,0.0,5.7
2025-05-26T09:00,18.5,71,1019.2,0.0,9.5
2025-05-26T10:00,21.7,54,1018.0,0.0,14.0
2025-05-26T11:00,23.7,48,1017.0,0.0,15.7
2025-05-26T12:00,25.3,43,1015.6,0.0,15.7
2025-05-26T13:00,26.8,39,1014.2,0.0,15.7
2025-05-26T14:00,27.5,36,1012.5,0.0,15.7
2025-05-26T15:00,26.1,36,1012.0,0.0,19.3
2025-05-26T16:00,24.5,41,1011.8,0.2,16.0
2025-05-26T17:00,25.9,36,1011.1,0.0,10.2
2025-05-26T18:00,24.6,38,1011.5,0.0,9.0
2025-05-26T19:00,22.1,51,1013.4,0.0,1.7
2025-05-26T20:00,19.1,66,1016.2,0.1,11.5
2025-05-26T21:00,16.9,79,1018.3,0.0,11.2
2025-05-26T22:00,15.9,83,1018.5,0.0,5.3
2025-05-26T23:00,16.0,85,1019.0,0.0,0.6
2025-05-27T00:00,15.1,91,1019.6,0.0,8.2
2025-05-27T01:00,15.1,91,1018.9,0.0,5.2
2025-05-27T02:00,14.6,93,1018.0,0.0,0.4
2025-05-27T03:00,14.1,97,1017.1,0.0,5.3
2025-05-27T04:00,13.5,97,1016.8,0.0,1.9
2025-05-27T05:00,13.3,98,1017.1,0.0,4.7
2025-05-27T06:00,13.4,96,1017.1,0.0,5.6
2025-05-27T07:00,15.0,89,1018.9,0.0,8.5
2025-05-27T08:00,17.3,79,1019.0,0.0,8.5
2025-05-27T09:00,19.8,65,1018.3,0.0,11.9
2025-05-27T10:00,21.7,58,1017.6,0.0,12.8
2025-05-27T11:00,23.6,51,1016.6,0.0,12.0
2025-05-27T12:00,25.0,44,1015.2,0.0,9.0
2025-05-27T13:00,25.7,41,1014.4,0.0,5.8
2025-05-27T14:00,25.9,39,1013.2,0.0,4.7
2025-05-27T15:00,26.1,39,1012.2,0.0,4.3
2025-05-27T16:00,26.2,39,1011.1,0.0,1.9
2025-05-27T17:00,26.8,33,1010.2,0.0,8.5
2025-05-27T18:00,21.6,58,1013.6,0.0,19.5
2025-05-27T19:00,20.2,65,1015.4,0.0,16.5
2025-05-27T20:00,18.3,74,1016.0,0.0,8.6
2025-05-27T21:00,18.5,75,1016.8,0.0,13.4
2025-05-27T22:00,18.2,77,1017.6,0.0,15.4
2025-05-27T23:00,17.9,81,1018.3,0.0,14.8
2025-05-28T00:00,17.0,86,1018.7,0.0,12.8
2025-05-28T01:00,16.1,91,1018.3,0.0,9.2
2025-05-28T02:00,15.4,94,1017.9,0.0,7.3
2025-05-28T03:00,14.8,96,1017.6,0.0,4.9
2025-05-28T04:00,14.1,97,1017.6,0.0,4.7
2025-05-28T05:00,14.1,96,1018.0,0.0,1.4
2025-05-28T06:00,13.4,98,1018.0,0.0,1.0
2025-05-28T07:00,15.4,92,1018.2,0.0,5.1
2025-05-28T08:00,17.6,79,1018.3,0.0,3.4
2025-05-28T09:00,19.6,68,1017.8,0.0,6.1
2025-05-28T10:00,21.6,59,1017.0,0.0,7.6
2025-05-28T11:00,22.7,55,1016.1,0.0,7.2
2025-05-28T12:00,24.5,48,1014.9,0.0,6.2
2025-05-28T13:00,25.6,42,1013.6,0.0,4.8
2025-05-28T14:00,26.5,38,1012.3,0.0,0.7
2025-05-28T15:00,27.6,34,1011.1,0.0,5.6
2025-05-28T16:00,25.9,37,1011.5,0.0,6.5
2025-05-28T17:00,23.1,52,1013.2,0.1,18.1
2025-05-28T18:00,19.7,76,1015.4,1.4,6.6
2025-05-28T19:00,18.5,75,1016.3,0.2,6.8
2025-05-28T20:00,18.1,79,1016.7,0.0,8.6
2025-05-28T21:00,17.4,79,1017.9,0.0,8.3
2025-05-28T22:00,17.4,78,1018.7,0.0,9.5
2025-05-28T23:00,17.0,83,1019.8,0.0,10.9
2025-05-29T00:00,16.5,89,1020.0,0.0,7.0
2025-05-29T01:00,15.9,92,1020.2,0.1,2.1
2025-05-29T02:00,16.0,93,1019.9,0.0,6.8
2025-05-29T03:00,15.3,96,1018.9,0.0,3.0
2025-05-29T04:00,14.8,98,1018.2,0.0,2.0
2025-05-29T05:00,14.4,98,1018.6,0.0,0.8
2025-05-29T06:00,13.9,98,1019.3,0.0,0.4
2025-05-29T07:00,15.2,92,1019.7,0.0,3.9
2025-05-29T08:00,17.5,82,1020.0,0.0,4.2
2025-05-29T09:00,19.6,69,1019.4,0.0,10.6
2025-05-29T10:00,21.6,59,1018.9,0.0,12.2
2025-05-29T11:00,23.1,54,1017.9,0.0,11.3
2025-05-29T12:00,24.4,49,1017.0,0.0,10.7
2025-05-29T13:00,24.5,47,1016.1,0.0,12.1
2025-05-29T14:00,24.0,46,1015.0,0.0,14.8
2025-05-29T15:00,25.0,42,1013.6,0.0,11.8
2025-05-29T16:00,22.3,59,1015.1,1.0,9.5
2025-05-29T17:00,20.1,72,1016.2,3.1,1.1
2025-05-29T18:00,17.0,94,1018.5,10.6,8.6
2025-05-29T19:00,17.1,94,1018.6,2.4,7.3
2025-05-29T20:00,16.9,94,1018.8,5.0,6.6
2025-05-29T21:00,16.9,95,1019.3,3.1,4.3
2025-05-29T22:00,17.0,94,1020.0,1.6,2.1
2025-05-29T23:00,16.7,96,1020.7,0.9,2.8
2025-05-30T00:00,16.5,97,1020.8,0.5,4.7
2025-05-30T01:00,16.1,97,1020.5,0.6,4.8
2025-05-30T02:00,15.9,96,1019.8,0.5,3.1
2025-05-30T03:00,15.1,97,1019.3,0.1,2.2
2025-05-30T04:00,14.6,99,1019.1,0.0,2.3
2025-05-30T05:00,14.2,100,1019.2,0.0,2.7
2025-05-30T06:00,14.4,100,1019.2,0.0,3.8
2025-05-30T07:00,15.1,99,1020.0,0.0,1.1
2025-05-30T08:00,16.7,90,1020.1,0.0,3.2
2025-05-30T09:00,19.1,73,1019.6,0.0,1.8
2025-05-30T10:00,21.4,62,1018.4,0.0,1.0
2025-05-30T11:00,23.2,54,1017.1,0.0,1.5
2025-05-30T12:00,24.9,47,1015.8,0.0,3.1
2025-05-30T13:00,26.4,42,1014.2,0.0,4.7
2025-05-30T14:00,27.2,39,1012.7,0.0,9.0
2025-05-30T15:00,26.6,38,1011.8,0.0,14.4
2025-05-30T16:00,26.2,38,1011.6,0.0,15.5
2025-05-30T17:00,25.9,40,1011.7,0.0,12.1
2025-05-30T18:00,21.0,65,1014.7,1.0,14.7
2025-05-30T19:00,20.7,65,1014.8,0.0,16.8
2025-05-30T20:00,19.1,75,1016.6,0.2,10.3
2025-05-30T21:00,17.5,88,1017.9,2.2,9.0
2025-05-30T22:00,16.9,90,1019.2,0.0,11.9
2025-05-30T23:00,16.5,90,1020.3,0.2,5.0
2025-05-31T00:00,16.0,96,1019.9,0.2,5.0
2025-05-31T01:00,15.6,97,1019.4,0.1,6.7
2025-05-31T02:00,15.3,98,1018.9,0.0,5.2
2025-05-31T03:00,15.1,98,1018.7,0.0,4.4
2025-05-31T04:00,14.8,98,1018.6,0.0,3.8
2025-05-31T05:00,14.7,99,1019.0,0.0,4.8
2025-05-31T06:00,14.6,98,1019.2,0.0,5.2
2025-05-31T07:00,15.7,97,1019.6,0.0,7.9
2025-05-31T08:00,17.5,85,1019.7,0.1,8.6
2025-05-31T09:00,19.4,76,1019.6,0.1,7.3
2025-05-31T10:00,21.2,67,1018.9,0.0,5.3
2025-05-31T11:00,22.9,59,1017.9,0.0,5.2
2025-05-31T12:00,24.4,53,1016.8,0.0,5.4
2025-05-31T13:00,25.3,49,1015.3,0.0,6.6
2025-05-31T14:00,26.0,45,1013.3,0.0,8.2
2025-05-31T15:00,26.4,44,1011.8,0.0,8.5
2025-05-31T16:00,26.0,44,1011.3,0.0,12.1
2025-05-31T17:00,22.6,55,1013.2,0.2,8.2
2025-05-31T18:00,21.5,61,1013.7,0.0,6.9
2025-05-31T19:00,17.0,91,1017.5,1.4,11.3
2025-05-31T20:00,16.4,94,1018.7,1.4,9.1
2025-05-31T21:00,16.4,93,1018.8,1.2,4.6
2025-05-31T22:00,16.2,97,1019.3,0.2,5.2
2025-05-31T23:00,16.0,97,1019.5,0.0,3.8
2025-06-01T00:00,15.2,97,1019.4,0.0,4.1
2025-06-01T01:00,15.1,97,1018.9,0.0,4.3
2025-06-01T02:00,15.2,98,1018.3,0.0,4.0
2025-06-01T03:00,14.9,98,1018.0,0.0,3.2
2025-06-01T04:00,14.6,99,1017.9,0.0,1.7
2025-06-01T05:00,14.3,100,1018.2,0.0,2.1
2025-06-01T06:00,14.4,100,1018.4,0.0,2.1
2025-06-01T07:00,15.3,99,1019.3,0.0,2.6
2025-06-01T08:00,16.5,93,1019.4,0.1,2.6
2025-06-01T09:00,18.8,79,1018.9,0.1,0.7
2025-06-01T10:00,21.0,69,1018.2,0.0,1.8
2025-06-01T11:00,22.8,62,1017.2,0.0,3.1
2025-06-01T12:00,24.3,56,1015.7,0.0,2.7
2025-06-01T13:00,25.3,52,1013.9,0.0,2.5
2025-06-01T14:00,26.0,48,1012.4,0.0,4.0
2025-06-01T15:00,22.7,63,1013.7,1.5,12.5
2025-06-01T16:00,23.9,55,1012.4,0.1,4.8
2025-06-01T17:00,22.5,57,1012.8,0.2,5.2
2025-06-01T18:00,22.0,60,1013.5,0.0,6.0
2025-06-01T19:00,20.4,72,1014.8,0.0,8.9
2025-06-01T20:00,18.1,83,1016.9,0.0,10.1
2025-06-01T21:00,17.5,91,1018.3,0.3,7.9
2025-06-01T22:00,17.2,91,1019.1,0.1,1.2
2025-06-01T23:00,16.6,95,1019.3,0.2,3.1
2025-06-02T00:00,15.8,98,1018.9,0.0,3.3
2025-06-02T01:00,15.6,98,1018.3,0.0,3.0
2025-06-02T02:00,15.1,99,1017.5,0.0,3.0
2025-06-02T03:00,14.9,100,1017.4,0.0,3.2
2025-06-02T04:00,14.7,100,1017.3,0.0,3.1
2025-06-02T05:00,14.8,99,1017.7,0.0,3.7
2025-06-02T06:00,14.8,100,1018.0,0.0,2.0
2025-06-02T07:00,15.9,97,1018.6,0.0,3.2
2025-06-02T08:00,17.5,90,1019.4,0.0,3.4
2025-06-02T09:00,19.1,79,1019.0,0.0,7.4
2025-06-02T10:00,21.5,65,1017.8,0.1,8.5
2025-06-02T11:00,23.5,59,1016.5,0.1,7.4
2025-06-02T12:00,24.8,55,1015.2,0.0,8.1
2025-06-02T13:00,25.0,53,1013.9,0.0,6.8
2025-06-02T14:00,25.8,49,1013.0,0.1,6.1
2025-06-02T15:00,22.6,64,1013.9,2.9,5.6
2025-06-02T16:00,22.0,66,1013.5,0.3,8.1
2025-06-02T17:00,22.0,67,1013.1,0.0,5.8
2025-06-02T18:00,21.2,71,1013.9,0.0,7.9
2025-06-02T19:00,20.5,76,1014.1,0.0,2.9
2025-06-02T20:00,17.4,90,1017.0,7.1,12.2
2025-06-02T21:00,17.0,95,1017.9,0.8,2.7
2025-06-02T22:00,16.5,95,1018.0,0.1,0.4
2025-06-02T23:00,16.1,95,1018.7,0.0,0.3
2025-06-03T00:00,15.7,96,1018.5,0.0,0.9
2025-06-03T01:00,15.5,97,1018.0,0.0,2.3
2025-06-03T02:00,15.2,97,1017.3,0.0,2.9
2025-06-03T03:00,14.8,98,1016.8,0.0,4.0
2025-06-03T04:00,14.7,98,1016.8,0.0,3.6
2025-06-03T05:00,14.1,100,1016.9,0.0,3.6
2025-06-03T06:00,14.9,100,1017.1,0.0,3.3
2025-06-03T07:00,15.3,96,1017.7,0.0,6.4
2025-06-03T08:00,17.1,87,1017.7,0.0,7.8
2025-06-03T09:00,20.0,71,1016.8,0.0,9.9
2025-06-03T10:00,22.1,63,1015.7,0.0,9.2
2025-06-03T11:00,23.9,55,1015.0,0.0,7.8
2025-06-03T12:00,25.1,51,1013.8,0.0,4.8
2025-06-03T13:00,26.1,49,1012.4,0.0,5.6
2025-06-03T14:00,26.6,49,1011.2,0.0,5.7
2025-06-03T15:00,27.2,46,1009.5,0.0,3.1
2025-06-03T16:00,22.3,71,1011.3,6.1,18.8
2025-06-03T17:00,21.6,69,1011.2,2.6,7.0
2025-06-03T18:00,19.2,80,1013.2,2.2,10.5
2025-06-03T19:00,19.5,73,1012.5,0.0,4.3
2025-06-03T20:00,17.4,87,1014.8,0.5,13.9
2025-06-03T21:00,16.5,92,1014.9,0.0,0.8
2025-06-03T22:00,15.7,95,1015.2,0.0,1.8
2025-06-03T23:00,15.4,95,1015.9,0.0,3.7
2025-06-04T00:00,15.1,93,1015.8,0.0,3.8
2025-06-04T01:00,15.2,89,1015.4,0.0,3.6
2025-06-04T02:00,15.1,89,1014.8,0.0,4.2
2025-06-04T03:00,14.7,92,1014.8,0.0,4.5
2025-06-04T04:00,14.4,92,1014.7,0.0,4.5
2025-06-04T05:00,14.2,95,1015.6,0.0,5.1
2025-06-04T06:00,14.2,97,1016.3,0.0,6.0
2025-06-04T07:00,15.7,96,1016.1,0.0,6.7
2025-06-04T08:00,18.5,84,1016.7,0.0,6.8
2025-06-04T09:00,20.6,74,1016.5,0.0,10.1
2025-06-04T10:00,22.4,65,1015.6,0.0,9.0
2025-06-04T11:00,24.0,59,1014.6,0.0,8.8
2025-06-04T12:00,25.3,54,1013.6,0.0,10.0
2025-06-04T13:00,26.1,50,1012.2,0.0,11.5
2025-06-04T14:00,26.8,44,1010.8,0.0,12.8
2025-06-04T15:00,26.9,43,1009.7,0.0,14.7
2025-06-04T16:00,26.9,43,1009.0,0.0,15.9
2025-06-04T17:00,24.5,51,1010.2,0.2,15.8
2025-06-04T18:00,24.4,49,1010.0,0.0,12.2
2025-06-04T19:00,22.1,60,1011.4,0.0,7.9
2025-06-04T20:00,19.5,70,1012.3,0.0,6.7
2025-06-04T21:00,19.0,73,1014.0,0.0,13.7
2025-06-04T22:00,17.8,83,1015.0,0.0,9.2
2025-06-04T23:00,16.7,90,1016.2,0.0,6.2
2025-06-05T00:00,16.1,92,1016.5,0.0,5.9
2025-06-05T01:00,15.9,93,1016.6,0.0,6.3
2025-06-05T02:00,15.9,95,1016.7,0.0,9.6
2025-06-05T03:00,15.8,97,1016.6,0.1,11.9
2025-06-05T04:00,15.7,99,1016.5,0.0,12.3
2025-06-05T05:00,16.0,96,1016.4,0.0,12.8
2025-06-05T06:00,15.4,97,1016.8,0.0,12.1
2025-06-05T07:00,16.2,94,1017.4,0.0,12.2
2025-06-05T08:00,18.0,82,1017.4,0.0,15.3
2025-06-05T09:00,20.0,69,1016.8,0.0,14.3
2025-06-05T10:00,21.9,56,1015.9,0.0,13.6
2025-06-05T11:00,23.9,43,1014.7,0.0,14.2
2025-06-05T12:00,25.5,30,1013.6,0.0,17.1
2025-06-05T13:00,26.4,27,1012.1,0.0,17.6
2025-06-05T14:00,27.6,29,1010.7,0.0,17.3
2025-06-05T15:00,27.6,29,1009.9,0.0,18.3
2025-06-05T16:00,27.7,27,1009.1,0.0,18.6
2025-06-05T17:00,26.4,32,1009.3,0.0,22.2
2025-06-05T18:00,23.9,42,1010.4,0.0,23.8
2025-06-05T19:00,21.6,55,1012.3,0.0,19.7
2025-06-05T20:00,19.1,68,1013.9,0.0,17.6
2025-06-05T21:00,17.9,75,1015.4,0.0,14.6
2025-06-05T22:00,17.0,81,1016.9,0.0,14.2
2025-06-05T23:00,16.4,86,1017.9,0.0,13.0
2025-06-06T00:00,15.8,92,1018.1,0.0,11.9
2025-06-06T01:00,15.4,95,1017.8,0.0,10.3
2025-06-06T02:00,15.1,96,1017.7,0.0,10.6
2025-06-06T03:00,14.6,97,1017.6,0.0,10.8
2025-06-06T04:00,14.4,98,1017.4,0.0,11.6
2025-06-06T05:00,14.1,99,1017.6,0.0,11.7
2025-06-06T06:00,13.8,99,1018.0,0.0,11.2
2025-06-06T07:00,14.7,98,1018.8,0.0,10.4
2025-06-06T08:00,16.5,84,1018.8,0.0,13.6
2025-06-06T09:00,19.4,65,1018.0,0.0,14.9
2025-06-06T10:00,21.5,54,1017.1,0.0,15.5
2025-06-06T11:00,23.3,45,1016.3,0.0,16.8
2025-06-06T12:00,24.7,37,1014.9,0.0,16.8
2025-06-06T13:00,26.0,33,1013.5,0.0,17.5
2025-06-06T14:00,26.7,31,1012.1,0.0,19.8
2025-06-06T15:00,27.6,28,1010.4,0.0,17.6
2025-06-06T16:00,27.5,28,1009.2,0.0,19.3
2025-06-06T17:00,25.5,33,1009.5,0.0,19.7
2025-06-06T18:00,23.5,42,1010.7,0.0,23.4
2025-06-06T19:00,22.0,48,1012.5,0.0,20.1
2025-06-06T20:00,19.8,58,1014.2,0.0,19.4
2025-06-06T21:00,18.1,71,1016.0,0.0,16.2
2025-06-06T22:00,17.2,79,1017.6,0.0,14.4
2025-06-06T23:00,16.4,86,1018.5,0.0,13.6
2025-06-07T00:00,15.6,93,1018.5,0.0,12.6
2025-06-07T01:00,15.2,96,1018.0,0.0,11.4
2025-06-07T02:00,14.9,97,1017.5,0.0,10.3
2025-06-07T03:00,15.1,97,1017.2,0.0,10.1
2025-06-07T04:00,15.4,94,1017.0,0.0,10.8
2025-06-07T05:00,14.6,98,1017.4,0.0,10.3
2025-06-07T06:00,14.6,98,1018.0,0.0,9.3
2025-06-07T07:00,16.1,91,1018.0,0.1,12.1
2025-06-07T08:00,17.8,80,1018.6,0.1,14.1
2025-06-07T09:00,19.9,67,1017.9,0.0,13.5
2025-06-07T10:00,22.2,54,1017.0,0.0,13.1
2025-06-07T11:00,24.1,46,1015.9,0.0,13.2
2025-06-07T12:00,26.0,38,1014.3,0.0,12.8
2025-06-07T13:00,27.7,30,1012.6,0.0,13.2
2025-06-07T14:00,28.9,24,1010.9,0.0,14.5
2025-06-07T15:00,29.5,22,1009.6,0.0,15.5
2025-06-07T16:00,29.2,24,1008.8,0.0,16.3
2025-06-07T17:00,28.2,27,1008.9,0.0,19.3
2025-06-07T18:00,26.1,33,1009.9,0.0,21.9
2025-06-07T19:00,23.5,43,1011.8,0.0,20.6
2025-06-07T20:00,21.0,52,1014.1,0.0,19.3
2025-06-07T21:00,19.3,62,1015.9,0.0,15.8
2025-06-07T22:00,18.1,70,1017.3,0.0,13.9
2025-06-07T23:00,17.0,79,1018.1,0.0,10.2
2025-06-08T00:00,15.9,86,1017.9,0.0,7.4
2025-06-08T01:00,15.0,92,1017.7,0.0,5.7
2025-06-08T02:00,14.4,95,1017.3,0.0,4.6
2025-06-08T03:00,13.9,96,1016.8,0.0,4.7
2025-06-08T04:00,13.6,97,1016.7,0.0,5.0
2025-06-08T05:00,13.4,98,1017.0,0.0,5.4
2025-06-08T06:00,12.9,99,1017.6,0.0,5.0
2025-06-08T07:00,14.6,94,1017.7,0.0,7.7
2025-06-08T08:00,17.8,79,1018.1,0.0,11.0
2025-06-08T09:00,20.2,67,1017.3,0.0,12.9
2025-06-08T10:00,22.5,56,1016.2,0.0,10.5
2025-06-08T11:00,25.0,45,1014.7,0.0,10.3
2025-06-08T12:00,27.2,35,1013.0,0.0,12.1
2025-06-08T13:00,29.0,25,1011.3,0.0,13.7
2025-06-08T14:00,30.3,19,1009.7,0.0,14.8
2025-06-08T15:00,30.9,16,1008.4,0.0,14.6
2025-06-08T16:00,30.7,18,1007.5,0.0,14.6
2025-06-08T17:00,29.6,24,1007.3,0.0,17.4
2025-06-08T18:00,27.5,29,1008.2,0.0,21.0
2025-06-08T19:00,25.5,33,1010.0,0.0,18.6
2025-06-08T20:00,23.0,47,1011.9,0.0,17.1
2025-06-08T21:00,21.4,56,1013.4,0.0,14.1
2025-06-08T22:00,20.0,64,1015.3,0.0,6.7
2025-06-08T23:00,18.6,72,1016.4,0.0,5.1
2025-06-09T00:00,17.5,79,1016.4,0.0,4.9
2025-06-09T01:00,16.5,84,1016.0,0.0,4.0
2025-06-09T02:00,16.1,87,1016.0,0.0,2.7
2025-06-09T03:00,15.7,89,1015.8,0.0,1.0
2025-06-09T04:00,14.9,93,1015.9,0.0,1.1
2025-06-09T05:00,14.2,96,1016.2,0.0,4.3
2025-06-09T06:00,14.1,97,1016.7,0.0,4.5
2025-06-09T07:00,16.6,88,1017.5,0.0,5.6
2025-06-09T08:00,20.0,71,1017.3,0.0,8.0
2025-06-09T09:00,22.8,57,1016.3,0.0,14.0
2025-06-09T10:00,25.2,46,1015.3,0.0,13.7
2025-06-09T11:00,26.5,40,1014.5,0.0,13.5
2025-06-09T12:00,27.9,34,1013.6,0.0,12.5
2025-06-09T13:00,29.5,27,1012.0,0.0,9.0
2025-06-09T14:00,30.0,26,1010.8,0.0,7.8
2025-06-09T15:00,30.6,26,1009.6,0.0,5.8
2025-06-09T16:00,30.3,26,1008.5,0.0,2.6
2025-06-09T17:00,30.1,24,1007.8,0.0,4.5
2025-06-09T18:00,29.3,23,1008.2,0.0,7.2
2025-06-09T19:00,25.6,37,1009.8,0.0,4.3
2025-06-09T20:00,24.1,38,1012.0,0.0,18.0
2025-06-09T21:00,21.9,57,1014.1,0.0,13.2
2025-06-09T22:00,20.0,69,1015.3,0.0,4.8
2025-06-09T23:00,19.4,73,1016.4,0.0,2.5
2025-06-10T00:00,18.2,80,1016.7,0.0,3.7
2025-06-10T01:00,17.8,83,1016.6,0.0,1.5
2025-06-10T02:00,17.1,86,1016.3,0.0,0.9
2025-06-10T03:00,16.2,90,1016.2,0.0,0.9
2025-06-10T04:00,15.7,92,1016.6,0.0,0.2
2025-06-10T05:00,15.1,94,1017.1,0.0,0.4
2025-06-10T06:00,14.6,96,1017.6,0.0,0.3
2025-06-10T07:00,16.0,95,1018.5,0.0,1.9
2025-06-10T08:00,18.9,81,1018.6,0.0,2.6
2025-06-10T09:00,21.6,64,1018.0,0.0,2.2
2025-06-10T10:00,23.6,52,1017.2,0.0,4.5
2025-06-10T11:00,25.5,42,1015.9,0.0,6.1
2025-06-10T12:00,27.3,33,1014.4,0.0,8.3
2025-06-10T13:00,28.8,28,1012.7,0.0,8.6
2025-06-10T14:00,30.0,24,1011.0,0.0,9.4
2025-06-10T15:00,30.5,21,1009.4,0.0,12.3
2025-06-10T16:00,30.6,19,1008.3,0.0,15.7
2025-06-10T17:00,29.3,22,1007.9,0.0,17.7
2025-06-10T18:00,28.4,24,1008.4,0.0,15.7
2025-06-10T19:00,25.2,37,1011.1,0.0,21.7
2025-06-10T20:00,22.5,54,1013.5,0.0,20.3
2025-06-10T21:00,21.0,61,1014.7,0.0,17.1
2025-06-10T22:00,19.4,71,1016.6,0.0,10.8
2025-06-10T23:00,17.8,80,1018.4,0.3,2.3
2025-06-11T00:00,17.4,85,1018.6,0.6,1.2
2025-06-11T01:00,17.0,88,1018.4,0.0,9.1
2025-06-11T02:00,16.2,94,1018.0,0.0,8.7
2025-06-11T03:00,15.9,94,1018.0,0.0,8.3
2025-06-11T04:00,15.6,95,1017.6,0.0,4.8
2025-06-11T05:00,15.0,97,1017.7,0.0,3.0
2025-06-11T06:00,14.9,98,1018.3,0.0,4.0
2025-06-11T07:00,16.4,95,1018.4,0.0,2.4
2025-06-11T08:00,18.5,81,1018.3,0.0,6.0
2025-06-11T09:00,20.2,69,1018.0,0.0,5.6
2025-06-11T10:00,22.3,60,1017.2,0.1,3.5
2025-06-11T11:00,24.2,52,1016.3,0.0,2.8
2025-06-11T12:00,26.0,45,1015.0,0.0,3.0
2025-06-11T13:00,27.0,41,1013.4,0.0,3.5
2025-06-11T14:00,27.5,38,1011.5,0.0,6.6
2025-06-11T15:00,27.8,36,1010.4,0.0,9.1
2025-06-11T16:00,20.0,76,1014.4,10.4,18.4
2025-06-11T17:00,20.6,71,1013.6,1.2,7.6
2025-06-11T18:00,20.0,71,1014.7,1.4,11.8
2025-06-11T19:00,18.5,78,1016.2,0.1,9.7
2025-06-11T20:00,17.5,85,1016.8,0.0,4.2
2025-06-11T21:00,16.7,89,1017.3,0.0,4.8
2025-06-11T22:00,16.5,91,1018.0,0.0,4.1
2025-06-11T23:00,15.8,94,1018.4,0.0,4.7
2025-06-12T00:00,15.4,95,1018.0,0.0,4.7
2025-06-12T01:00,15.0,96,1017.4,0.0,1.9
2025-06-12T02:00,14.8,96,1017.1,0.0,1.2
2025-06-12T03:00,14.6,97,1016.9,0.0,1.3
2025-06-12T04:00,14.4,97,1016.7,0.0,2.0
2025-06-12T05:00,14.1,97,1016.8,0.0,4.1
2025-06-12T06:00,13.8,98,1017.0,0.0,4.0
2025-06-12T07:00,15.4,95,1017.5,0.0,5.3
2025-06-12T08:00,17.6,82,1017.5,0.0,8.3
2025-06-12T09:00,19.5,71,1017.2,0.0,9.2
2025-06-12T10:00,21.3,61,1016.5,0.0,9.7
2025-06-12T11:00,22.8,55,1015.2,0.1,8.4
2025-06-12T12:00,24.1,49,1013.8,0.0,7.8
2025-06-12T13:00,25.4,44,1012.3,0.0,8.1
2025-06-12T14:00,26.5,41,1010.6,0.0,9.7
2025-06-12T15:00,26.9,40,1009.3,0.0,10.3
2025-06-12T16:00,26.8,37,1008.4,0.1,17.7
2025-06-12T17:00,24.1,49,1009.8,0.1,12.1
2025-06-12T18:00,20.0,75,1012.5,1.9,9.7
2025-06-12T19:00,20.6,63,1012.9,0.0,8.8
2025-06-12T20:00,16.4,89,1016.0,3.3,15.1
2025-06-12T21:00,16.6,91,1016.6,0.3,2.6
2025-06-12T22:00,16.5,96,1017.0,0.5,5.0
2025-06-12T23:00,16.5,94,1017.1,0.2,2.4
2025-06-13T00:00,16.0,95,1016.6,0.0,0.8
2025-06-13T01:00,15.6,95,1015.8,0.0,0.8
2025-06-13T02:00,15.4,95,1015.5,0.0,1.1
2025-06-13T03:00,15.2,95,1015.3,0.0,3.3
2025-06-13T04:00,14.9,95,1015.3,0.0,4.0
2025-06-13T05:00,14.6,96,1015.7,0.0,4.0
2025-06-13T06:00,15.2,97,1016.1,0.0,6.1
2025-06-13T07:00,16.3,95,1016.4,0.0,7.4
2025-06-13T08:00,17.8,85,1016.8,0.0,11.0
2025-06-13T09:00,19.8,73,1016.6,0.0,11.6
2025-06-13T10:00,20.5,67,1016.2,0.0,13.5
2025-06-13T11:00,21.7,62,1015.4,0.0,12.1
2025-06-13T12:00,23.7,54,1014.0,0.0,11.3
2025-06-13T13:00,25.0,49,1012.2,0.0,10.9
2025-06-13T14:00,26.0,46,1010.6,0.0,8.9
2025-06-13T15:00,23.5,56,1011.2,0.5,23.8
2025-06-13T16:00,20.8,72,1012.5,2.1,19.8
2025-06-13T17:00,18.0,90,1013.7,2.7,13.2
2025-06-13T18:00,17.5,94,1013.8,1.2,10.5
2025-06-13T19:00,18.6,80,1014.3,0.7,12.3
2025-06-13T20:00,18.0,82,1015.4,0.2,11.4
2025-06-13T21:00,17.0,94,1016.1,1.1,9.9
2025-06-13T22:00,16.6,94,1016.7,0.4,10.9
2025-06-13T23:00,16.1,95,1017.3,0.5,12.6
2025-06-14T00:00,15.8,95,1017.5,0.5,12.7
2025-06-14T01:00,15.6,96,1017.3,0.5,14.1
2025-06-14T02:00,15.4,97,1016.5,0.2,11.3
2025-06-14T03:00,15.4,97,1016.4,0.1,11.5
2025-06-14T04:00,15.4,97,1016.1,0.0,11.9
2025-06-14T05:00,15.2,97,1016.4,0.0,11.5
2025-06-14T06:00,14.9,97,1017.0,0.0,10.7
2025-06-14T07:00,16.1,95,1017.5,0.0,12.6
2025-06-14T08:00,17.9,84,1017.8,0.0,18.0
2025-06-14T09:00,19.5,74,1017.3,0.0,16.0
2025-06-14T10:00,20.9,65,1016.7,0.0,14.5
2025-06-14T11:00,21.6,59,1016.4,0.0,14.4
2025-06-14T12:00,21.2,60,1016.2,0.0,12.6
2025-06-14T13:00,22.2,56,1015.5,0.0,8.1
2025-06-14T14:00,24.2,52,1014.0,0.0,3.6
2025-06-14T15:00,23.0,60,1014.0,3.6,14.7
2025-06-14T16:00,18.8,89,1014.4,5.1,5.0
2025-06-14T17:00,19.8,81,1015.3,0.1,6.0
2025-06-14T18:00,18.6,79,1016.0,0.0,4.0
2025-06-14T19:00,17.3,91,1017.6,0.3,9.1
2025-06-14T20:00,16.5,97,1018.2,0.6,5.5
2025-06-14T21:00,16.4,96,1019.2,0.5,7.9
2025-06-14T22:00,16.4,97,1019.9,0.4,6.3
2025-06-14T23:00,15.9,97,1020.7,0.3,3.6
2025-06-15T00:00,15.8,97,1020.1,0.2,4.1
2025-06-15T01:00,15.8,97,1019.3,0.5,2.2
2025-06-15T02:00,15.6,98,1018.4,0.5,2.6
2025-06-15T03:00,15.1,98,1017.9,0.1,3.4
2025-06-15T04:00,15.1,98,1017.9,0.0,4.6
2025-06-15T05:00,15.1,98,1018.4,0.0,5.4
2025-06-15T06:00,15.1,97,1018.6,0.1,7.1
2025-06-15T07:00,15.3,98,1019.4,0.2,6.9
2025-06-15T08:00,16.1,91,1019.6,0.2,9.3
2025-06-15T09:00,17.2,85,1019.8,0.4,9.0
2025-06-15T10:00,16.9,87,1019.8,0.8,8.4
2025-06-15T11:00,18.2,79,1019.2,0.8,8.0
2025-06-15T12:00,20.6,65,1018.0,0.1,7.4
2025-06-15T13:00,20.3,66,1017.2,0.1,6.4
2025-06-15T14:00,18.6,76,1017.2,0.6,6.3
2025-06-15T15:00,19.2,75,1016.5,1.3,6.3
2025-06-15T16:00,19.2,74,1016.1,2.6,9.5
2025-06-15T17:00,19.4,75,1015.8,0.5,10.0
2025-06-15T18:00,17.9,83,1016.3,0.0,10.5
2025-06-15T19:00,16.9,90,1017.6,0.3,6.3
2025-06-15T20:00,15.9,95,1018.0,0.0,5.7
2025-06-15T21:00,15.9,93,1018.6,0.0,4.8
2025-06-15T22:00,15.3,94,1019.9,1.7,8.4
2025-06-15T23:00,15.2,97,1019.4,0.7,5.2
2025-06-16T00:00,15.3,95,1019.3,0.1,1.8
2025-06-16T01:00,15.4,96,1018.9,0.0,0.5
2025-06-16T02:00,15.4,97,1018.5,0.1,1.7
2025-06-16T03:00,15.2,95,1018.4,1.0,2.7
2025-06-16T04:00,15.2,94,1018.6,0.1,4.2
2025-06-16T05:00,14.2,97,1019.2,3.7,3.9
2025-06-16T06:00,14.2,98,1019.1,0.4,4.3
2025-06-16T07:00,14.9,97,1019.0,0.0,2.3
2025-06-16T08:00,16.6,89,1018.8,0.0,1.6
2025-06-16T09:00,18.5,80,1018.5,0.0,0.8
2025-06-16T10:00,20.0,73,1017.6,0.1,4.7
2025-06-16T11:00,21.0,67,1016.5,0.1,7.3
2025-06-16T12:00,22.7,58,1015.4,0.1,9.9
2025-06-16T13:00,19.4,74,1016.0,4.4,10.8
2025-06-16T14:00,20.0,67,1015.5,0.1,11.9
2025-06-16T15:00,20.7,69,1014.4,2.3,18.6
2025-06-16T16:00,20.4,69,1013.9,1.3,11.8
2025-06-16T17:00,20.0,68,1013.9,0.2,17.3
2025-06-16T18:00,18.7,75,1014.1,0.1,11.8
2025-06-16T19:00,18.0,77,1015.9,0.0,8.1
2025-06-16T20:00,16.8,85,1016.5,0.1,8.8
2025-06-16T21:00,16.0,90,1017.1,0.0,9.7
2025-06-16T22:00,15.4,93,1017.9,0.0,5.1
2025-06-16T23:00,14.9,95,1018.0,0.0,4.3
2025-06-17T00:00,14.9,95,1017.9,0.0,5.0
2025-06-17T01:00,14.5,96,1017.5,0.0,5.4
2025-06-17T02:00,14.1,97,1017.1,0.0,4.2
2025-06-17T03:00,13.7,98,1017.0,0.0,4.5
2025-06-17T04:00,14.0,97,1016.9,0.0,6.0
2025-06-17T05:00,14.2,95,1017.1,0.0,6.8
2025-06-17T06:00,14.6,91,1017.7,0.0,7.2
2025-06-17T07:00,14.6,95,1017.7,0.0,7.1
2025-06-17T08:00,16.2,84,1018.0,0.0,11.4
2025-06-17T09:00,18.0,74,1017.3,0.2,11.4
2025-06-17T10:00,19.0,70,1016.7,0.1,12.3
2025-06-17T11:00,20.8,66,1015.5,0.0,11.5
2025-06-17T12:00,22.4,62,1014.2,0.0,11.8
2025-06-17T13:00,23.0,62,1012.8,0.0,12.6
2025-06-17T14:00,21.5,65,1013.0,0.7,21.5
2025-06-17T15:00,20.9,68,1013.0,2.0,17.0
2025-06-17T16:00,21.0,66,1012.3,0.2,16.7
2025-06-17T17:00,20.4,66,1012.1,0.1,19.0
2025-06-17T18:00,19.7,71,1012.1,0.1,15.0
2025-06-17T19:00,18.5,77,1013.5,0.0,14.4
2025-06-17T20:00,16.9,85,1015.0,0.0,14.2
2025-06-17T21:00,15.9,90,1015.9,0.0,12.5
2025-06-17T22:00,15.2,93,1016.8,0.0,11.0
2025-06-17T23:00,14.6,96,1017.5,0.0,10.7
2025-06-18T00:00,14.2,98,1017.3,0.0,9.9
2025-06-18T01:00,14.3,98,1017.1,0.0,9.5
2025-06-18T02:00,14.4,97,1016.4,0.0,10.3
2025-06-18T03:00,14.5,97,1016.0,0.0,10.1
2025-06-18T04:00,14.6,95,1016.2,0.1,10.0
2025-06-18T05:00,14.8,94,1016.3,0.1,9.6
2025-06-18T06:00,14.6,95,1016.4,0.0,8.5
2025-06-18T07:00,15.6,91,1016.6,0.0,10.1
2025-06-18T08:00,17.1,83,1016.5,0.0,13.8
2025-06-18T09:00,18.5,75,1016.2,0.2,15.3
2025-06-18T10:00,19.5,70,1015.7,0.4,18.2
2025-06-18T11:00,21.2,66,1014.9,0.2,17.1
2025-06-18T12:00,22.2,63,1013.7,0.1,20.4
2025-06-18T13:00,19.5,74,1014.3,1.2,23.6
2025-06-18T14:00,21.4,64,1012.8,0.2,24.4
2025-06-18T15:00,21.2,64,1012.2,0.1,23.8
2025-06-18T16:00,21.0,62,1011.5,0.1,23.2
2025-06-18T17:00,19.7,68,1012.2,0.1,21.2
2025-06-18T18:00,18.9,71,1012.7,0.0,19.2
2025-06-18T19:00,17.5,74,1014.0,0.0,20.6
2025-06-18T20:00,16.2,83,1015.6,0.0,14.9
2025-06-18T21:00,16.0,87,1016.4,0.0,13.5
2025-06-18T22:00,15.4,91,1017.2,0.0,15.3
2025-06-18T23:00,15.0,94,1017.5,0.0,15.0
2025-06-19T00:00,14.9,94,1017.3,0.0,15.8
2025-06-19T01:00,14.9,94,1016.7,0.0,15.7
2025-06-19T02:00,14.8,95,1016.3,0.1,13.8
2025-06-19T03:00,14.8,95,1016.2,0.1,13.8
2025-06-19T04:00,14.8,95,1015.5,0.1,13.0
2025-06-19T05:00,14.8,96,1015.2,0.1,12.6
2025-06-19T06:00,14.9,95,1016.4,0.1,12.8
2025-06-19T07:00,15.5,95,1016.4,0.1,12.7
2025-06-19T08:00,16.7,88,1016.7,0.0,16.4
2025-06-19T09:00,17.9,80,1016.6,0.0,19.3
2025-06-19T10:00,18.9,74,1016.0,0.2,16.7
2025-06-19T11:00,19.8,69,1015.5,0.2,18.5
2025-06-19T12:00,21.2,65,1014.7,0.4,19.3
2025-06-19T13:00,22.6,57,1013.0,0.0,20.1
2025-06-19T14:00,19.1,76,1014.0,10.5,20.7
2025-06-19T15:00,18.0,85,1014.2,3.3,14.4
2025-06-19T16:00,20.0,74,1012.8,0.1,19.3
2025-06-19T17:00,19.2,74,1012.8,0.2,18.7
2025-06-19T18:00,18.1,78,1014.5,0.7,18.3
2025-06-19T19:00,17.7,80,1015.1,0.1,16.3
2025-06-19T20:00,16.5,87,1016.7,0.2,15.0
2025-06-19T21:00,16.1,92,1017.4,0.6,13.3
2025-06-19T22:00,15.9,95,1017.9,0.2,11.4
2025-06-19T23:00,15.5,94,1018.0,0.2,12.0
2025-06-20T00:00,15.4,96,1018.0,0.1,10.4
2025-06-20T01:00,15.2,98,1017.9,0.1,8.8
2025-06-20T02:00,15.1,98,1017.4,0.2,7.0
2025-06-20T03:00,15.1,98,1016.6,0.9,7.7
2025-06-20T04:00,14.9,98,1016.7,1.5,5.1
2025-06-20T05:00,14.8,98,1016.8,0.2,3.1
2025-06-20T06:00,14.6,98,1017.3,0.0,3.3
2025-06-20T07:00,15.2,96,1017.4,0.0,3.8
2025-06-20T08:00,16.4,91,1018.1,0.0,4.5
2025-06-20T09:00,17.6,82,1018.0,0.0,5.1
2025-06-20T10:00,18.2,78,1017.9,0.1,2.5
2025-06-20T11:00,18.6,76,1017.8,0.0,2.4
2025-06-20T12:00,19.6,72,1016.9,0.1,5.5
2025-06-20T13:00,20.1,69,1015.3,0.0,4.7
2025-06-20T14:00,21.0,65,1014.3,0.0,7.4
2025-06-20T15:00,21.9,61,1013.5,0.2,9.7
2025-06-20T16:00,22.1,59,1012.9,0.0,6.9
2025-06-20T17:00,20.3,69,1013.8,2.6,5.6
2025-06-20T18:00,16.9,93,1015.9,2.6,6.3
2025-06-20T19:00,17.9,78,1015.9,0.2,5.8
2025-06-20T20:00,16.1,90,1017.7,0.6,5.6
2025-06-20T21:00,15.5,97,1018.3,1.8,5.2
2025-06-20T22:00,15.6,97,1018.1,0.9,5.8
2025-06-20T23:00,15.6,98,1018.4,0.2,4.4
2025-06-21T00:00,15.5,98,1018.4,0.2,2.5
2025-06-21T01:00,15.4,95,1017.7,0.1,3.8
2025-06-21T02:00,15.4,96,1017.1,0.1,4.9
2025-06-21T03:00,15.0,97,1016.6,0.0,4.9
2025-06-21T04:00,14.8,97,1016.7,0.0,4.1
2025-06-21T05:00,15.1,96,1017.1,0.1,4.7
2025-06-21T06:00,15.1,97,1017.5,0.1,4.7
2025-06-21T07:00,15.3,96,1017.8,0.0,9.6
2025-06-21T08:00,15.9,92,1018.1,0.1,11.4
2025-06-21T09:00,17.4,82,1017.8,0.0,14.3
2025-06-21T10:00,18.9,72,1017.2,0.2,16.9
2025-06-21T11:00,19.8,72,1016.7,0.1,15.9
2025-06-21T12:00,21.5,62,1014.9,0.0,16.5
2025-06-21T13:00,19.8,75,1015.9,4.6,17.5
2025-06-21T14:00,16.9,93,1015.7,2.5,10.8
2025-06-21T15:00,20.5,75,1013.8,0.4,7.6
2025-06-21T16:00,19.8,74,1013.2,1.0,8.8
2025-06-21T17:00,17.7,86,1014.5,3.2,12.1
2025-06-21T18:00,17.1,91,1014.0,1.6,1.2
2025-06-21T19:00,17.0,91,1015.7,0.4,4.4
2025-06-21T20:00,16.2,97,1016.4,0.2,2.3
2025-06-21T21:00,15.8,95,1017.6,1.3,6.3
2025-06-21T22:00,15.2,97,1018.6,0.8,9.2
2025-06-21T23:00,14.9,97,1018.7,0.2,6.3
2025-06-22T00:00,14.8,96,1018.7,0.1,2.7
2025-06-22T01:00,14.4,97,1018.4,1.3,1.8
2025-06-22T02:00,14.3,98,1017.4,0.2,0.5
2025-06-22T03:00,14.4,98,1016.9,0.1,0.4
2025-06-22T04:00,14.6,99,1017.2,0.2,0.6
2025-06-22T05:00,14.6,98,1017.3,0.1,2.9
2025-06-22T06:00,14.8,99,1018.0,0.2,1.8
2025-06-22T07:00,15.1,96,1018.0,2.3,5.8
2025-06-22T08:00,15.2,96,1018.8,2.3,5.6
2025-06-22T09:00,15.4,94,1019.3,2.9,5.8
2025-06-22T10:00,15.8,93,1019.4,3.0,4.5
2025-06-22T11:00,16.5,90,1019.0,1.1,0.8
2025-06-22T12:00,18.6,79,1017.8,0.2,5.0
2025-06-22T13:00,18.5,78,1017.1,3.2,10.3
2025-06-22T14:00,17.6,84,1017.3,5.7,10.0
2025-06-22T15:00,18.1,86,1016.1,0.6,7.8
2025-06-22T16:00,20.0,77,1014.9,0.3,8.3
2025-06-22T17:00,20.2,72,1013.8,0.2,9.9
2025-06-22T18:00,18.5,80,1014.5,0.6,12.4
2025-06-22T19:00,16.8,91,1016.8,1.1,4.4
2025-06-22T20:00,15.6,95,1017.6,0.5,4.0
2025-06-22T21:00,15.6,97,1018.5,0.6,5.8
2025-06-22T22:00,15.4,97,1019.2,0.3,4.9
2025-06-22T23:00,15.5,94,1019.7,0.6,6.9
2025-06-23T00:00,15.1,96,1019.6,0.1,8.4
2025-06-23T01:00,14.8,98,1019.4,0.1,6.7
2025-06-23T02:00,14.6,98,1018.7,0.0,7.2
2025-06-23T03:00,14.4,98,1018.1,0.0,8.0
2025-06-23T04:00,14.3,99,1018.4,0.0,8.7
2025-06-23T05:00,14.2,98,1018.7,0.0,9.5
2025-06-23T06:00,14.2,98,1019.0,0.0,7.9
2025-06-23T07:00,14.8,97,1019.2,0.0,11.0
2025-06-23T08:00,15.2,94,1019.7,0.1,12.3
2025-06-23T09:00,16.0,90,1019.9,0.0,12.3
2025-06-23T10:00,17.6,82,1019.4,0.0,13.1
2025-06-23T11:00,19.8,68,1018.4,0.3,21.1
2025-06-23T12:00,18.7,72,1018.3,0.1,19.3
2025-06-23T13:00,20.1,64,1017.0,0.0,23.8
2025-06-23T14:00,19.8,69,1016.3,0.1,21.6
2025-06-23T15:00,20.7,64,1015.1,0.0,22.9
2025-06-23T16:00,19.7,63,1014.8,0.0,24.2
2025-06-23T17:00,19.1,66,1014.9,0.0,21.5
2025-06-23T18:00,18.5,69,1015.5,0.0,18.5
2025-06-23T19:00,17.3,78,1017.0,0.0,19.0
2025-06-23T20:00,15.1,89,1019.1,0.0,18.0
2025-06-23T21:00,14.4,91,1020.3,0.0,16.1
2025-06-23T22:00,13.8,93,1021.1,0.0,13.1
2025-06-23T23:00,13.6,93,1022.2,0.0,12.2
2025-06-24T00:00,13.0,96,1021.6,0.0,11.0
2025-06-24T01:00,12.6,96,1021.3,0.0,11.1
2025-06-24T02:00,12.4,96,1021.0,0.0,11.1
2025-06-24T03:00,12.4,96,1020.9,0.0,12.4
2025-06-24T04:00,12.3,96,1020.8,0.0,12.1
2025-06-24T05:00,12.7,95,1020.7,0.0,13.5
2025-06-24T06:00,12.8,94,1021.2,0.0,14.1
2025-06-24T07:00,13.6,90,1021.6,0.0,18.3
2025-06-24T08:00,14.8,84,1022.0,0.0,20.3
2025-06-24T09:00,16.2,77,1021.9,0.1,20.0
2025-06-24T10:00,17.2,74,1021.6,0.2,19.1
2025-06-24T11:00,18.8,69,1021.0,0.1,18.4
2025-06-24T12:00,19.5,67,1019.9,0.0,18.9
2025-06-24T13:00,20.8,63,1018.6,0.0,19.4
2025-06-24T14:00,22.1,59,1017.0,0.0,19.1
2025-06-24T15:00,20.9,64,1016.4,0.0,15.3
2025-06-24T16:00,20.0,69,1016.2,1.1,19.3
2025-06-24T17:00,17.6,80,1017.6,1.7,12.7
2025-06-24T18:00,17.0,75,1017.9,0.4,11.7
2025-06-24T19:00,15.7,90,1019.2,0.1,7.3
2025-06-24T20:00,14.2,96,1020.0,0.0,4.4
2025-06-24T21:00,13.7,97,1020.9,0.0,5.6
2025-06-24T22:00,13.5,95,1021.8,0.0,9.2
2025-06-24T23:00,12.8,97,1022.3,0.0,7.9
2025-06-25T00:00,12.6,98,1022.6,0.0,8.9
2025-06-25T01:00,12.6,99,1022.3,0.0,8.6
2025-06-25T02:00,12.4,99,1021.9,0.0,8.0
2025-06-25T03:00,12.6,99,1021.3,0.0,9.4
2025-06-25T04:00,12.9,97,1021.1,0.0,10.8
2025-06-25T05:00,12.9,98,1020.9,0.0,9.1
2025-06-25T06:00,12.1,99,1021.2,0.0,7.8
2025-06-25T07:00,13.4,95,1021.8,0.0,11.4
2025-06-25T08:00,15.1,84,1021.5,0.1,13.9
2025-06-25T09:00,16.5,77,1021.0,0.1,14.4
2025-06-25T10:00,17.5,72,1020.6,0.1,13.9
2025-06-25T11:00,18.7,65,1019.8,0.1,14.1
2025-06-25T12:00,19.8,64,1018.8,0.1,14.6
2025-06-25T13:00,21.1,61,1017.4,0.1,14.6
2025-06-25T14:00,21.6,61,1015.9,0.1,15.1
2025-06-25T15:00,19.4,70,1016.3,2.2,13.1
2025-06-25T16:00,19.0,64,1015.8,0.2,17.4
2025-06-25T17:00,18.1,76,1016.5,0.9,13.3
2025-06-25T18:00,17.2,79,1016.9,0.1,14.4
2025-06-25T19:00,16.5,80,1017.6,0.4,12.4
2025-06-25T20:00,14.6,92,1019.5,0.6,11.5
2025-06-25T21:00,14.1,96,1020.2,0.1,7.9
2025-06-25T22:00,14.1,95,1020.5,0.0,6.6
2025-06-25T23:00,13.6,97,1020.9,0.0,8.0
2025-06-26T00:00,12.6,98,1020.8,0.0,5.6
2025-06-26T01:00,12.4,99,1020.6,0.0,6.9
2025-06-26T02:00,12.3,99,1020.0,0.0,6.9
2025-06-26T03:00,12.1,99,1019.5,0.0,7.0
2025-06-26T04:00,12.2,99,1019.3,0.0,7.4
2025-06-26T05:00,12.4,97,1019.2,0.0,8.1
2025-06-26T06:00,12.1,97,1019.6,0.0,8.9
2025-06-26T07:00,12.9,96,1020.4,0.0,10.8
2025-06-26T08:00,14.6,86,1020.2,0.1,13.3
2025-06-26T09:00,16.4,76,1019.7,0.0,12.6
2025-06-26T10:00,17.8,70,1018.9,0.0,11.9
2025-06-26T11:00,18.9,65,1018.1,0.0,11.2
2025-06-26T12:00,20.3,60,1017.1,0.0,12.2
2025-06-26T13:00,21.5,57,1015.8,0.0,13.0
2025-06-26T14:00,20.9,61,1015.4,0.5,17.7
2025-06-26T15:00,21.3,63,1014.3,0.5,17.0
2025-06-26T16:00,20.7,62,1014.0,0.2,16.1
2025-06-26T17:00,20.1,63,1014.0,0.1,18.6
2025-06-26T18:00,19.4,66,1014.3,0.0,15.7
2025-06-26T19:00,16.0,88,1017.7,0.0,10.5
2025-06-26T20:00,15.2,93,1018.1,0.2,8.3
2025-06-26T21:00,15.1,93,1018.7,0.1,12.2
2025-06-26T22:00,14.3,96,1019.5,0.0,11.5
2025-06-26T23:00,13.9,97,1020.0,0.0,11.2
2025-06-27T00:00,13.6,97,1020.1,0.0,9.0
2025-06-27T01:00,13.4,98,1020.0,0.0,7.4
2025-06-27T02:00,13.1,99,1019.5,0.0,7.3
2025-06-27T03:00,12.9,99,1019.0,0.0,7.1
2025-06-27T04:00,12.9,99,1019.1,0.0,7.2
2025-06-27T05:00,12.4,99,1019.4,0.0,6.3
2025-06-27T06:00,12.5,99,1019.5,0.0,6.0
2025-06-27T07:00,13.6,97,1020.0,0.0,10.3
2025-06-27T08:00,15.6,85,1020.2,0.0,12.8
2025-06-27T09:00,17.0,78,1019.9,0.0,10.4
2025-06-27T10:00,18.4,71,1019.2,0.0,10.1
2025-06-27T11:00,20.0,64,1018.3,0.0,9.4
2025-06-27T12:00,21.6,60,1017.1,0.0,10.9
2025-06-27T13:00,22.6,59,1016.1,0.0,12.5
2025-06-27T14:00,22.9,58,1014.9,0.1,13.3
2025-06-27T15:00,21.5,64,1014.7,0.0,11.7
2025-06-27T16:00,20.9,63,1014.4,0.4,16.4
2025-06-27T17:00,20.5,68,1014.4,0.0,12.4
2025-06-27T18:00,18.8,78,1015.5,1.1,12.7
2025-06-27T19:00,17.7,79,1017.2,0.4,13.9
2025-06-27T20:00,15.0,97,1019.8,2.8,12.2
2025-06-27T21:00,15.1,96,1019.9,0.0,8.5
2025-06-27T22:00,14.6,97,1020.4,0.0,6.1
2025-06-27T23:00,14.2,98,1020.6,0.0,6.6
2025-06-28T00:00,13.6,99,1020.6,0.0,5.6
2025-06-28T01:00,13.7,99,1020.3,0.0,6.1
2025-06-28T02:00,13.4,99,1020.1,0.0,6.6
2025-06-28T03:00,13.6,99,1019.7,0.0,8.2
2025-06-28T04:00,14.0,98,1019.8,0.0,10.5
2025-06-28T05:00,13.8,98,1019.9,0.0,10.0
2025-06-28T06:00,13.1,99,1020.2,0.0,7.1
2025-06-28T07:00,14.4,97,1020.8,0.0,10.7
2025-06-28T08:00,16.1,86,1020.9,0.0,13.9
2025-06-28T09:00,17.9,76,1020.2,0.1,15.3
2025-06-28T10:00,19.5,67,1019.4,0.0,16.0
2025-06-28T11:00,21.4,59,1018.1,0.0,15.7
2025-06-28T12:00,22.8,54,1016.8,0.0,15.0
2025-06-28T13:00,23.6,52,1015.6,0.0,15.6
2025-06-28T14:00,22.9,56,1015.0,0.4,16.1
2025-06-28T15:00,22.9,60,1013.7,0.8,15.0
2025-06-28T16:00,21.9,64,1013.3,0.0,18.4
2025-06-28T17:00,21.5,62,1013.4,0.0,18.9
2025-06-28T18:00,19.0,80,1014.9,2.1,15.8
2025-06-28T19:00,19.4,68,1015.0,0.0,17.7
2025-06-28T20:00,17.5,78,1016.6,0.0,15.5
2025-06-28T21:00,16.1,85,1017.8,0.0,12.2
2025-06-28T22:00,15.2,90,1018.6,0.0,10.1
2025-06-28T23:00,14.6,94,1019.4,0.0,10.3
2025-06-29T00:00,14.4,96,1019.3,0.0,10.0
2025-06-29T01:00,14.1,97,1019.3,0.0,10.1
2025-06-29T02:00,13.9,98,1019.3,0.0,8.1
2025-06-29T03:00,14.1,98,1018.8,0.0,7.4
2025-06-29T04:00,14.0,99,1018.6,0.0,4.2
2025-06-29T05:00,12.9,100,1018.6,0.0,4.2
2025-06-29T06:00,12.4,100,1018.6,0.0,2.6
2025-06-29T07:00,14.9,98,1018.2,0.0,6.7
2025-06-29T08:00,16.8,87,1018.2,0.0,7.4
2025-06-29T09:00,18.4,78,1017.6,0.1,8.8
2025-06-29T10:00,19.4,71,1017.1,0.1,9.6
2025-06-29T11:00,21.0,67,1016.0,0.0,7.9
2025-06-29T12:00,22.5,63,1014.8,0.0,9.4
2025-06-29T13:00,22.9,62,1013.5,0.0,8.8
2025-06-29T14:00,20.4,72,1014.1,1.0,13.4
2025-06-29T15:00,22.0,64,1012.7,0.1,11.0
2025-06-29T16:00,21.8,63,1012.0,0.1,12.9
2025-06-29T17:00,20.6,68,1011.9,0.1,16.8
2025-06-29T18:00,19.4,78,1012.9,1.4,13.0
2025-06-29T19:00,18.8,78,1013.6,0.0,14.7
2025-06-29T20:00,17.5,78,1015.2,0.2,13.1
2025-06-29T21:00,16.3,87,1016.4,0.2,10.0
2025-06-29T22:00,15.2,94,1017.0,0.0,5.4
2025-06-29T23:00,14.9,96,1017.5,0.0,5.6
2025-06-30T00:00,14.2,97,1017.4,0.0,4.9
2025-06-30T01:00,13.9,98,1017.4,0.0,2.2
2025-06-30T02:00,13.5,100,1017.0,0.0,0.8
2025-06-30T03:00,13.4,100,1016.5,0.0,1.1
2025-06-30T04:00,13.1,100,1016.4,0.0,1.3
2025-06-30T05:00,13.2,100,1016.4,0.0,0.7
2025-06-30T06:00,13.5,99,1016.9,0.0,3.1
2025-06-30T07:00,14.0,99,1016.6,0.0,3.9
2025-06-30T08:00,15.6,92,1017.3,0.0,2.9
2025-06-30T09:00,17.9,80,1016.9,0.0,3.8
2025-06-30T10:00,19.6,71,1016.3,0.1,4.0
2025-06-30T11:00,20.5,68,1016.0,0.0,2.7
2025-06-30T12:00,22.1,64,1014.7,0.0,3.8
2025-06-30T13:00,22.8,62,1013.6,0.0,5.2
2025-06-30T14:00,23.5,60,1012.6,0.2,2.7
2025-06-30T15:00,22.4,62,1011.7,1.2,1.5
2025-06-30T16:00,20.3,73,1012.4,6.4,4.1
2025-06-30T17:00,18.9,79,1013.8,4.1,7.6
2025-06-30T18:00,18.7,84,1014.1,0.6,0.4
2025-06-30T19:00,16.3,95,1016.0,1.2,11.7
2025-06-30T20:00,16.2,95,1016.3,0.8,7.1
2025-06-30T21:00,16.1,94,1016.8,0.2,5.2
2025-06-30T22:00,15.8,96,1017.3,0.0,3.3
2025-06-30T23:00,15.6,95,1018.0,0.1,2.3
2025-07-01T00:00,15.6,98,1017.7,0.0,3.6
2025-07-01T01:00,15.8,98,1017.0,0.0,3.3
2025-07-01T02:00,15.2,99,1016.4,0.0,4.0
2025-07-01T03:00,14.8,99,1016.2,0.0,1.0
2025-07-01T04:00,14.4,100,1016.5,0.0,0.4
2025-07-01T05:00,14.4,100,1017.4,0.0,2.2
2025-07-01T06:00,14.6,99,1018.0,0.0,5.0
2025-07-01T07:00,15.6,97,1018.5,0.0,3.5
2025-07-01T08:00,16.5,94,1018.9,0.0,3.4
2025-07-01T09:00,18.5,81,1019.0,0.0,4.2
2025-07-01T10:00,19.8,72,1018.1,0.1,6.6
2025-07-01T11:00,21.4,67,1016.9,0.1,8.5
2025-07-01T12:00,22.6,63,1015.6,0.0,10.1
2025-07-01T13:00,23.5,59,1014.5,0.0,9.1
2025-07-01T14:00,21.6,68,1013.6,4.0,8.8
2025-07-01T15:00,18.9,81,1014.5,10.3,10.2
2025-07-01T16:00,18.6,85,1014.9,0.6,12.2
2025-07-01T17:00,17.5,89,1015.8,0.1,10.8
2025-07-01T18:00,17.6,89,1016.2,0.1,7.3
2025-07-01T19:00,16.7,94,1017.6,0.8,2.6
2025-07-01T20:00,16.5,96,1018.2,0.3,2.2
2025-07-01T21:00,16.1,98,1018.6,0.1,1.6
2025-07-01T22:00,15.9,99,1019.0,0.1,3.4
2025-07-01T23:00,15.7,99,1019.5,0.1,3.6
2025-07-02T00:00,15.5,98,1019.1,0.0,2.2
2025-07-02T01:00,15.5,97,1018.7,0.0,0.4
2025-07-02T02:00,15.1,99,1018.5,0.0,0.2
2025-07-02T03:00,15.2,98,1018.4,0.0,0.8
2025-07-02T04:00,14.7,100,1019.1,0.0,8.2
2025-07-02T05:00,14.2,100,1019.7,0.0,8.3
2025-07-02T06:00,14.0,99,1020.2,0.0,6.0
2025-07-02T07:00,14.8,97,1019.9,0.1,5.9
2025-07-02T08:00,16.0,93,1020.3,0.0,8.2
2025-07-02T09:00,17.6,84,1020.2,0.1,7.5
2025-07-02T10:00,19.7,74,1019.4,0.1,8.6
2025-07-02T11:00,21.2,68,1018.6,0.0,9.8
2025-07-02T12:00,22.6,62,1017.4,0.0,10.6
2025-07-02T13:00,23.6,57,1016.1,0.0,11.4
2025-07-02T14:00,20.0,74,1017.1,2.2,14.0
2025-07-02T15:00,19.3,76,1017.2,3.4,11.1
2025-07-02T16:00,19.8,76,1016.3,0.8,12.4
2025-07-02T17:00,19.0,81,1016.1,0.2,9.9
2025-07-02T18:00,19.5,73,1016.3,0.3,12.0
2025-07-02T19:00,18.5,85,1016.7,0.0,7.4
2025-07-02T20:00,16.4,92,1017.6,0.0,5.7
2025-07-02T21:00,15.6,93,1018.5,0.0,5.3
2025-07-02T22:00,15.4,94,1019.4,0.0,6.8
2025-07-02T23:00,14.9,95,1019.8,0.0,6.4
2025-07-03T00:00,14.4,97,1019.8,0.0,6.5
2025-07-03T01:00,14.1,98,1019.5,0.0,6.5
2025-07-03T02:00,13.6,100,1019.4,0.0,6.3
2025-07-03T03:00,13.6,100,1019.4,0.0,6.4
2025-07-03T04:00,14.1,99,1019.4,0.0,6.4
2025-07-03T05:00,14.5,98,1019.4,0.0,8.8
2025-07-03T06:00,14.4,98,1019.8,0.0,8.0
2025-07-03T07:00,14.4,99,1019.8,0.0,6.6
2025-07-03T08:00,16.0,91,1020.2,0.0,9.0
2025-07-03T09:00,18.1,79,1019.9,0.1,6.9
2025-07-03T10:00,19.6,71,1019.2,0.0,3.2
2025-07-03T11:00,21.4,65,1018.2,0.1,3.3
2025-07-03T12:00,22.5,63,1017.3,0.1,3.5
2025-07-03T13:00,23.6,59,1016.5,0.0,3.7
2025-07-03T14:00,24.5,55,1015.1,0.0,5.2
2025-07-03T15:00,24.5,50,1013.8,0.0,9.5
2025-07-03T16:00,22.5,61,1014.5,0.1,15.8
2025-07-03T17:00,22.2,61,1014.5,0.0,12.3
2025-07-03T18:00,21.6,61,1014.9,0.1,9.0
2025-07-03T19:00,18.3,80,1016.7,3.8,3.6
2025-07-03T20:00,16.3,98,1018.0,0.4,2.0
2025-07-03T21:00,15.9,93,1018.9,0.0,4.2
2025-07-03T22:00,15.9,93,1020.3,0.0,7.6
2025-07-03T23:00,15.4,97,1021.0,0.0,7.2
2025-07-04T00:00,14.1,98,1021.2,0.0,4.7
2025-07-04T01:00,14.1,98,1021.5,0.2,1.5
2025-07-04T02:00,14.8,99,1020.8,0.3,2.6
2025-07-04T03:00,14.6,99,1020.7,0.0,6.3
2025-07-04T04:00,14.8,98,1020.7,0.0,4.0
2025-07-04T05:00,14.9,97,1021.0,0.0,4.6
2025-07-04T06:00,14.9,98,1021.0,0.0,3.0
2025-07-04T07:00,15.6,94,1021.7,0.0,2.6
2025-07-04T08:00,16.5,84,1022.1,0.0,4.2
2025-07-04T09:00,18.5,74,1021.7,0.0,4.3
2025-07-04T10:00,19.8,67,1020.8,0.0,4.5
2025-07-04T11:00,21.3,62,1019.6,0.0,3.4
2025-07-04T12:00,22.8,56,1018.3,0.0,4.8
2025-07-04T13:00,23.8,53,1017.3,0.0,5.8
2025-07-04T14:00,24.6,51,1016.1,0.0,7.8
2025-07-04T15:00,25.1,47,1015.0,0.0,10.1
2025-07-04T16:00,24.9,45,1014.1,0.0,12.1
2025-07-04T17:00,24.6,46,1013.7,0.0,12.6
2025-07-04T18:00,23.5,54,1013.9,0.0,10.1
2025-07-04T19:00,21.1,60,1014.9,0.0,13.7
2025-07-04T20:00,19.0,67,1016.6,0.0,11.0
2025-07-04T21:00,17.2,79,1018.2,0.0,7.0
2025-07-04T22:00,16.1,86,1019.4,0.0,6.3
2025-07-04T23:00,15.8,89,1020.0,0.0,7.2
2025-07-05T00:00,15.3,92,1020.1,0.0,6.8
2025-07-05T01:00,14.6,94,1019.9,0.0,5.7
2025-07-05T02:00,13.8,96,1019.5,0.0,4.4
2025-07-05T03:00,13.2,99,1019.1,0.0,2.7
2025-07-05T04:00,12.7,100,1019.3,0.0,1.6
2025-07-05T05:00,12.6,100,1019.5,0.0,1.5
2025-07-05T06:00,13.6,100,1020.2,0.0,4.4
2025-07-05T07:00,13.8,99,1020.9,0.0,5.1
2025-07-05T08:00,14.8,98,1021.4,0.0,5.0
2025-07-05T09:00,17.5,84,1020.9,0.0,2.0
2025-07-05T10:00,20.2,71,1020.0,0.0,1.7
2025-07-05T11:00,22.2,65,1018.9,0.0,3.9
2025-07-05T12:00,23.9,55,1017.6,0.0,4.7
2025-07-05T13:00,25.0,48,1016.2,0.0,5.7
2025-07-05T14:00,25.5,44,1015.0,0.0,8.6
2025-07-05T15:00,25.8,43,1013.6,0.0,9.7
2025-07-05T16:00,26.0,42,1012.3,0.0,12.2
2025-07-05T17:00,25.4,41,1011.9,0.0,13.2
2025-07-05T18:00,24.0,49,1012.9,0.0,10.8
2025-07-05T19:00,21.5,61,1014.1,0.0,6.2
2025-07-05T20:00,19.2,66,1015.8,0.2,5.4
2025-07-05T21:00,17.4,77,1019.3,0.3,14.8
2025-07-05T22:00,15.4,86,1020.0,0.0,6.7
2025-07-05T23:00,14.7,92,1020.9,0.0,2.2
2025-07-06T00:00,13.4,96,1020.1,0.0,3.7
2025-07-06T01:00,13.2,94,1019.6,0.0,2.6
2025-07-06T02:00,12.9,93,1019.3,0.0,1.2
2025-07-06T03:00,12.6,95,1018.7,0.0,1.7
2025-07-06T04:00,12.2,96,1018.3,0.0,0.6
2025-07-06T05:00,11.6,99,1018.6,0.0,0.4
2025-07-06T06:00,11.1,100,1019.2,0.0,1.4
2025-07-06T07:00,14.7,99,1019.8,0.0,2.0
2025-07-06T08:00,16.1,94,1020.2,0.0,1.6
2025-07-06T09:00,17.6,84,1020.2,0.1,3.7
2025-07-06T10:00,19.9,73,1019.1,0.3,3.4
2025-07-06T11:00,21.6,63,1018.2,0.1,2.2
2025-07-06T12:00,23.0,58,1017.1,0.0,4.3
2025-07-06T13:00,24.1,54,1015.9,0.0,4.7
2025-07-06T14:00,24.9,50,1014.5,0.0,5.6
2025-07-06T15:00,25.7,45,1012.3,0.0,9.6
2025-07-06T16:00,21.8,60,1014.6,0.5,11.7
2025-07-06T17:00,20.9,68,1015.4,0.0,9.3
2025-07-06T18:00,19.9,72,1015.9,0.0,6.0
2025-07-06T19:00,17.2,76,1018.1,0.9,3.5
2025-07-06T20:00,16.2,88,1018.2,0.2,4.7
2025-07-06T21:00,15.5,92,1019.1,0.0,5.1
2025-07-06T22:00,15.4,94,1019.9,0.0,4.7
2025-07-06T23:00,14.9,97,1020.2,0.0,4.9
2025-07-07T00:00,13.7,100,1020.1,0.0,4.3
2025-07-07T01:00,13.1,100,1019.7,0.0,4.0
2025-07-07T02:00,12.8,100,1019.3,0.0,4.2
2025-07-07T03:00,12.6,100,1019.6,0.0,4.5
2025-07-07T04:00,12.7,100,1019.5,0.0,3.8
2025-07-07T05:00,12.6,100,1019.8,0.0,3.1
2025-07-07T06:00,13.2,100,1020.2,0.0,3.1
2025-07-07T07:00,13.5,98,1020.9,0.0,2.8
2025-07-07T08:00,14.8,92,1021.3,0.0,1.3
2025-07-07T09:00,17.2,83,1021.1,0.0,1.6
2025-07-07T10:00,18.9,77,1020.6,0.0,2.5
2025-07-07T11:00,20.8,69,1019.2,0.0,1.5
2025-07-07T12:00,22.5,62,1017.8,0.0,3.8
2025-07-07T13:00,23.4,57,1016.1,0.0,3.9
2025-07-07T14:00,23.6,55,1015.0,0.1,8.8
2025-07-07T15:00,21.2,66,1015.8,2.1,12.3
2025-07-07T16:00,22.1,54,1014.4,0.0,14.2
2025-07-07T17:00,21.2,57,1015.0,0.3,15.1
2025-07-07T18:00,20.0,67,1015.7,0.7,12.4
2025-07-07T19:00,19.0,66,1017.3,0.0,11.0
2025-07-07T20:00,17.2,77,1018.4,0.0,5.7
2025-07-07T21:00,15.8,83,1019.8,0.3,4.1
2025-07-07T22:00,15.6,86,1020.7,0.0,3.6
2025-07-07T23:00,14.6,90,1021.3,0.0,3.6
2025-07-08T00:00,14.2,91,1021.1,0.0,2.2
2025-07-08T01:00,13.7,93,1021.1,0.0,1.1
2025-07-08T02:00,13.3,95,1020.6,0.0,0.5
2025-07-08T03:00,12.9,96,1019.8,0.0,1.1
2025-07-08T04:00,12.2,98,1020.4,0.0,4.1
2025-07-08T05:00,11.9,99,1021.1,0.0,4.1
2025-07-08T06:00,11.3,100,1021.9,0.0,4.5
2025-07-08T07:00,13.1,98,1022.6,0.0,7.7
2025-07-08T08:00,14.1,96,1023.2,0.0,8.8
2025-07-08T09:00,16.9,77,1022.8,0.0,12.4
2025-07-08T10:00,19.1,64,1021.4,0.0,12.8
2025-07-08T11:00,20.8,57,1020.4,0.1,13.0
2025-07-08T12:00,22.1,53,1019.6,0.0,13.5
2025-07-08T13:00,23.0,51,1018.6,0.0,14.7
2025-07-08T14:00,22.7,54,1017.5,0.2,16.4
2025-07-08T15:00,22.5,56,1016.2,0.0,17.4
2025-07-08T16:00,22.8,53,1015.3,0.0,18.0
2025-07-08T17:00,22.0,54,1015.1,0.0,19.8
2025-07-08T18:00,19.9,63,1016.7,0.1,21.2
2025-07-08T19:00,18.4,70,1017.8,0.0,17.5
2025-07-08T20:00,16.4,78,1019.6,0.0,17.0
2025-07-08T21:00,15.0,87,1021.2,0.0,15.2
2025-07-08T22:00,14.1,91,1022.2,0.0,13.6
2025-07-08T23:00,13.6,95,1022.9,0.0,11.5
2025-07-09T00:00,13.1,97,1022.9,0.0,9.5
2025-07-09T01:00,12.8,98,1022.8,0.0,7.7
2025-07-09T02:00,12.5,99,1022.2,0.0,6.6
2025-07-09T03:00,12.4,100,1021.7,0.0,8.3
2025-07-09T04:00,12.4,99,1021.7,0.0,9.8
2025-07-09T05:00,12.3,99,1021.9,0.0,8.1
2025-07-09T06:00,11.9,99,1022.4,0.0,7.3
2025-07-09T07:00,12.9,96,1022.6,0.0,8.2
2025-07-09T08:00,14.9,83,1023.0,0.0,13.1
2025-07-09T09:00,16.9,73,1022.8,0.0,11.4
2025-07-09T10:00,17.5,70,1022.4,0.1,8.8
2025-07-09T11:00,19.4,65,1021.5,0.1,6.2
2025-07-09T12:00,19.5,64,1020.5,0.0,3.4
2025-07-09T13:00,20.9,62,1019.3,0.0,8.1
2025-07-09T14:00,22.0,58,1018.0,0.0,8.5
2025-07-09T15:00,19.4,70,1018.3,1.8,15.2
2025-07-09T16:00,20.1,59,1017.3,0.1,12.9
2025-07-09T17:00,20.3,61,1017.2,0.2,7.6
2025-07-09T18:00,18.5,71,1018.3,2.0,7.6
2025-07-09T19:00,16.2,79,1020.2,0.0,11.2
2025-07-09T20:00,15.2,87,1020.4,0.0,7.2
2025-07-09T21:00,14.9,94,1020.9,0.0,7.3
2025-07-09T22:00,13.4,99,1021.5,0.0,4.0
2025-07-09T23:00,13.1,99,1022.3,0.0,4.4
2025-07-10T00:00,12.9,99,1022.0,0.0,4.2
2025-07-10T01:00,12.6,99,1021.6,0.0,2.8
2025-07-10T02:00,12.1,100,1021.3,0.0,3.9
2025-07-10T03:00,11.8,100,1020.9,0.0,4.1
2025-07-10T04:00,11.6,100,1021.2,0.0,4.2
2025-07-10T05:00,11.9,100,1021.9,0.0,3.7
2025-07-10T06:00,12.4,100,1022.1,0.0,4.4
2025-07-10T07:00,13.1,99,1022.7,0.0,5.2
2025-07-10T08:00,14.1,93,1023.1,0.0,7.3
2025-07-10T09:00,16.4,81,1022.6,0.0,6.5
2025-07-10T10:00,18.4,71,1021.9,0.0,5.4
2025-07-10T11:00,19.7,65,1020.9,0.0,4.4
2025-07-10T12:00,21.2,59,1019.9,0.0,4.0
2025-07-10T13:00,22.4,52,1018.4,0.0,2.9
2025-07-10T14:00,23.6,47,1016.6,0.0,4.4
2025-07-10T15:00,20.9,64,1017.1,4.4,8.4
2025-07-10T16:00,19.1,71,1017.6,0.1,3.9
2025-07-10T17:00,18.5,73,1017.8,0.1,5.8
2025-07-10T18:00,18.9,71,1017.9,0.0,6.4
2025-07-10T19:00,17.5,78,1019.1,0.0,6.5
2025-07-10T20:00,15.7,85,1019.7,0.0,6.4
2025-07-10T21:00,14.9,86,1020.2,0.0,5.4
2025-07-10T22:00,15.1,85,1020.7,0.0,5.7
2025-07-10T23:00,14.9,88,1021.2,0.0,4.2
2025-07-11T00:00,14.6,88,1021.0,0.0,0.7
2025-07-11T01:00,13.4,92,1020.6,0.0,1.1
2025-07-11T02:00,12.9,94,1020.2,0.0,1.5
2025-07-11T03:00,12.4,95,1020.0,0.0,3.7
2025-07-11T04:00,12.6,95,1020.0,0.2,2.7
2025-07-11T05:00,13.1,97,1020.2,0.9,3.8
2025-07-11T06:00,13.2,97,1020.6,0.4,2.3
2025-07-11T07:00,13.9,94,1021.8,0.0,7.7
2025-07-11T08:00,15.9,83,1022.2,0.0,5.6
2025-07-11T09:00,18.0,71,1021.8,0.0,5.9
2025-07-11T10:00,19.6,64,1021.3,0.0,5.7
2025-07-11T11:00,21.1,58,1020.3,0.0,2.6
2025-07-11T12:00,22.3,56,1019.0,0.0,2.0
2025-07-11T13:00,23.1,54,1017.5,0.1,2.4
2025-07-11T14:00,22.9,54,1016.4,0.0,9.6
2025-07-11T15:00,19.7,69,1018.0,7.0,13.6
2025-07-11T16:00,19.8,71,1017.4,0.0,8.4
2025-07-11T17:00,18.5,74,1017.8,0.7,7.5
2025-07-11T18:00,18.5,76,1018.0,0.1,4.1
2025-07-11T19:00,17.8,83,1019.0,0.2,3.1
2025-07-11T20:00,16.2,94,1019.9,0.1,4.5
2025-07-11T21:00,16.2,95,1020.3,0.2,0.4
2025-07-11T22:00,15.7,93,1020.7,0.0,1.9
2025-07-11T23:00,14.6,97,1021.2,0.0,4.8
2025-07-12T00:00,13.9,98,1021.4,0.0,1.9
2025-07-12T01:00,13.1,98,1020.9,0.0,3.5
2025-07-12T02:00,12.8,98,1020.3,0.0,2.0
2025-07-12T03:00,12.2,100,1020.2,0.0,4.1
2025-07-12T04:00,13.4,100,1020.2,0.0,4.4
2025-07-12T05:00,13.4,100,1020.6,0.0,4.2
2025-07-12T06:00,13.4,99,1021.0,0.0,2.3
2025-07-12T07:00,13.6,99,1021.8,0.0,0.8
2025-07-12T08:00,13.9,97,1022.5,0.0,3.0
2025-07-12T09:00,16.4,85,1022.3,0.0,2.1
2025-07-12T10:00,18.6,73,1021.6,0.0,3.1
2025-07-12T11:00,20.7,67,1020.2,0.0,4.1
2025-07-12T12:00,22.1,61,1018.6,0.1,5.2
2025-07-12T13:00,22.6,57,1017.3,0.0,6.4
2025-07-12T14:00,23.8,52,1016.0,0.0,6.2
2025-07-12T15:00,20.0,69,1017.5,3.3,6.4
2025-07-12T16:00,21.5,60,1016.2,0.0,5.0
2025-07-12T17:00,19.5,71,1016.7,2.9,8.7
2025-07-12T18:00,19.1,73,1016.7,0.0,5.6
2025-07-12T19:00,17.8,85,1018.1,0.0,2.7
2025-07-12T20:00,16.0,90,1019.0,0.0,2.4
2025-07-12T21:00,14.8,97,1020.7,4.3,0.5
2025-07-12T22:00,14.4,97,1021.4,0.0,0.9
2025-07-12T23:00,14.3,96,1021.8,0.0,1.5
2025-07-13T00:00,14.1,95,1021.6,0.0,0.6
2025-07-13T01:00,13.9,96,1021.8,0.0,0.6
2025-07-13T02:00,13.6,95,1021.0,0.0,0.5
2025-07-13T03:00,12.9,95,1020.6,0.0,2.7
2025-07-13T04:00,12.4,96,1020.8,0.0,2.4
2025-07-13T05:00,12.2,96,1020.6,0.0,0.5
2025-07-13T06:00,12.1,97,1021.1,0.0,0.9
2025-07-13T07:00,13.8,99,1021.3,0.0,4.9
2025-07-13T08:00,15.0,93,1021.6,0.0,5.6
2025-07-13T09:00,17.0,83,1021.2,0.0,5.2
2025-07-13T10:00,19.0,70,1020.4,0.0,6.5
2025-07-13T11:00,20.8,62,1019.4,0.0,6.5
2025-07-13T12:00,22.2,60,1018.3,0.0,7.4
2025-07-13T13:00,22.8,57,1017.0,0.2,8.5
2025-07-13T14:00,22.4,63,1016.5,3.7,9.1
2025-07-13T15:00,21.8,64,1016.1,1.3,12.1
2025-07-13T16:00,21.2,65,1016.1,0.2,5.2
2025-07-13T17:00,18.0,80,1018.0,2.7,15.0
2025-07-13T18:00,17.2,86,1017.6,0.5,7.5
2025-07-13T19:00,17.2,89,1018.0,0.1,3.9
2025-07-13T20:00,15.9,93,1018.8,0.0,4.7
2025-07-13T21:00,15.4,91,1019.9,0.0,7.2
2025-07-13T22:00,15.1,94,1021.4,0.0,6.7
2025-07-13T23:00,14.8,97,1021.5,0.1,0.4
2025-07-14T00:00,13.9,99,1020.8,0.0,1.9
2025-07-14T01:00,13.1,100,1020.9,0.0,3.3
2025-07-14T02:00,12.8,99,1020.5,0.0,3.1
2025-07-14T03:00,13.1,99,1020.3,0.0,5.1
2025-07-14T04:00,13.1,99,1020.6,0.0,4.2
2025-07-14T05:00,14.1,98,1020.9,0.0,3.2
2025-07-14T06:00,14.7,95,1021.0,0.0,5.4
2025-07-14T07:00,14.6,99,1021.7,0.0,5.1
2025-07-14T08:00,15.9,91,1021.6,0.1,8.0
2025-07-14T09:00,17.6,81,1021.0,0.0,9.0
2025-07-14T10:00,19.5,71,1020.4,0.0,7.7
2025-07-14T11:00,21.2,64,1019.4,0.0,5.6
2025-07-14T12:00,22.5,62,1018.7,0.0,5.4
2025-07-14T13:00,23.6,59,1017.3,0.0,4.2
2025-07-14T14:00,22.9,61,1015.9,0.1,4.9
2025-07-14T15:00,21.7,65,1016.2,3.1,5.8
2025-07-14T16:00,20.4,69,1017.0,1.4,12.2
2025-07-14T17:00,18.6,76,1017.6,0.0,15.3
2025-07-14T18:00,18.5,78,1017.1,0.0,6.8
2025-07-14T19:00,18.2,80,1018.2,0.0,6.3
2025-07-14T20:00,16.9,85,1019.5,0.0,12.1
2025-07-14T21:00,15.6,91,1021.5,1.9,3.5
2025-07-14T22:00,15.6,92,1021.7,0.6,4.5
2025-07-14T23:00,14.9,95,1022.5,0.0,1.2
2025-07-15T00:00,15.1,95,1022.2,0.2,4.7
2025-07-15T01:00,14.8,97,1021.7,0.2,4.5
2025-07-15T02:00,14.1,98,1020.9,0.0,4.2
2025-07-15T03:00,13.6,98,1020.7,0.0,3.9
2025-07-15T04:00,13.4,100,1020.5,0.0,2.4
2025-07-15T05:00,13.1,100,1020.6,0.0,3.2
2025-07-15T06:00,13.1,100,1021.4,0.0,3.0
2025-07-15T07:00,14.6,100,1021.4,0.0,7.2
2025-07-15T08:00,16.9,86,1021.4,0.0,9.0
2025-07-15T09:00,18.5,77,1021.3,0.1,10.1
2025-07-15T10:00,19.6,74,1021.0,0.0,9.5
2025-07-15T11:00,20.8,70,1020.4,0.0,7.6
2025-07-15T12:00,21.9,68,1019.1,0.1,6.7
2025-07-15T13:00,23.0,64,1017.3,0.1,7.2
2025-07-15T14:00,22.0,65,1016.7,0.2,14.4
2025-07-15T15:00,21.0,69,1016.9,4.1,3.5
2025-07-15T16:00,20.4,68,1016.4,0.0,10.9
2025-07-15T17:00,20.1,71,1016.7,0.6,9.7
2025-07-15T18:00,19.4,74,1017.3,0.0,8.7
2025-07-15T19:00,17.8,80,1018.9,0.0,5.6
2025-07-15T20:00,16.4,92,1020.1,1.1,0.5
2025-07-15T21:00,15.6,96,1021.1,2.5,4.9
2025-07-15T22:00,15.8,93,1022.1,1.1,2.5
2025-07-15T23:00,15.1,96,1022.4,0.8,1.9
2025-07-16T00:00,14.9,98,1021.4,0.2,5.0
2025-07-16T01:00,14.6,100,1020.8,0.1,3.1
2025-07-16T02:00,13.9,100,1020.5,0.0,1.0
2025-07-16T03:00,13.6,100,1020.3,0.0,0.8
2025-07-16T04:00,13.7,100,1020.2,0.0,0.6
2025-07-16T05:00,13.7,100,1020.3,0.0,2.4
2025-07-16T06:00,13.6,99,1020.7,0.0,2.2
2025-07-16T07:00,14.1,98,1020.7,0.2,1.1
2025-07-16T08:00,15.4,92,1020.7,0.1,3.1
2025-07-16T09:00,17.2,87,1020.4,0.1,2.3
2025-07-16T10:00,18.8,79,1019.8,0.0,1.0
2025-07-16T11:00,20.4,73,1018.7,0.0,3.0
2025-07-16T12:00,21.9,67,1016.7,0.0,2.6
2025-07-16T13:00,22.9,60,1015.4,0.0,4.0
2025-07-16T14:00,21.5,62,1014.7,0.4,15.3
2025-07-16T15:00,20.6,64,1015.3,0.3,13.0
2025-07-16T16:00,20.3,61,1014.8,0.0,14.7
2025-07-16T17:00,19.4,70,1015.0,0.1,12.1
2025-07-16T18:00,19.5,67,1015.0,0.4,12.4
2025-07-16T19:00,17.8,83,1016.5,0.0,5.9
2025-07-16T20:00,15.9,92,1017.1,0.0,4.3
2025-07-16T21:00,15.4,93,1017.7,0.0,4.9
2025-07-16T22:00,14.7,93,1019.0,0.0,5.2
2025-07-16T23:00,14.6,95,1019.9,0.0,8.4
2025-07-17T00:00,14.1,97,1019.8,0.0,4.7
2025-07-17T01:00,14.0,97,1019.9,2.6,6.7
2025-07-17T02:00,14.1,99,1019.3,3.9,4.3
2025-07-17T03:00,13.9,99,1019.1,0.0,2.2
2025-07-17T04:00,14.0,98,1018.9,0.1,4.7
2025-07-17T05:00,13.9,98,1019.1,0.1,1.8
2025-07-17T06:00,14.1,97,1019.5,0.0,3.6
2025-07-17T07:00,14.9,96,1019.2,0.0,5.8
2025-07-17T08:00,15.9,91,1019.6,0.1,7.2
2025-07-17T09:00,17.1,83,1019.2,0.0,9.0
2025-07-17T10:00,19.0,72,1018.5,0.1,7.8
2025-07-17T11:00,20.4,68,1017.7,0.1,6.6
2025-07-17T12:00,21.7,65,1016.5,0.1,8.6
2025-07-17T13:00,19.4,73,1016.5,8.2,18.6
2025-07-17T14:00,20.7,63,1014.6,0.1,9.3
2025-07-17T15:00,19.0,69,1015.8,1.5,18.0
2025-07-17T16:00,19.5,74,1015.2,0.5,13.3
2025-07-17T17:00,17.5,82,1015.9,4.2,15.2
2025-07-17T18:00,16.5,86,1017.3,1.0,10.8
2025-07-17T19:00,15.2,96,1018.5,0.6,10.4
2025-07-17T20:00,15.4,96,1018.8,0.7,7.4
2025-07-17T21:00,15.3,97,1019.1,0.4,7.5
2025-07-17T22:00,15.0,97,1019.9,0.2,7.6
2025-07-17T23:00,14.6,97,1019.9,0.1,9.3
2025-07-18T00:00,14.6,96,1020.2,0.0,9.3
2025-07-18T01:00,14.2,97,1020.2,0.0,9.0
2025-07-18T02:00,14.1,96,1019.9,0.0,9.5
2025-07-18T03:00,14.0,97,1019.7,0.0,8.4
2025-07-18T04:00,13.7,97,1019.7,0.0,8.2
2025-07-18T05:00,13.8,96,1019.8,0.0,9.8
2025-07-18T06:00,13.8,96,1020.5,0.0,9.2
2025-07-18T07:00,13.9,97,1021.1,0.2,7.4
2025-07-18T08:00,14.4,93,1021.8,0.4,11.2
2025-07-18T09:00,15.6,89,1021.7,0.3,11.5
2025-07-18T10:00,16.9,81,1021.5,0.0,10.7
2025-07-18T11:00,19.1,76,1020.5,0.0,10.6
2025-07-18T12:00,20.8,68,1019.0,0.0,9.2
2025-07-18T13:00,21.9,63,1017.8,0.0,8.8
2025-07-18T14:00,21.6,62,1016.8,0.4,6.8
2025-07-18T15:00,16.8,84,1019.2,6.3,14.5
2025-07-18T16:00,17.8,81,1018.9,0.4,11.3
2025-07-18T17:00,16.8,82,1019.7,0.8,11.3
2025-07-18T18:00,16.2,87,1019.8,0.2,10.5
2025-07-18T19:00,16.1,90,1021.4,0.1,9.9
2025-07-18T20:00,15.2,93,1021.7,0.1,9.5
2025-07-18T21:00,14.8,94,1021.9,0.1,9.0
2025-07-18T22:00,14.7,97,1022.1,0.1,10.3
2025-07-18T23:00,14.4,97,1022.6,0.0,12.1
2025-07-19T00:00,14.0,97,1022.4,0.0,11.9
2025-07-19T01:00,13.6,98,1022.3,0.0,11.5
2025-07-19T02:00,13.4,99,1021.6,0.0,11.7
2025-07-19T03:00,13.4,99,1021.4,0.0,10.8
2025-07-19T04:00,13.6,98,1021.5,0.0,7.0
2025-07-19T05:00,13.4,98,1021.7,0.0,7.3
2025-07-19T06:00,13.4,99,1022.2,0.0,6.3
2025-07-19T07:00,14.1,98,1022.7,0.0,7.2
2025-07-19T08:00,15.2,91,1023.1,0.1,11.7
2025-07-19T09:00,16.7,84,1023.0,0.1,10.7
2025-07-19T10:00,18.1,76,1022.5,0.1,10.1
2025-07-19T11:00,20.5,67,1021.4,0.0,8.3
2025-07-19T12:00,21.5,63,1020.2,0.0,9.4
2025-07-19T13:00,22.5,57,1019.0,0.0,12.9
2025-07-19T14:00,22.5,56,1018.0,0.0,14.0
2025-07-19T15:00,22.4,57,1017.4,0.3,14.5
2025-07-19T16:00,21.5,58,1017.0,0.4,17.1
2025-07-19T17:00,21.5,58,1017.1,0.1,14.7
2025-07-19T18:00,20.1,66,1018.2,0.1,13.6
2025-07-19T19:00,18.4,75,1020.1,0.0,15.4
2025-07-19T20:00,15.1,92,1022.2,2.1,6.6
2025-07-19T21:00,14.4,95,1022.4,0.0,5.0
2025-07-19T22:00,14.3,96,1023.3,0.0,9.4
2025-07-19T23:00,14.0,96,1024.1,0.0,9.9
2025-07-20T00:00,13.4,97,1023.6,0.0,8.0
2025-07-20T01:00,12.8,98,1023.2,0.0,7.0
2025-07-20T02:00,12.6,98,1023.0,0.0,9.9
2025-07-20T03:00,12.4,98,1022.7,0.0,8.5
2025-07-20T04:00,12.0,98,1022.8,0.0,7.4
2025-07-20T05:00,11.8,99,1022.9,0.0,6.6
2025-07-20T06:00,11.6,99,1023.4,0.0,6.5
2025-07-20T07:00,13.1,96,1023.4,0.0,10.4
2025-07-20T08:00,14.2,90,1023.6,0.0,9.9
2025-07-20T09:00,15.9,82,1023.1,0.0,6.2
2025-07-20T10:00,17.9,73,1022.3,0.0,1.9
2025-07-20T11:00,19.5,65,1021.5,0.2,3.4
2025-07-20T12:00,21.0,63,1020.4,0.1,3.3
2025-07-20T13:00,22.4,58,1018.4,0.0,8.3
2025-07-20T14:00,22.5,57,1017.8,0.0,11.3
2025-07-20T15:00,21.2,60,1017.6,2.4,1.9
2025-07-20T16:00,17.5,86,1019.2,1.6,8.1
2025-07-20T17:00,17.7,79,1019.3,0.6,4.5
2025-07-20T18:00,17.5,82,1019.5,0.5,6.5
2025-07-20T19:00,15.9,90,1021.1,0.1,7.5
2025-07-20T20:00,15.0,96,1021.9,0.1,8.2
2025-07-20T21:00,14.5,96,1021.9,0.1,5.5
2025-07-20T22:00,13.8,97,1022.7,0.0,4.0
2025-07-20T23:00,13.4,98,1023.3,0.0,3.3
2025-07-21T00:00,13.0,100,1022.9,0.0,1.7
2025-07-21T01:00,12.6,100,1022.2,0.0,1.7
2025-07-21T02:00,12.1,100,1021.8,0.0,2.7
2025-07-21T03:00,11.8,100,1021.5,0.0,3.1
2025-07-21T04:00,11.8,100,1021.3,0.0,1.7
2025-07-21T05:00,11.9,100,1021.8,0.0,2.3
2025-07-21T06:00,12.6,100,1022.4,0.0,3.9
2025-07-21T07:00,12.9,100,1023.2,0.0,3.4
2025-07-21T08:00,13.9,95,1023.5,0.0,4.1
2025-07-21T09:00,15.6,86,1023.4,0.0,5.3
2025-07-21T10:00,18.0,76,1022.7,0.0,3.2
2025-07-21T11:00,19.9,69,1021.4,0.0,3.2
2025-07-21T12:00,21.5,63,1019.9,0.0,1.9
2025-07-21T13:00,22.6,57,1018.6,0.1,3.3
2025-07-21T14:00,23.3,54,1017.2,0.0,4.1
2025-07-21T15:00,23.8,51,1015.7,0.0,4.7
2025-07-21T16:00,23.7,50,1014.8,0.0,7.8
2025-07-21T17:00,22.5,51,1015.0,0.2,12.3
2025-07-21T18:00,20.6,65,1016.4,0.1,12.0
2025-07-21T19:00,19.9,68,1016.7,0.0,9.6
2025-07-21T20:00,17.8,76,1018.4,0.1,8.5
2025-07-21T21:00,16.6,85,1019.1,0.0,5.6
2025-07-21T22:00,15.4,90,1019.9,0.0,4.9
2025-07-21T23:00,14.9,92,1020.4,0.0,6.0
2025-07-22T00:00,14.6,93,1020.3,0.0,6.5
2025-07-22T01:00,13.9,95,1020.0,0.0,5.6
2025-07-22T02:00,13.5,96,1019.7,0.0,5.9
2025-07-22T03:00,13.0,99,1019.8,0.0,5.8
2025-07-22T04:00,12.7,100,1020.0,0.0,6.3
2025-07-22T05:00,12.7,100,1020.4,0.0,7.0
2025-07-22T06:00,13.1,100,1021.2,0.0,6.5
2025-07-22T07:00,13.8,99,1021.8,0.0,10.1
2025-07-22T08:00,14.6,95,1022.0,0.1,11.7
2025-07-22T09:00,17.0,80,1021.6,0.1,10.6
2025-07-22T10:00,18.9,70,1021.1,0.0,9.7
2025-07-22T11:00,20.8,65,1020.2,0.0,10.7
2025-07-22T12:00,22.1,60,1019.2,0.0,11.4
2025-07-22T13:00,23.4,53,1017.6,0.0,12.3
2025-07-22T14:00,24.2,45,1015.9,0.0,13.9
2025-07-22T15:00,24.5,41,1015.0,0.0,14.1
2025-07-22T16:00,24.1,44,1014.2,0.0,12.7
2025-07-22T17:00,23.5,48,1013.9,0.0,13.2
2025-07-22T18:00,22.2,56,1014.4,0.0,12.4
2025-07-22T19:00,20.0,59,1015.8,0.0,16.2
2025-07-22T20:00,18.4,64,1017.2,0.0,16.5
2025-07-22T21:00,17.1,69,1018.3,0.0,13.3
2025-07-22T22:00,16.0,76,1019.7,0.0,11.5
2025-07-22T23:00,15.1,84,1020.9,0.0,11.4
2025-07-23T00:00,14.3,92,1021.3,0.0,9.8
2025-07-23T01:00,13.9,95,1021.3,0.0,8.0
2025-07-23T02:00,13.2,97,1021.1,0.0,6.5
2025-07-23T03:00,12.9,99,1020.9,0.0,7.2
2025-07-23T04:00,12.9,100,1020.9,0.0,8.4
2025-07-23T05:00,13.4,99,1021.2,0.0,8.4
2025-07-23T06:00,13.8,99,1021.3,0.0,10.1
2025-07-23T07:00,13.8,98,1021.9,0.0,11.2
2025-07-23T08:00,15.2,91,1022.0,0.0,12.7
2025-07-23T09:00,17.5,78,1021.4,0.1,15.1
2025-07-23T10:00,19.1,69,1020.9,0.1,14.6
2025-07-23T11:00,20.8,61,1020.2,0.0,14.4
2025-07-23T12:00,21.7,59,1019.3,0.1,12.8
2025-07-23T13:00,23.3,52,1017.9,0.1,13.7
2025-07-23T14:00,24.0,47,1016.3,0.0,14.8
2025-07-23T15:00,24.1,49,1015.6,0.0,16.3
2025-07-23T16:00,23.2,51,1015.4,0.0,17.4
2025-07-23T17:00,22.7,53,1015.5,0.0,17.3
2025-07-23T18:00,21.5,60,1016.4,0.0,17.1
2025-07-23T19:00,19.9,68,1017.4,0.0,16.3
2025-07-23T20:00,18.2,78,1018.8,0.0,15.2
2025-07-23T21:00,17.0,84,1020.2,0.0,12.4
2025-07-23T22:00,16.1,90,1021.1,0.1,11.0
2025-07-23T23:00,15.4,94,1021.8,0.0,11.5
2025-07-24T00:00,14.9,97,1021.9,0.0,11.1
2025-07-24T01:00,14.4,98,1021.6,0.0,11.8
2025-07-24T02:00,14.2,99,1021.6,0.0,12.2
2025-07-24T03:00,14.2,100,1021.3,0.0,13.5
2025-07-24T04:00,14.1,100,1020.9,0.0,11.3
2025-07-24T05:00,14.1,99,1020.9,0.0,9.7
2025-07-24T06:00,13.9,98,1021.4,0.0,8.9
2025-07-24T07:00,14.5,96,1022.3,0.0,10.8
2025-07-24T08:00,15.8,88,1022.6,0.1,13.0
2025-07-24T09:00,17.7,76,1022.3,0.0,12.0
2025-07-24T10:00,19.5,67,1021.4,0.0,10.9
2025-07-24T11:00,21.2,61,1020.5,0.0,9.0
2025-07-24T12:00,22.8,54,1019.0,0.0,8.3
2025-07-24T13:00,23.9,46,1017.7,0.0,9.2
2025-07-24T14:00,24.5,42,1016.2,0.0,11.7
2025-07-24T15:00,24.5,40,1015.4,0.0,14.8
2025-07-24T16:00,23.8,42,1015.0,0.0,17.5
2025-07-24T17:00,23.0,46,1015.0,0.0,17.1
2025-07-24T18:00,21.6,54,1015.8,0.0,16.1
2025-07-24T19:00,20.1,59,1016.7,0.0,13.7
2025-07-24T20:00,18.5,68,1017.8,0.0,13.9
2025-07-24T21:00,17.1,76,1018.7,0.0,11.2
2025-07-24T22:00,16.2,83,1019.8,0.0,9.6
2025-07-24T23:00,15.1,89,1020.5,0.0,7.6
2025-07-25T00:00,14.4,92,1020.6,0.0,6.9
2025-07-25T01:00,13.6,94,1020.5,0.0,5.9
2025-07-25T02:00,12.9,96,1020.3,0.0,5.4
2025-07-25T03:00,12.4,97,1019.7,0.0,5.1
2025-07-25T04:00,11.9,99,1019.5,0.0,5.3
2025-07-25T05:00,11.6,100,1019.5,0.0,4.8
2025-07-25T06:00,11.6,100,1019.8,0.0,4.4
2025-07-25T07:00,13.0,98,1020.6,0.0,6.7
2025-07-25T08:00,13.5,98,1021.1,0.0,9.3
2025-07-25T09:00,16.0,83,1020.4,0.0,8.3
2025-07-25T10:00,18.8,71,1019.3,0.0,7.2
2025-07-25T11:00,21.1,55,1017.9,0.0,8.5
2025-07-25T12:00,22.9,44,1016.9,0.0,10.3
2025-07-25T13:00,24.0,40,1015.7,0.0,12.1
2025-07-25T14:00,24.5,37,1014.6,0.0,13.7
2025-07-25T15:00,24.1,38,1013.7,0.0,16.3
2025-07-25T16:00,23.7,40,1013.2,0.0,17.0
2025-07-25T17:00,23.1,40,1012.8,0.0,16.4
2025-07-25T18:00,22.1,45,1013.1,0.0,14.4
2025-07-25T19:00,20.3,51,1014.1,0.0,15.2
2025-07-25T20:00,18.2,64,1015.9,0.0,14.7
2025-07-25T21:00,16.8,75,1017.1,0.0,11.6
2025-07-25T22:00,15.4,84,1018.3,0.0,7.2
2025-07-25T23:00,14.5,90,1019.0,0.0,6.3
2025-07-26T00:00,14.1,92,1019.1,0.0,6.6
2025-07-26T01:00,13.6,93,1018.9,0.0,6.7
2025-07-26T02:00,13.4,95,1018.6,0.0,7.3
2025-07-26T03:00,12.9,96,1018.1,0.0,6.5
2025-07-26T04:00,12.4,98,1018.2,0.0,5.9
2025-07-26T05:00,12.1,98,1018.1,0.0,6.1
2025-07-26T06:00,11.9,100,1018.6,0.0,6.6
2025-07-26T07:00,12.9,98,1019.3,0.0,8.3
2025-07-26T08:00,15.2,89,1019.8,0.0,10.7
2025-07-26T09:00,17.6,75,1019.0,0.1,14.7
2025-07-26T10:00,18.9,69,1018.5,0.1,13.2
2025-07-26T11:00,21.2,58,1017.1,0.1,13.5
2025-07-26T12:00,22.4,53,1015.9,0.1,16.9
2025-07-26T13:00,22.0,54,1015.7,0.8,19.2
2025-07-26T14:00,22.6,56,1014.6,0.7,17.1
2025-07-26T15:00,22.8,55,1014.1,0.1,18.1
2025-07-26T16:00,21.0,67,1014.3,1.1,16.7
2025-07-26T17:00,20.3,68,1014.1,1.7,18.5
2025-07-26T18:00,19.9,71,1014.6,0.1,10.5
2025-07-26T19:00,18.5,75,1015.9,0.0,13.7
2025-07-26T20:00,15.9,90,1018.2,0.8,12.8
2025-07-26T21:00,15.6,93,1019.1,0.3,8.8
2025-07-26T22:00,15.2,95,1020.0,0.0,10.5
2025-07-26T23:00,14.4,97,1020.8,0.0,10.1
2025-07-27T00:00,13.9,97,1020.8,0.0,10.4
2025-07-27T01:00,13.8,98,1020.7,0.0,11.4
2025-07-27T02:00,13.7,98,1020.1,0.0,11.8
2025-07-27T03:00,13.6,98,1020.0,0.0,13.1
2025-07-27T04:00,13.1,99,1019.7,0.0,11.7
2025-07-27T05:00,13.0,99,1020.0,0.0,13.1
2025-07-27T06:00,12.7,99,1020.5,0.0,11.2
2025-07-27T07:00,13.8,97,1020.7,0.0,12.7
2025-07-27T08:00,14.8,90,1021.1,0.1,16.2
2025-07-27T09:00,16.6,80,1020.7,0.1,18.9
2025-07-27T10:00,18.4,70,1020.4,0.1,20.1
2025-07-27T11:00,19.9,64,1019.5,0.1,17.9
2025-07-27T12:00,21.8,56,1018.0,0.2,17.1
2025-07-27T13:00,22.8,57,1016.8,0.1,18.7
2025-07-27T14:00,21.2,62,1016.7,0.6,20.8
2025-07-27T15:00,21.1,70,1016.5,2.1,16.5
2025-07-27T16:00,20.4,67,1016.2,0.9,22.5
2025-07-27T17:00,19.2,73,1016.7,1.7,19.0
2025-07-27T18:00,18.6,73,1017.5,0.1,18.7
2025-07-27T19:00,16.9,84,1019.1,0.2,14.7
2025-07-27T20:00,16.0,86,1020.0,0.0,14.6
2025-07-27T21:00,15.2,88,1021.0,0.0,15.7
2025-07-27T22:00,14.8,89,1022.2,0.0,16.3
2025-07-27T23:00,14.4,89,1023.2,0.0,16.0
2025-07-28T00:00,14.2,89,1023.2,0.0,16.9
2025-07-28T01:00,13.8,90,1023.3,0.0,15.9
2025-07-28T02:00,13.6,91,1023.0,0.0,15.1
2025-07-28T03:00,13.2,93,1022.5,0.0,13.5
2025-07-28T04:00,12.8,96,1022.5,0.0,12.5
2025-07-28T05:00,12.4,96,1022.7,0.0,11.4
2025-07-28T06:00,12.1,97,1023.4,0.0,11.3
2025-07-28T07:00,13.1,96,1024.1,0.0,14.5
2025-07-28T08:00,14.6,87,1024.3,0.1,20.3
2025-07-28T09:00,16.3,74,1023.9,0.1,22.3
2025-07-28T10:00,18.2,65,1023.5,0.0,24.0
2025-07-28T11:00,19.9,59,1022.3,0.0,24.6
2025-07-28T12:00,21.2,53,1021.4,0.0,24.9
2025-07-28T13:00,22.5,48,1020.0,0.0,23.9
2025-07-28T14:00,22.4,48,1019.2,0.0,23.8
2025-07-28T15:00,21.6,53,1018.9,0.0,21.5
2025-07-28T16:00,22.3,51,1018.0,0.1,21.5
2025-07-28T17:00,21.0,56,1018.3,0.1,22.5
2025-07-28T18:00,19.6,64,1019.0,0.2,21.7
2025-07-28T19:00,18.0,74,1020.6,0.0,19.5
2025-07-28T20:00,16.1,82,1022.2,0.0,17.0
2025-07-28T21:00,15.4,86,1023.1,0.0,15.0
2025-07-28T22:00,14.9,88,1024.4,0.0,13.2
2025-07-28T23:00,14.6,91,1024.9,0.0,14.2
2025-07-29T00:00,14.2,93,1024.8,0.0,14.3
2025-07-29T01:00,13.6,96,1024.7,0.0,13.7
2025-07-29T02:00,13.2,96,1024.3,0.0,14.2
2025-07-29T03:00,12.8,97,1023.9,0.0,11.9
2025-07-29T04:00,12.4,98,1023.9,0.0,10.7
2025-07-29T05:00,12.3,99,1024.0,0.0,11.2
2025-07-29T06:00,12.2,99,1024.7,0.0,13.1
2025-07-29T07:00,12.2,98,1025.1,0.0,12.4
2025-07-29T08:00,14.1,86,1024.9,0.0,15.0
2025-07-29T09:00,16.0,72,1024.3,0.0,16.8
2025-07-29T10:00,18.1,62,1023.8,0.0,17.3
2025-07-29T11:00,20.2,50,1022.4,0.0,18.3
2025-07-29T12:00,22.0,42,1020.9,0.0,19.4
2025-07-29T13:00,23.1,41,1019.6,0.0,21.3
2025-07-29T14:00,24.0,40,1018.4,0.0,23.8
2025-07-29T15:00,24.0,39,1017.5,0.0,22.2
2025-07-29T16:00,23.5,40,1016.6,0.0,23.2
2025-07-29T17:00,21.8,49,1017.4,0.0,25.3
2025-07-29T18:00,20.6,55,1017.7,0.0,23.1
2025-07-29T19:00,18.1,68,1020.2,0.0,24.9
2025-07-29T20:00,16.8,77,1021.3,0.0,18.1
2025-07-29T21:00,15.6,83,1021.9,0.0,13.1
2025-07-29T22:00,14.6,90,1023.0,0.0,11.9
2025-07-29T23:00,13.9,93,1023.4,0.0,12.3
2025-07-30T00:00,13.4,95,1023.6,0.0,13.3
2025-07-30T01:00,13.1,96,1023.5,0.0,14.0
2025-07-30T02:00,12.7,98,1022.7,0.0,12.3
2025-07-30T03:00,12.4,98,1022.4,0.0,11.6
2025-07-30T04:00,12.3,98,1022.3,0.0,12.1
2025-07-30T05:00,12.2,99,1022.5,0.0,11.0
2025-07-30T06:00,12.4,99,1022.8,0.0,10.4
2025-07-30T07:00,13.1,97,1022.5,0.0,11.7
2025-07-30T08:00,14.8,86,1022.3,0.0,14.8
2025-07-30T09:00,17.0,72,1021.6,0.0,16.6
2025-07-30T10:00,19.1,61,1020.9,0.0,14.9
2025-07-30T11:00,21.2,53,1019.7,0.0,15.5
2025-07-30T12:00,22.6,46,1018.7,0.0,15.1
2025-07-30T13:00,23.2,45,1017.7,0.0,17.0
2025-07-30T14:00,23.1,45,1016.8,0.1,18.6
2025-07-30T15:00,23.1,45,1016.0,0.0,19.5
2025-07-30T16:00,22.7,46,1015.5,0.0,21.6
2025-07-30T17:00,21.5,51,1016.1,0.3,22.0
2025-07-30T18:00,20.3,59,1016.8,0.0,18.8
2025-07-30T19:00,18.6,66,1018.2,0.0,15.7
2025-07-30T20:00,17.0,74,1019.7,0.0,14.3
2025-07-30T21:00,16.1,79,1020.7,0.0,12.7
2025-07-30T22:00,15.3,84,1021.8,0.0,10.4
2025-07-30T23:00,14.4,91,1022.4,0.0,8.5
2025-07-31T00:00,13.8,94,1022.1,0.0,8.8
2025-07-31T01:00,13.2,96,1021.8,0.0,7.6
2025-07-31T02:00,12.8,97,1021.4,0.0,7.0
2025-07-31T03:00,12.6,97,1021.4,0.0,8.1
2025-07-31T04:00,12.2,98,1021.3,0.0,6.5
2025-07-31T05:00,12.1,99,1021.5,0.0,6.4
2025-07-31T06:00,11.8,100,1022.1,0.0,7.1
2025-07-31T07:00,13.1,98,1022.9,0.0,7.1
2025-07-31T08:00,13.6,97,1023.3,0.0,8.9
2025-07-31T09:00,16.1,79,1022.9,0.0,12.4
2025-07-31T10:00,18.6,66,1021.9,0.0,13.2
2025-07-31T11:00,20.9,56,1020.7,0.0,12.3
2025-07-31T12:00,22.5,50,1018.9,0.0,12.1
2025-07-31T13:00,24.0,44,1017.6,0.0,13.4
2025-07-31T14:00,24.0,43,1016.4,0.0,15.7
2025-07-31T15:00,23.0,49,1016.7,0.4,16.1
2025-07-31T16:00,21.9,56,1017.0,0.7,11.0
2025-07-31T17:00,20.9,63,1017.0,1.8,12.8
2025-07-31T18:00,19.9,64,1018.0,0.5,15.5
2025-07-31T19:00,16.6,82,1020.7,1.3,16.6
2025-07-31T20:00,15.8,87,1021.4,0.0,11.8
2025-07-31T21:00,15.0,93,1022.3,0.0,5.3
2025-07-31T22:00,14.9,95,1022.8,0.0,4.2
2025-07-31T23:00,14.9,95,1023.3,0.0,7.4
2025-08-01T00:00,14.4,95,1023.3,0.0,8.4
2025-08-01T01:00,14.1,95,1023.0,0.0,8.1
2025-08-01T02:00,14.1,95,1023.1,0.0,8.4
2025-08-01T03:00,13.8,96,1023.1,0.0,7.7
2025-08-01T04:00,13.6,96,1023.1,0.0,6.9
2025-08-01T05:00,13.2,97,1023.1,0.0,6.7
2025-08-01T06:00,13.0,98,1023.7,0.0,7.8
2025-08-01T07:00,13.9,97,1024.2,0.1,9.5
2025-08-01T08:00,15.3,88,1024.5,0.1,16.1
2025-08-01T09:00,16.9,81,1024.2,0.2,16.0
2025-08-01T10:00,18.6,72,1023.5,0.1,13.5
2025-08-01T11:00,20.2,64,1022.8,0.1,13.0
2025-08-01T12:00,21.5,63,1021.9,0.1,12.8
2025-08-01T13:00,22.2,59,1019.8,0.1,12.6
2025-08-01T14:00,23.2,55,1018.7,0.0,15.7
2025-08-01T15:00,23.0,55,1018.4,0.0,14.6
2025-08-01T16:00,21.7,61,1018.6,2.1,19.3
2025-08-01T17:00,20.2,66,1019.3,0.3,15.5
2025-08-01T18:00,17.9,81,1020.7,2.4,9.6
2025-08-01T19:00,17.6,85,1021.2,0.0,8.1
2025-08-01T20:00,16.0,91,1022.8,1.1,7.7
2025-08-01T21:00,15.6,93,1023.5,0.0,9.8
2025-08-01T22:00,14.9,96,1024.5,0.0,11.5
2025-08-01T23:00,14.3,98,1025.0,0.0,9.5
2025-08-02T00:00,14.0,98,1025.2,0.0,8.1
2025-08-02T01:00,13.8,98,1025.1,0.0,9.5
2025-08-02T02:00,13.6,98,1024.7,0.0,10.4
2025-08-02T03:00,13.4,98,1024.5,0.0,11.0
2025-08-02T04:00,13.2,98,1024.8,0.0,10.4
2025-08-02T05:00,12.9,99,1025.0,0.0,11.2
2025-08-02T06:00,12.8,99,1025.4,0.0,11.8
2025-08-02T07:00,13.0,98,1025.7,0.0,10.3
2025-08-02T08:00,14.6,88,1025.7,0.1,14.1
2025-08-02T09:00,16.3,78,1025.4,0.0,14.6
2025-08-02T10:00,18.6,65,1024.7,0.0,13.2
2025-08-02T11:00,20.6,55,1023.6,0.0,13.7
2025-08-02T12:00,22.2,46,1022.2,0.0,15.2
2025-08-02T13:00,23.4,40,1020.9,0.0,16.6
2025-08-02T14:00,23.9,40,1019.8,0.0,17.0
2025-08-02T15:00,24.2,41,1018.7,0.0,15.6
2025-08-02T16:00,24.0,42,1018.2,0.0,15.5
2025-08-02T17:00,23.0,46,1018.1,0.0,18.1
2025-08-02T18:00,21.8,51,1018.5,0.0,16.8
2025-08-02T19:00,19.5,62,1019.8,0.0,15.9
2025-08-02T20:00,17.7,71,1021.1,0.0,10.3
2025-08-02T21:00,16.3,80,1021.7,0.0,8.3
2025-08-02T22:00,15.3,86,1022.7,0.0,7.4
2025-08-02T23:00,14.7,90,1023.0,0.0,7.6
2025-08-03T00:00,14.2,92,1023.3,0.0,7.2
2025-08-03T01:00,13.7,93,1023.3,0.0,6.8
2025-08-03T02:00,13.1,95,1022.8,0.0,6.3
2025-08-03T03:00,12.7,96,1022.4,0.0,6.7
2025-08-03T04:00,12.3,98,1022.4,0.0,7.1
2025-08-03T05:00,11.9,100,1022.3,0.0,6.6
2025-08-03T06:00,11.8,99,1022.7,0.0,5.6
2025-08-03T07:00,12.6,99,1023.3,0.0,6.8
2025-08-03T08:00,13.4,98,1024.1,0.0,9.5
2025-08-03T09:00,15.5,84,1023.9,0.0,11.7
2025-08-03T10:00,18.0,71,1023.0,0.0,8.7
2025-08-03T11:00,20.5,59,1021.1,0.0,6.8
2025-08-03T12:00,22.9,48,1019.3,0.0,8.7
2025-08-03T13:00,24.3,40,1017.5,0.0,11.4
2025-08-03T14:00,25.1,36,1016.0,0.0,12.8
2025-08-03T15:00,25.7,32,1014.5,0.0,13.2
2025-08-03T16:00,25.6,35,1013.7,0.0,15.5
2025-08-03T17:00,24.8,37,1013.7,0.0,15.9
2025-08-03T18:00,23.7,38,1013.9,0.0,15.7
2025-08-03T19:00,21.5,46,1014.9,0.0,17.6
2025-08-03T20:00,19.2,60,1016.9,0.0,15.8
2025-08-03T21:00,17.4,71,1018.1,0.0,11.2
2025-08-03T22:00,15.9,80,1019.4,0.0,7.3
2025-08-03T23:00,14.8,85,1020.2,0.0,6.3
2025-08-04T00:00,14.4,87,1020.3,0.0,6.9
2025-08-04T01:00,13.9,91,1019.9,0.0,6.9
2025-08-04T02:00,13.2,94,1019.3,0.0,6.6
2025-08-04T03:00,12.6,96,1019.4,0.0,6.3
2025-08-04T04:00,11.9,97,1019.2,0.0,6.3
2025-08-04T05:00,11.4,98,1019.4,0.0,5.8
2025-08-04T06:00,10.9,99,1020.1,0.0,4.8
2025-08-04T07:00,12.1,99,1020.8,0.0,7.0
2025-08-04T08:00,12.9,96,1021.5,0.0,7.9
2025-08-04T09:00,15.9,79,1021.0,0.0,7.0
2025-08-04T10:00,19.7,58,1019.4,0.0,7.7
2025-08-04T11:00,22.4,42,1017.9,0.0,9.4
2025-08-04T12:00,24.1,36,1016.7,0.0,10.9
2025-08-04T13:00,25.0,35,1015.6,0.0,11.9
2025-08-04T14:00,25.6,32,1014.6,0.1,10.4
2025-08-04T15:00,26.4,29,1013.2,0.0,13.1
2025-08-04T16:00,25.8,30,1012.7,0.0,16.8
2025-08-04T17:00,25.4,32,1012.4,0.0,17.6
2025-08-04T18:00,23.8,36,1013.5,0.0,18.8
2025-08-04T19:00,21.8,44,1014.1,0.0,18.3
2025-08-04T20:00,19.6,56,1016.3,0.0,17.1
2025-08-04T21:00,17.9,69,1018.4,0.0,13.7
2025-08-04T22:00,16.4,80,1019.7,0.0,9.8
2025-08-04T23:00,15.5,86,1020.7,0.0,9.4
2025-08-05T00:00,14.8,90,1020.9,0.0,8.7
2025-08-05T01:00,14.2,93,1020.9,0.0,8.4
2025-08-05T02:00,13.6,96,1020.9,0.0,7.8
2025-08-05T03:00,13.0,98,1020.2,0.0,7.3
2025-08-05T04:00,12.5,99,1020.4,0.0,6.8
2025-08-05T05:00,12.3,99,1020.5,0.0,7.7
2025-08-05T06:00,12.1,99,1021.0,0.0,7.0
2025-08-05T07:00,12.6,99,1021.8,0.0,9.1
2025-08-05T08:00,13.8,96,1022.6,0.0,11.3
2025-08-05T09:00,16.7,77,1022.5,0.0,13.0
2025-08-05T10:00,19.7,60,1021.7,0.0,12.6
2025-08-05T11:00,22.2,48,1020.2,0.0,13.9
2025-08-05T12:00,24.1,39,1018.9,0.0,15.9
2025-08-05T13:00,25.7,32,1017.1,0.0,17.0
2025-08-05T14:00,26.3,30,1015.8,0.0,19.4
2025-08-05T15:00,26.4,30,1015.1,0.0,19.5
2025-08-05T16:00,25.5,33,1014.8,0.0,21.1
2025-08-05T17:00,23.3,43,1015.9,0.1,21.5
2025-08-05T18:00,21.5,52,1017.2,0.0,21.5
2025-08-05T19:00,19.8,62,1019.0,0.0,22.1
2025-08-05T20:00,16.3,82,1021.4,0.7,10.8
2025-08-05T21:00,16.6,85,1021.8,0.0,11.7
2025-08-05T22:00,15.6,89,1022.8,0.0,12.9
2025-08-05T23:00,14.8,93,1023.7,0.0,13.1
2025-08-06T00:00,14.2,96,1024.0,0.0,13.3
2025-08-06T01:00,13.9,96,1023.9,0.0,13.3
2025-08-06T02:00,13.6,96,1023.5,0.0,13.7
2025-08-06T03:00,13.3,96,1023.1,0.0,14.6
2025-08-06T04:00,13.1,96,1023.3,0.0,13.1
2025-08-06T05:00,12.7,98,1023.4,0.0,11.9
2025-08-06T06:00,12.5,98,1023.8,0.0,11.8
2025-08-06T07:00,13.3,96,1024.6,0.0,12.1
2025-08-06T08:00,15.1,84,1024.6,0.0,17.3
2025-08-06T09:00,17.3,69,1023.8,0.0,19.4
2025-08-06T10:00,20.1,53,1022.5,0.0,23.1
2025-08-06T11:00,22.1,46,1021.3,0.0,24.3
2025-08-06T12:00,23.5,42,1020.6,0.0,28.3
2025-08-06T13:00,25.0,36,1018.8,0.0,30.1
2025-08-06T14:00,25.0,34,1017.4,0.0,28.6
2025-08-06T15:00,25.1,34,1016.1,0.0,25.7
2025-08-06T16:00,24.1,39,1016.4,0.0,23.9
2025-08-06T17:00,22.4,48,1017.1,0.1,24.5
2025-08-06T18:00,20.6,61,1018.7,0.1,22.8
2025-08-06T19:00,18.1,73,1020.4,0.0,21.0
2025-08-06T20:00,16.9,80,1021.9,0.0,18.3
2025-08-06T21:00,16.4,81,1022.7,0.0,16.8
2025-08-06T22:00,15.9,82,1023.5,0.0,15.5
2025-08-06T23:00,14.9,88,1024.2,0.0,15.3
2025-08-07T00:00,14.5,91,1024.1,0.0,14.3
2025-08-07T01:00,13.9,95,1023.7,0.0,13.3
2025-08-07T02:00,13.6,96,1023.4,0.0,14.4
2025-08-07T03:00,13.4,96,1023.2,0.0,14.1
2025-08-07T04:00,13.1,96,1023.1,0.0,13.3
2025-08-07T05:00,13.1,96,1023.2,0.0,13.3
2025-08-07T06:00,13.4,94,1023.9,0.0,13.2
2025-08-07T07:00,14.3,93,1023.8,0.1,13.4
2025-08-07T08:00,15.8,83,1024.4,0.0,16.8
2025-08-07T09:00,17.8,72,1024.0,0.0,15.3
2025-08-07T10:00,19.9,62,1023.6,0.0,14.1
2025-08-07T11:00,21.5,57,1022.6,0.0,10.3
2025-08-07T12:00,23.0,51,1021.0,0.0,7.9
2025-08-07T13:00,24.2,48,1019.6,0.0,6.7
2025-08-07T14:00,24.8,46,1018.1,0.0,3.8
2025-08-07T15:00,24.5,44,1016.5,0.0,3.2
2025-08-07T16:00,20.3,66,1018.0,0.2,20.0
2025-08-07T17:00,18.6,77,1020.1,4.7,13.0
2025-08-07T18:00,16.7,94,1021.0,3.4,7.5
2025-08-07T19:00,17.6,86,1020.2,0.2,4.7
2025-08-07T20:00,16.5,94,1021.5,0.1,10.3
2025-08-07T21:00,15.6,95,1022.4,0.0,5.8
2025-08-07T22:00,15.2,96,1023.0,0.0,5.4
2025-08-07T23:00,14.8,94,1023.6,0.2,5.9
2025-08-08T00:00,14.5,95,1023.0,0.1,5.3
2025-08-08T01:00,13.8,96,1022.7,0.1,1.1
2025-08-08T02:00,14.2,97,1021.9,0.2,0.8
2025-08-08T03:00,13.9,98,1021.1,0.1,2.1
2025-08-08T04:00,14.1,98,1021.1,0.1,3.3
2025-08-08T05:00,14.1,99,1020.8,0.0,2.6
2025-08-08T06:00,13.4,99,1021.1,0.0,2.8
2025-08-08T07:00,14.1,99,1021.6,0.0,2.0
2025-08-08T08:00,15.5,90,1021.4,0.1,4.4
2025-08-08T09:00,16.8,84,1021.0,0.1,4.8
2025-08-08T10:00,18.8,72,1020.7,0.2,4.5
2025-08-08T11:00,20.5,63,1019.8,0.1,4.2
2025-08-08T12:00,21.5,62,1018.9,0.3,3.7
2025-08-08T13:00,22.3,59,1017.3,0.0,3.1
2025-08-08T14:00,22.3,58,1016.4,0.0,2.9
2025-08-08T15:00,22.5,56,1015.0,0.2,6.3
2025-08-08T16:00,19.2,75,1016.1,1.6,5.6
2025-08-08T17:00,19.9,71,1015.7,0.1,2.2
2025-08-08T18:00,18.0,77,1017.1,0.0,10.5
2025-08-08T19:00,17.0,83,1017.8,0.0,12.1
2025-08-08T20:00,15.8,88,1018.2,0.0,3.1
2025-08-08T21:00,15.0,92,1019.2,0.0,3.1
2025-08-08T22:00,14.7,93,1019.8,0.0,2.3
2025-08-08T23:00,14.4,94,1020.2,0.0,1.3
2025-08-09T00:00,13.5,96,1020.2,0.0,1.1
2025-08-09T01:00,13.0,95,1020.0,0.0,3.2
2025-08-09T02:00,12.8,94,1019.2,0.0,0.6
2025-08-09T03:00,12.6,93,1018.8,0.0,0.0
2025-08-09T04:00,12.4,93,1018.7,0.0,0.6
2025-08-09T05:00,12.1,94,1019.0,0.0,0.8
2025-08-09T06:00,11.5,97,1019.2,0.0,0.7
2025-08-09T07:00,12.1,100,1020.0,0.0,1.6
2025-08-09T08:00,14.4,96,1020.5,0.0,1.5
2025-08-09T09:00,16.8,82,1020.2,0.0,0.9
2025-08-09T10:00,19.0,70,1019.4,0.0,1.3
2025-08-09T11:00,21.0,58,1018.2,0.0,4.7
2025-08-09T12:00,22.7,50,1016.8,0.0,5.9
2025-08-09T13:00,23.9,45,1015.3,0.0,7.8
2025-08-09T14:00,24.5,41,1014.0,0.0,9.3
2025-08-09T15:00,24.9,37,1012.9,0.0,8.7
2025-08-09T16:00,24.9,36,1012.0,0.0,9.6
2025-08-09T17:00,24.1,39,1011.7,0.0,13.0
2025-08-09T18:00,23.1,44,1012.1,0.0,10.8
2025-08-09T19:00,21.2,46,1013.5,0.0,17.4
2025-08-09T20:00,19.4,59,1015.4,0.0,15.1
2025-08-09T21:00,17.9,70,1016.9,0.0,11.4
2025-08-09T22:00,16.5,78,1018.3,0.0,8.7
2025-08-09T23:00,15.1,86,1019.2,0.0,6.5
2025-08-10T00:00,14.1,90,1019.5,0.0,5.4
2025-08-10T01:00,13.8,89,1019.3,0.0,2.5
2025-08-10T02:00,13.3,91,1018.8,0.0,2.2
2025-08-10T03:00,12.7,93,1018.6,0.0,1.9
2025-08-10T04:00,11.7,99,1018.6,0.0,3.5
2025-08-10T05:00,11.2,100,1019.2,0.0,3.4
2025-08-10T06:00,11.2,100,1019.5,0.0,3.6
2025-08-10T07:00,11.6,100,1020.4,0.0,4.8
2025-08-10T08:00,14.6,92,1021.2,0.0,3.5
2025-08-10T09:00,17.3,79,1020.8,0.0,4.2
2025-08-10T10:00,19.6,67,1020.0,0.0,4.2
2025-08-10T11:00,21.5,60,1019.0,0.0,3.7
2025-08-10T12:00,23.1,53,1017.6,0.0,2.8
2025-08-10T13:00,24.5,45,1016.0,0.0,2.7
2025-08-10T14:00,25.5,38,1014.1,0.0,4.6
2025-08-10T15:00,26.4,35,1012.7,0.0,6.2
2025-08-10T16:00,26.2,33,1012.1,0.0,6.4
2025-08-10T17:00,24.6,36,1012.2,0.0,13.4
2025-08-10T18:00,21.0,60,1014.4,0.0,17.3
2025-08-10T19:00,19.1,67,1015.8,0.0,2.9
2025-08-10T20:00,18.0,72,1016.6,0.0,5.2
2025-08-10T21:00,17.8,74,1017.3,0.0,6.0
2025-08-10T22:00,17.1,79,1018.1,0.0,7.3
2025-08-10T23:00,16.0,87,1018.7,0.0,7.0
2025-08-11T00:00,15.4,92,1019.1,0.0,7.0
2025-08-11T01:00,14.9,94,1019.1,0.0,6.7
2025-08-11T02:00,14.1,95,1019.2,0.0,4.3
2025-08-11T03:00,14.1,95,1018.7,0.0,1.0
2025-08-11T04:00,13.7,96,1018.6,0.0,1.7
2025-08-11T05:00,13.1,99,1018.8,0.0,2.3
2025-08-11T06:00,12.3,100,1019.2,0.0,3.8
2025-08-11T07:00,12.5,100,1019.8,0.0,6.9
2025-08-11T08:00,14.6,96,1020.8,0.0,7.8
2025-08-11T09:00,17.5,79,1020.5,0.0,9.4
2025-08-11T10:00,19.9,68,1019.8,0.0,8.5
2025-08-11T11:00,22.2,55,1018.1,0.0,5.7
2025-08-11T12:00,24.1,45,1016.4,0.0,4.0
2025-08-11T13:00,25.5,37,1014.9,0.0,3.6
2025-08-11T14:00,26.1,35,1013.2,0.0,3.2
2025-08-11T15:00,26.8,32,1011.4,0.0,4.8
2025-08-11T16:00,26.9,31,1010.8,0.0,7.6
2025-08-11T17:00,26.0,33,1011.2,0.0,11.8
2025-08-11T18:00,23.0,43,1013.6,0.0,17.4
2025-08-11T19:00,21.2,56,1015.0,0.0,7.7
2025-08-11T20:00,19.0,68,1016.3,0.1,4.0
2025-08-11T21:00,17.5,75,1016.9,0.0,5.3
2025-08-11T22:00,16.8,79,1018.1,0.0,5.2
2025-08-11T23:00,16.1,84,1018.5,0.0,5.2
2025-08-12T00:00,15.6,88,1018.5,0.0,5.6
2025-08-12T01:00,14.9,90,1018.6,0.0,5.0
2025-08-12T02:00,14.8,93,1019.0,0.0,5.6
2025-08-12T03:00,14.1,96,1018.5,0.0,4.9
2025-08-12T04:00,13.8,98,1018.6,0.0,6.2
2025-08-12T05:00,13.6,100,1018.9,0.0,6.3
2025-08-12T06:00,13.6,100,1019.4,0.0,5.2
2025-08-12T07:00,14.3,99,1020.0,0.0,6.5
2025-08-12T08:00,15.4,94,1020.5,0.0,8.0
2025-08-12T09:00,18.1,77,1019.8,0.0,7.1
2025-08-12T10:00,20.2,67,1018.7,0.0,4.4
2025-08-12T11:00,22.5,58,1017.5,0.0,3.9
2025-08-12T12:00,24.1,49,1016.2,0.0,4.8
2025-08-12T13:00,25.3,43,1014.7,0.0,7.2
2025-08-12T14:00,26.0,39,1013.5,0.0,10.0
2025-08-12T15:00,25.5,39,1012.5,0.0,13.8
2025-08-12T16:00,24.4,44,1012.7,0.1,15.5
2025-08-12T17:00,23.4,45,1013.1,0.1,21.5
2025-08-12T18:00,20.8,64,1015.0,0.1,14.7
2025-08-12T19:00,18.0,86,1016.7,0.1,4.7
2025-08-12T20:00,16.6,94,1017.0,0.0,3.3
2025-08-12T21:00,16.2,93,1017.8,0.0,6.5
2025-08-12T22:00,15.6,94,1018.7,0.0,5.3
2025-08-12T23:00,15.1,94,1019.1,0.0,4.3
2025-08-13T00:00,14.9,95,1019.2,0.0,6.1
2025-08-13T01:00,15.2,95,1019.3,0.0,9.4
2025-08-13T02:00,14.9,95,1019.3,0.0,10.6
2025-08-13T03:00,14.5,97,1019.1,0.0,10.3
2025-08-13T04:00,14.2,97,1019.4,0.0,10.4
2025-08-13T05:00,13.8,98,1019.2,0.0,9.9
2025-08-13T06:00,13.5,98,1019.3,0.0,8.5
2025-08-13T07:00,14.1,99,1020.2,0.0,9.6
2025-08-13T08:00,15.8,88,1020.2,0.0,13.5
2025-08-13T09:00,17.6,76,1020.0,0.0,11.8
2025-08-13T10:00,19.9,66,1019.8,0.0,8.7
2025-08-13T11:00,22.1,53,1018.6,0.0,8.1
2025-08-13T12:00,24.0,43,1016.5,0.0,9.0
2025-08-13T13:00,25.6,37,1014.9,0.0,10.0
2025-08-13T14:00,26.6,33,1013.2,0.0,10.0
2025-08-13T15:00,27.0,31,1011.7,0.0,12.7
2025-08-13T16:00,26.1,34,1011.1,0.0,19.9
2025-08-13T17:00,24.8,39,1011.7,0.0,19.8
2025-08-13T18:00,22.5,49,1013.0,0.0,20.1
2025-08-13T19:00,20.8,59,1014.7,0.0,20.1
2025-08-13T20:00,19.0,68,1016.4,0.0,16.8
2025-08-13T21:00,17.9,75,1017.3,0.0,13.0
2025-08-13T22:00,16.9,82,1019.0,0.0,6.3
2025-08-13T23:00,15.9,87,1019.9,0.0,5.5
2025-08-14T00:00,14.9,92,1020.1,0.0,5.1
2025-08-14T01:00,14.3,94,1020.0,0.0,4.8
2025-08-14T02:00,13.6,96,1019.6,0.0,4.4
2025-08-14T03:00,13.2,97,1019.3,0.0,3.3
2025-08-14T04:00,12.9,99,1019.4,0.0,2.0
2025-08-14T05:00,12.6,99,1019.6,0.0,2.2
2025-08-14T06:00,12.5,100,1020.0,0.0,2.2
2025-08-14T07:00,13.7,100,1020.8,0.0,3.1
2025-08-14T08:00,14.8,97,1021.2,0.0,2.3
2025-08-14T09:00,17.4,79,1020.7,0.1,2.0
2025-08-14T10:00,19.9,66,1019.7,0.0,1.2
2025-08-14T11:00,21.9,55,1018.3,0.0,1.5
2025-08-14T12:00,23.8,49,1016.9,0.0,2.0
2025-08-14T13:00,25.2,42,1015.5,0.0,3.4
2025-08-14T14:00,26.3,38,1013.9,0.0,4.5
2025-08-14T15:00,26.5,36,1012.8,0.0,10.9
2025-08-14T16:00,25.8,38,1012.9,0.0,13.6
2025-08-14T17:00,22.5,53,1014.1,1.1,12.7
2025-08-14T18:00,18.8,76,1017.0,3.2,11.3
2025-08-14T19:00,15.4,93,1018.9,17.2,14.6
2025-08-14T20:00,15.4,89,1018.8,4.5,2.9
2025-08-14T21:00,15.6,92,1019.8,0.1,3.1
2025-08-14T22:00,15.4,95,1020.7,0.1,6.1
2025-08-14T23:00,14.6,96,1020.8,0.0,3.2
2025-08-15T00:00,14.4,95,1020.6,0.0,1.8
2025-08-15T01:00,14.1,96,1020.2,0.0,0.6
2025-08-15T02:00,13.4,97,1019.9,0.0,4.1
2025-08-15T03:00,13.2,96,1019.5,0.0,3.2
2025-08-15T04:00,12.6,97,1019.9,0.0,3.8
2025-08-15T05:00,12.6,98,1019.9,0.0,3.6
2025-08-15T06:00,12.7,96,1020.7,0.0,1.9
2025-08-15T07:00,13.0,99,1021.8,0.0,2.1
2025-08-15T08:00,14.8,91,1022.4,0.0,3.4
2025-08-15T09:00,17.6,78,1021.8,0.0,7.4
2025-08-15T10:00,19.6,66,1021.4,0.0,7.0
2025-08-15T11:00,21.2,60,1020.6,0.0,6.7
2025-08-15T12:00,23.4,54,1019.0,0.0,5.7
2025-08-15T13:00,24.0,52,1017.9,0.0,7.3
2025-08-15T14:00,24.6,50,1016.5,0.1,7.2
2025-08-15T15:00,24.1,49,1016.3,0.0,4.4
2025-08-15T16:00,21.0,69,1017.6,5.2,8.4
2025-08-15T17:00,18.9,77,1018.5,0.0,11.0
2025-08-15T18:00,19.7,68,1018.7,0.0,2.8
2025-08-15T19:00,18.0,86,1019.8,1.3,6.6
2025-08-15T20:00,16.6,89,1020.4,0.3,1.8
2025-08-15T21:00,15.8,92,1021.6,0.0,2.9
2025-08-15T22:00,15.4,95,1022.0,0.0,1.5
2025-08-15T23:00,14.5,97,1022.0,0.0,3.1
2025-08-16T00:00,14.0,97,1021.7,0.0,4.0
2025-08-16T01:00,13.6,97,1021.7,0.0,4.0
2025-08-16T02:00,14.1,96,1022.0,0.6,0.3
2025-08-16T03:00,13.9,99,1023.2,2.0,3.6
2025-08-16T04:00,13.9,99,1023.1,0.9,4.4
2025-08-16T05:00,13.8,99,1023.0,0.5,3.0
2025-08-16T06:00,13.4,99,1022.7,0.2,4.6
2025-08-16T07:00,13.6,99,1022.7,0.0,3.8
2025-08-16T08:00,15.8,91,1023.2,0.0,2.6
2025-08-16T09:00,17.4,84,1023.1,0.0,1.8
2025-08-16T10:00,19.0,77,1022.7,0.1,3.4
2025-08-16T11:00,20.8,69,1021.6,0.1,4.2
2025-08-16T12:00,22.1,63,1020.2,0.0,5.7
2025-08-16T13:00,22.6,61,1018.9,0.1,3.6
2025-08-16T14:00,23.1,59,1017.7,0.1,1.4
2025-08-16T15:00,23.2,56,1016.3,0.0,7.2
2025-08-16T16:00,23.9,48,1015.2,0.1,12.5
2025-08-16T17:00,23.1,43,1014.7,0.1,14.8
2025-08-16T18:00,21.7,51,1015.4,0.0,16.2
2025-08-16T19:00,19.6,62,1016.5,0.0,9.1
2025-08-16T20:00,17.4,73,1017.9,0.0,7.0
2025-08-16T21:00,16.3,81,1019.3,0.0,7.7
2025-08-16T22:00,15.3,88,1020.4,0.0,6.9
2025-08-16T23:00,14.4,92,1021.1,0.0,6.2
2025-08-17T00:00,13.8,95,1020.8,0.0,6.0
2025-08-17T01:00,13.2,96,1020.6,0.0,5.6
2025-08-17T02:00,13.0,97,1020.4,0.0,5.8
2025-08-17T03:00,12.7,100,1020.5,0.0,5.8
2025-08-17T04:00,12.5,99,1020.2,0.0,5.6
2025-08-17T05:00,12.6,99,1020.2,0.0,6.5
2025-08-17T06:00,12.6,98,1021.2,0.0,6.8
2025-08-17T07:00,13.2,97,1022.0,0.0,8.8
2025-08-17T08:00,13.4,94,1022.1,0.0,9.5
2025-08-17T09:00,16.2,75,1021.4,0.0,11.7
2025-08-17T10:00,18.6,65,1020.9,0.0,10.4
2025-08-17T11:00,20.6,56,1019.7,0.0,11.0
2025-08-17T12:00,22.4,48,1018.2,0.0,12.7
2025-08-17T13:00,23.6,43,1016.4,0.0,14.3
2025-08-17T14:00,24.0,42,1015.0,0.0,14.9
2025-08-17T15:00,24.2,43,1014.0,0.0,15.1
2025-08-17T16:00,24.0,41,1012.7,0.0,15.8
2025-08-17T17:00,23.5,42,1012.7,0.0,18.2
2025-08-17T18:00,21.9,48,1013.3,0.0,18.3
2025-08-17T19:00,19.9,55,1014.9,0.0,17.6
2025-08-17T20:00,18.1,67,1016.6,0.0,16.3
2025-08-17T21:00,16.5,78,1017.9,0.0,12.5
2025-08-17T22:00,15.4,85,1019.0,0.0,10.0
2025-08-17T23:00,14.8,89,1019.5,0.0,10.4
2025-08-18T00:00,14.1,93,1019.7,0.0,9.7
2025-08-18T01:00,13.8,95,1019.6,0.0,9.2
2025-08-18T02:00,13.4,96,1019.0,0.0,8.3
2025-08-18T03:00,13.1,97,1018.9,0.0,7.7
2025-08-18T04:00,12.8,98,1018.8,0.0,7.6
2025-08-18T05:00,12.4,99,1019.3,0.0,6.4
2025-08-18T06:00,11.9,100,1019.9,0.0,5.1
2025-08-18T07:00,12.8,99,1020.5,0.0,7.4
2025-08-18T08:00,13.7,96,1021.2,0.0,8.8
2025-08-18T09:00,16.0,80,1021.0,0.0,11.4
2025-08-18T10:00,18.9,63,1020.3,0.0,11.5
2025-08-18T11:00,21.2,54,1018.9,0.0,10.5
2025-08-18T12:00,23.4,46,1017.3,0.0,11.7
2025-08-18T13:00,24.9,40,1015.5,0.0,14.9
2025-08-18T14:00,25.8,35,1013.6,0.0,17.7
2025-08-18T15:00,25.5,38,1013.2,0.0,20.0
2025-08-18T16:00,24.9,39,1012.8,0.0,19.4
2025-08-18T17:00,24.1,41,1013.0,0.0,19.1
2025-08-18T18:00,22.9,44,1013.7,0.0,17.1
2025-08-18T19:00,20.5,54,1015.6,0.0,18.0
2025-08-18T20:00,18.6,66,1017.3,0.0,17.4
2025-08-18T21:00,17.2,76,1018.8,0.0,13.3
2025-08-18T22:00,16.2,82,1019.6,0.0,10.5
2025-08-18T23:00,15.1,89,1020.1,0.0,7.7
2025-08-19T00:00,14.6,92,1020.3,0.0,7.2
2025-08-19T01:00,13.9,94,1020.0,0.0,6.7
2025-08-19T02:00,13.3,96,1020.0,0.0,5.8
2025-08-19T03:00,12.9,97,1019.9,0.0,5.5
2025-08-19T04:00,12.5,99,1020.0,0.0,5.7
2025-08-19T05:00,12.5,100,1020.2,0.0,7.0
2025-08-19T06:00,12.4,99,1020.8,0.0,7.2
2025-08-19T07:00,12.8,99,1021.6,0.0,10.3
2025-08-19T08:00,13.9,95,1022.0,0.0,12.2
2025-08-19T09:00,16.4,78,1021.6,0.0,14.1
2025-08-19T10:00,19.6,62,1020.4,0.0,11.6
2025-08-19T11:00,22.0,52,1018.8,0.0,12.1
2025-08-19T12:00,23.9,45,1017.3,0.0,12.3
2025-08-19T13:00,25.5,39,1015.7,0.0,11.7
2025-08-19T14:00,26.1,37,1014.3,0.0,14.8
2025-08-19T15:00,26.3,35,1013.2,0.0,16.8
2025-08-19T16:00,26.4,34,1012.6,0.0,18.1
2025-08-19T17:00,25.0,36,1013.1,0.0,18.8
2025-08-19T18:00,23.2,45,1013.9,0.0,18.3
2025-08-19T19:00,21.2,55,1015.3,0.0,15.0
2025-08-19T20:00,19.5,65,1016.9,0.0,15.2
2025-08-19T21:00,18.0,74,1018.1,0.0,13.2
2025-08-19T22:00,16.9,81,1019.1,0.0,10.9
2025-08-19T23:00,15.9,87,1019.8,0.0,8.8
2025-08-20T00:00,15.1,92,1020.1,0.0,6.9
2025-08-20T01:00,14.4,93,1019.9,0.0,5.8
2025-08-20T02:00,13.6,95,1019.6,0.0,5.3
2025-08-20T03:00,13.1,97,1019.5,0.0,5.2
2025-08-20T04:00,12.8,99,1019.7,0.0,5.5
2025-08-20T05:00,12.8,100,1019.9,0.0,6.5
2025-08-20T06:00,12.7,99,1020.0,0.0,9.3
2025-08-20T07:00,13.2,99,1020.3,0.0,10.5
2025-08-20T08:00,14.2,95,1020.6,0.0,11.1
2025-08-20T09:00,16.8,78,1020.1,0.0,13.4
2025-08-20T10:00,20.1,60,1019.2,0.0,9.6
2025-08-20T11:00,22.7,47,1017.8,0.0,9.4
2025-08-20T12:00,24.4,39,1016.3,0.0,10.1
2025-08-20T13:00,25.2,35,1014.8,0.0,10.1
2025-08-20T14:00,26.3,32,1013.2,0.1,10.8
2025-08-20T15:00,26.6,31,1012.1,0.0,12.0
2025-08-20T16:00,26.0,32,1011.3,0.0,12.9
2025-08-20T17:00,25.5,33,1011.1,0.0,14.2
2025-08-20T18:00,24.1,37,1011.6,0.0,14.8
2025-08-20T19:00,22.1,44,1012.5,0.0,15.0
2025-08-20T20:00,19.9,60,1014.4,0.0,16.9
2025-08-20T21:00,18.0,70,1016.2,0.0,14.3
2025-08-20T22:00,17.0,76,1017.7,0.0,12.1
2025-08-20T23:00,16.1,81,1018.0,0.0,10.8
2025-08-21T00:00,15.3,86,1018.6,0.0,9.5
2025-08-21T01:00,14.6,91,1018.5,0.0,8.3
2025-08-21T02:00,14.0,94,1018.4,0.0,6.7
2025-08-21T03:00,13.2,96,1018.0,0.0,5.0
2025-08-21T04:00,12.7,97,1018.1,0.0,4.8
2025-08-21T05:00,12.4,99,1018.7,0.0,3.7
2025-08-21T06:00,12.0,100,1019.3,0.0,3.6
2025-08-21T07:00,13.2,99,1019.6,0.0,5.6
2025-08-21T08:00,14.3,96,1019.8,0.0,7.9
2025-08-21T09:00,16.6,82,1019.4,0.1,9.9
2025-08-21T10:00,19.0,68,1018.5,0.0,9.0
2025-08-21T11:00,21.8,56,1017.0,0.0,7.6
2025-08-21T12:00,23.8,45,1015.3,0.1,6.7
2025-08-21T13:00,24.8,40,1013.7,0.1,7.5
2025-08-21T14:00,25.6,36,1012.0,0.0,8.9
2025-08-21T15:00,26.1,34,1010.5,0.0,10.6
2025-08-21T16:00,26.4,33,1009.6,0.0,10.9
2025-08-21T17:00,25.9,33,1009.4,0.0,12.9
2025-08-21T18:00,23.7,42,1010.4,0.0,19.2
2025-08-21T19:00,21.5,54,1012.6,0.0,19.6
2025-08-21T20:00,19.9,63,1014.0,0.0,17.0
2025-08-21T21:00,18.6,72,1015.2,0.0,10.5
2025-08-21T22:00,17.0,84,1017.3,0.1,1.8
2025-08-21T23:00,16.5,87,1018.3,0.4,3.7
2025-08-22T00:00,16.4,89,1018.4,0.1,5.2
2025-08-22T01:00,15.7,91,1018.2,0.5,0.8
2025-08-22T02:00,16.0,90,1017.9,0.1,2.1
2025-08-22T03:00,15.4,94,1017.4,0.0,4.0
2025-08-22T04:00,14.5,98,1017.6,0.0,3.3
2025-08-22T05:00,14.2,99,1017.5,0.0,3.8
2025-08-22T06:00,13.9,99,1017.5,0.0,4.0
2025-08-22T07:00,14.6,99,1018.7,0.0,4.5
2025-08-22T08:00,16.0,89,1019.1,0.0,7.6
2025-08-22T09:00,17.9,79,1018.6,0.2,9.2
2025-08-22T10:00,20.4,65,1017.7,0.1,9.9
2025-08-22T11:00,22.5,55,1016.7,0.1,9.0
2025-08-22T12:00,24.1,51,1015.6,0.0,8.6
2025-08-22T13:00,25.4,46,1014.0,0.0,7.3
2025-08-22T14:00,25.9,44,1012.4,0.0,6.6
2025-08-22T15:00,25.2,46,1011.1,0.2,8.7
2025-08-22T16:00,25.3,45,1010.7,0.2,12.9
2025-08-22T17:00,21.8,62,1012.3,0.9,10.6
2025-08-22T18:00,18.9,79,1014.4,6.2,17.1
2025-08-22T19:00,17.4,89,1016.0,2.9,12.3
2025-08-22T20:00,16.0,93,1017.5,0.1,12.4
2025-08-22T21:00,15.8,95,1018.2,0.2,5.8
2025-08-22T22:00,15.8,95,1018.9,0.1,4.0
2025-08-22T23:00,15.7,94,1019.5,0.9,3.0
2025-08-23T00:00,16.0,93,1019.6,1.1,4.9
2025-08-23T01:00,15.9,97,1019.2,0.4,3.4
2025-08-23T02:00,15.7,96,1018.6,0.4,3.3
2025-08-23T03:00,15.4,98,1018.0,0.1,2.4
2025-08-23T04:00,15.1,98,1017.9,0.0,2.5
2025-08-23T05:00,15.1,95,1017.9,0.1,2.2
2025-08-23T06:00,15.1,97,1018.4,0.0,2.1
2025-08-23T07:00,15.4,97,1019.1,0.0,1.0
2025-08-23T08:00,16.3,91,1019.5,0.1,2.8
2025-08-23T09:00,18.1,81,1019.0,0.1,1.0
2025-08-23T10:00,20.1,72,1018.7,0.1,0.5
2025-08-23T11:00,21.8,67,1017.8,0.1,0.8
2025-08-23T12:00,23.4,58,1015.7,0.1,3.1
2025-08-23T13:00,24.4,55,1014.0,0.0,5.8
2025-08-23T14:00,24.5,54,1012.7,0.0,7.5
2025-08-23T15:00,23.0,62,1012.3,4.2,11.2
2025-08-23T16:00,18.9,83,1014.8,12.0,2.2
2025-08-23T17:00,18.2,85,1015.1,1.4,4.6
2025-08-23T18:00,17.5,90,1015.1,0.5,3.6
2025-08-23T19:00,16.7,94,1016.9,0.4,8.6
2025-08-23T20:00,16.8,94,1017.0,0.1,8.0
2025-08-23T21:00,15.5,95,1018.6,1.0,2.7
2025-08-23T22:00,15.8,97,1019.3,1.2,3.1
2025-08-23T23:00,15.4,98,1019.9,0.1,4.3
2025-08-24T00:00,15.2,98,1019.9,0.0,4.0
2025-08-24T01:00,15.4,97,1019.5,0.0,5.5
2025-08-24T02:00,14.6,99,1018.9,0.0,4.2
2025-08-24T03:00,14.6,99,1018.6,0.0,4.4
2025-08-24T04:00,14.8,99,1018.7,0.0,4.6
2025-08-24T05:00,14.8,100,1018.5,0.0,3.6
2025-08-24T06:00,14.7,99,1019.0,0.0,2.9
2025-08-24T07:00,14.6,97,1019.3,0.3,4.4
2025-08-24T08:00,16.0,92,1019.7,0.1,3.3
2025-08-24T09:00,17.8,87,1019.3,0.1,3.0
2025-08-24T10:00,19.5,78,1019.1,0.1,2.9
2025-08-24T11:00,20.8,73,1018.2,0.2,3.5
2025-08-24T12:00,22.0,66,1017.0,0.2,4.4
2025-08-24T13:00,22.7,62,1015.2,0.1,4.1
2025-08-24T14:00,23.1,61,1013.8,0.1,3.7
2025-08-24T15:00,21.2,65,1014.3,1.8,9.3
2025-08-24T16:00,18.4,82,1015.5,5.7,3.5
2025-08-24T17:00,18.7,82,1014.6,0.2,6.2
2025-08-24T18:00,18.9,80,1015.6,0.2,7.9
2025-08-24T19:00,17.5,91,1016.5,0.2,2.1
2025-08-24T20:00,15.9,97,1018.1,2.3,10.2
2025-08-24T21:00,15.6,97,1019.1,0.2,6.5
2025-08-24T22:00,15.4,97,1020.2,4.6,8.6
2025-08-24T23:00,15.1,98,1020.9,4.2,9.0
2025-08-25T00:00,14.9,98,1020.3,0.2,6.9
2025-08-25T01:00,15.1,98,1019.6,0.1,5.2
2025-08-25T02:00,14.9,99,1019.1,0.0,3.1
2025-08-25T03:00,15.0,99,1019.1,0.0,5.8
2025-08-25T04:00,15.1,95,1019.0,0.4,8.7
2025-08-25T05:00,15.0,98,1019.0,0.3,6.9
2025-08-25T06:00,14.8,99,1019.4,0.0,1.8
2025-08-25T07:00,15.5,97,1019.5,0.0,6.9
2025-08-25T08:00,16.5,95,1020.2,0.1,6.2
2025-08-25T09:00,17.8,88,1019.9,0.1,4.9
2025-08-25T10:00,19.6,79,1019.5,0.1,9.2
2025-08-25T11:00,20.9,72,1018.8,0.0,10.8
2025-08-25T12:00,22.0,65,1017.7,0.0,10.1
2025-08-25T13:00,22.3,64,1016.4,0.1,10.3
2025-08-25T14:00,23.0,59,1015.2,0.1,6.9
2025-08-25T15:00,22.6,58,1014.3,0.0,10.8
2025-08-25T16:00,20.4,71,1015.3,0.0,13.2
2025-08-25T17:00,19.9,72,1015.5,0.9,12.5
2025-08-25T18:00,18.7,81,1016.6,2.5,4.2
2025-08-25T19:00,16.2,92,1018.2,3.3,4.4
2025-08-25T20:00,16.1,96,1019.4,0.1,7.2
2025-08-25T21:00,15.4,98,1020.1,0.1,5.6
2025-08-25T22:00,15.2,98,1020.9,0.0,5.9
2025-08-25T23:00,15.1,98,1020.9,0.0,5.4
2025-08-26T00:00,14.9,98,1021.2,0.0,5.5
2025-08-26T01:00,15.1,99,1021.0,0.0,9.0
2025-08-26T02:00,15.1,98,1020.8,0.0,12.4
2025-08-26T03:00,14.6,99,1020.4,0.0,13.1
2025-08-26T04:00,14.2,99,1020.4,0.0,10.7
2025-08-26T05:00,14.2,99,1020.3,0.0,8.8
2025-08-26T06:00,14.2,98,1021.0,0.0,9.0
2025-08-26T07:00,13.9,99,1021.8,0.0,10.7
2025-08-26T08:00,15.1,91,1022.0,0.2,15.9
2025-08-26T09:00,17.0,82,1021.5,0.1,15.7
2025-08-26T10:00,19.0,71,1020.9,0.1,16.1
2025-08-26T11:00,20.6,63,1020.3,0.0,14.8
2025-08-26T12:00,22.0,58,1019.1,0.0,14.9
2025-08-26T13:00,23.1,48,1017.8,0.0,15.6
2025-08-26T14:00,23.6,44,1016.5,0.0,18.4
2025-08-26T15:00,23.4,51,1015.6,0.0,19.0
2025-08-26T16:00,23.3,50,1014.8,0.0,19.0
2025-08-26T17:00,22.5,51,1014.6,0.0,19.5
2025-08-26T18:00,20.1,64,1016.3,0.0,19.6
2025-08-26T19:00,18.2,67,1017.7,0.0,17.6
2025-08-26T20:00,16.5,77,1019.7,0.0,17.4
2025-08-26T21:00,15.3,89,1021.2,0.0,14.8
2025-08-26T22:00,14.6,94,1022.6,0.0,13.3
2025-08-26T23:00,14.4,96,1022.9,0.0,11.6
2025-08-27T00:00,14.0,98,1022.8,0.0,11.1
2025-08-27T01:00,13.9,98,1022.6,0.0,10.1
2025-08-27T02:00,13.6,99,1022.4,0.0,8.9
2025-08-27T03:00,13.5,98,1022.1,0.0,8.3
2025-08-27T04:00,13.4,99,1022.0,0.0,8.6
2025-08-27T05:00,13.2,99,1022.4,0.0,8.3
2025-08-27T06:00,13.1,99,1022.6,0.0,8.5
2025-08-27T07:00,14.4,96,1023.2,0.0,8.3
2025-08-27T08:00,15.7,87,1023.6,0.1,11.6
2025-08-27T09:00,17.1,80,1023.3,0.2,14.4
2025-08-27T10:00,18.5,73,1022.6,0.1,13.5
2025-08-27T11:00,20.9,63,1021.3,0.1,12.4
2025-08-27T12:00,21.9,59,1019.9,0.1,14.6
2025-08-27T13:00,22.6,56,1018.5,0.0,14.2
2025-08-27T14:00,21.8,57,1017.8,0.3,16.5
2025-08-27T15:00,22.2,57,1016.9,0.4,16.3
2025-08-27T16:00,21.4,60,1016.5,0.1,17.0
2025-08-27T17:00,19.1,77,1018.1,1.1,14.0
2025-08-27T18:00,17.3,88,1019.2,1.3,11.4
2025-08-27T19:00,16.2,92,1020.3,0.9,9.1
2025-08-27T20:00,15.6,93,1021.0,0.4,7.4
2025-08-27T21:00,15.6,94,1021.3,0.2,7.8
2025-08-27T22:00,14.8,96,1022.4,0.0,7.0
2025-08-27T23:00,14.6,97,1023.0,0.0,8.2
2025-08-28T00:00,14.4,97,1023.2,0.0,10.3
2025-08-28T01:00,14.0,98,1022.8,0.0,9.5
2025-08-28T02:00,13.9,98,1022.5,0.0,7.4
2025-08-28T03:00,13.9,98,1022.2,0.0,9.1
2025-08-28T04:00,13.5,98,1022.3,0.0,9.4
2025-08-28T05:00,13.2,98,1022.4,0.0,8.9
2025-08-28T06:00,12.9,98,1022.8,0.0,8.4
2025-08-28T07:00,14.0,97,1022.6,0.0,8.3
2025-08-28T08:00,15.4,88,1022.5,0.0,11.6
2025-08-28T09:00,17.1,80,1021.9,0.0,9.9
2025-08-28T10:00,19.1,72,1021.5,0.1,8.4
2025-08-28T11:00,20.1,66,1020.7,0.1,5.5
2025-08-28T12:00,22.0,62,1019.4,0.1,3.5
2025-08-28T13:00,22.8,61,1018.2,0.1,3.9
2025-08-28T14:00,23.1,60,1016.3,0.0,8.7
2025-08-28T15:00,23.4,58,1015.8,0.1,11.0
2025-08-28T16:00,22.0,64,1015.5,1.0,9.9
2025-08-28T17:00,19.6,72,1016.6,1.1,9.4
2025-08-28T18:00,18.9,78,1017.5,0.2,7.9
2025-08-28T19:00,16.4,92,1019.7,13.5,7.9
2025-08-28T20:00,16.1,92,1019.7,0.3,1.3
2025-08-28T21:00,15.4,98,1019.9,0.0,2.0
2025-08-28T22:00,15.4,96,1020.6,0.0,0.4
2025-08-28T23:00,15.1,96,1020.9,0.0,2.6
2025-08-29T00:00,14.1,98,1020.7,0.0,3.8
2025-08-29T01:00,13.5,99,1020.8,0.0,5.1
2025-08-29T02:00,13.1,99,1021.2,0.0,5.0
2025-08-29T03:00,13.4,100,1020.7,0.0,6.0
2025-08-29T04:00,13.1,100,1020.8,0.0,5.4
2025-08-29T05:00,12.8,100,1020.8,0.0,4.9
2025-08-29T06:00,12.8,99,1021.4,0.0,5.2
2025-08-29T07:00,13.1,99,1022.3,0.0,5.2
2025-08-29T08:00,13.9,98,1022.3,0.0,6.8
2025-08-29T09:00,15.6,86,1022.2,0.0,10.2
2025-08-29T10:00,18.1,73,1021.3,0.0,9.7
2025-08-29T11:00,20.4,64,1020.0,0.0,9.4
2025-08-29T12:00,22.2,57,1018.2,0.0,10.4
2025-08-29T13:00,23.5,50,1016.4,0.0,12.4
2025-08-29T14:00,24.4,44,1014.6,0.0,13.8
2025-08-29T15:00,24.6,44,1013.5,0.0,15.0
2025-08-29T16:00,23.6,48,1013.2,0.0,16.1
2025-08-29T17:00,23.0,50,1013.3,0.0,13.7
2025-08-29T18:00,22.0,56,1013.3,0.0,11.2
2025-08-29T19:00,20.0,62,1014.4,0.0,16.0
2025-08-29T20:00,18.2,72,1016.5,0.0,15.1
2025-08-29T21:00,16.8,81,1017.4,0.0,12.2
2025-08-29T22:00,15.7,89,1018.6,0.0,9.6
2025-08-29T23:00,15.1,93,1019.3,0.0,8.5
2025-08-30T00:00,14.6,95,1019.4,0.0,6.7
2025-08-30T01:00,13.9,97,1018.9,0.0,6.0
2025-08-30T02:00,13.4,99,1018.6,0.0,6.3
2025-08-30T03:00,13.2,99,1017.9,0.0,6.9
2025-08-30T04:00,13.0,100,1018.1,0.0,7.7
2025-08-30T05:00,13.4,99,1018.4,0.0,8.3
2025-08-30T06:00,13.2,99,1019.0,0.0,6.7
2025-08-30T07:00,13.1,100,1019.1,0.0,8.3
2025-08-30T08:00,14.6,93,1020.0,0.0,10.5
2025-08-30T09:00,16.8,80,1019.5,0.1,13.8
2025-08-30T10:00,19.0,69,1018.7,0.1,14.9
2025-08-30T11:00,20.5,63,1017.7,0.0,14.4
2025-08-30T12:00,21.9,57,1016.2,0.0,13.8
2025-08-30T13:00,23.0,54,1014.8,0.0,12.4
2025-08-30T14:00,24.2,49,1012.9,0.0,12.6
2025-08-30T15:00,24.5,46,1011.6,0.1,16.5
2025-08-30T16:00,22.8,55,1012.0,0.4,18.0
2025-08-30T17:00,22.9,55,1011.9,0.0,14.9
2025-08-30T18:00,21.2,62,1013.1,0.0,13.3
2025-08-30T19:00,19.4,69,1014.4,0.0,16.6
2025-08-30T20:00,17.6,80,1015.7,0.0,11.0
2025-08-30T21:00,15.9,90,1016.7,0.0,4.8
2025-08-30T22:00,15.2,93,1017.8,0.0,5.4
2025-08-30T23:00,14.9,94,1018.4,0.0,6.1
2025-08-31T00:00,14.4,95,1018.2,0.0,6.1
2025-08-31T01:00,14.4,95,1018.6,0.0,7.6
2025-08-31T02:00,14.2,96,1018.6,0.0,8.6
2025-08-31T03:00,14.0,97,1018.3,0.0,7.8
2025-08-31T04:00,13.6,99,1018.3,0.0,7.9
2025-08-31T05:00,13.1,100,1018.7,0.0,7.3
2025-08-31T06:00,13.5,100,1019.1,0.0,7.7
2025-08-31T07:00,14.2,99,1019.4,0.0,11.7
2025-08-31T08:00,15.4,91,1019.7,0.0,15.4
2025-08-31T09:00,17.8,75,1019.3,0.0,15.5
2025-08-31T10:00,20.0,62,1018.2,0.0,16.7
2025-08-31T11:00,22.1,53,1017.0,0.0,17.3
2025-08-31T12:00,23.8,47,1015.6,0.0,16.8
2025-08-31T13:00,24.4,46,1014.7,0.0,16.2
2025-08-31T14:00,24.8,47,1013.2,0.0,15.9
2025-08-31T15:00,24.8,47,1012.0,0.0,17.8
2025-08-31T16:00,24.6,46,1011.8,0.0,19.2
2025-08-31T17:00,23.5,48,1012.1,0.0,20.6
2025-08-31T18:00,21.2,60,1013.6,0.0,20.4
2025-08-31T19:00,20.0,64,1014.7,0.0,18.0
2025-08-31T20:00,18.4,74,1016.2,0.0,15.6
2025-08-31T21:00,17.0,83,1017.6,0.0,12.8
2025-08-31T22:00,16.1,88,1018.7,0.0,11.8
2025-08-31T23:00,15.3,93,1019.1,0.0,10.6
2025-09-01T00:00,14.8,95,1019.5,0.0,9.5
2025-09-01T01:00,14.4,97,1019.5,0.0,9.4
2025-09-01T02:00,14.1,98,1019.0,0.0,8.1
2025-09-01T03:00,13.9,99,1018.9,0.0,9.7
2025-09-01T04:00,13.8,99,1019.2,0.0,10.1
2025-09-01T05:00,13.7,100,1019.7,0.0,10.1
2025-09-01T06:00,13.8,100,1019.7,0.0,9.6
2025-09-01T07:00,14.1,99,1019.7,0.0,9.8
2025-09-01T08:00,15.9,90,1019.9,0.0,14.4
2025-09-01T09:00,18.2,76,1019.5,0.1,16.4
2025-09-01T10:00,20.5,65,1018.9,0.0,16.2
2025-09-01T11:00,22.1,59,1018.1,0.0,14.8
2025-09-01T12:00,23.6,54,1016.7,0.0,12.9
2025-09-01T13:00,24.3,51,1014.9,0.0,10.5
2025-09-01T14:00,24.2,50,1013.9,0.0,10.3
2025-09-01T15:00,23.9,49,1013.3,0.0,9.9
2025-09-01T16:00,18.0,85,1016.4,3.0,9.0
2025-09-01T17:00,17.3,92,1017.7,4.9,4.9
2025-09-01T18:00,17.2,94,1017.5,2.4,2.8
2025-09-01T19:00,16.8,92,1019.0,0.8,3.4
2025-09-01T20:00,16.5,94,1019.5,0.6,5.2
2025-09-01T21:00,16.0,96,1019.7,1.0,6.4
2025-09-01T22:00,15.7,97,1020.3,0.9,5.7
2025-09-01T23:00,15.8,97,1020.5,0.3,4.9
2025-09-02T00:00,15.6,96,1020.0,0.0,6.7
2025-09-02T01:00,15.4,97,1019.7,0.0,6.7
2025-09-02T02:00,14.6,98,1019.4,0.0,5.4
2025-09-02T03:00,14.8,98,1019.3,0.0,4.1
2025-09-02T04:00,14.2,99,1019.4,0.0,6.0
2025-09-02T05:00,14.1,99,1020.0,0.0,5.9
2025-09-02T06:00,13.8,99,1020.6,0.0,5.8
2025-09-02T07:00,14.8,97,1021.1,0.0,4.8
2025-09-02T08:00,15.2,93,1021.7,0.0,7.2
2025-09-02T09:00,16.4,86,1021.6,0.0,8.1
2025-09-02T10:00,18.3,75,1020.6,0.0,8.0
2025-09-02T11:00,20.6,67,1019.5,0.0,5.2
2025-09-02T12:00,21.9,63,1018.6,0.0,3.4
2025-09-02T13:00,22.8,62,1017.2,0.1,2.3
2025-09-02T14:00,23.6,59,1015.3,0.1,4.8
2025-09-02T15:00,23.1,56,1014.1,0.1,4.3
2025-09-02T16:00,20.1,72,1015.8,4.2,8.4
2025-09-02T17:00,17.4,89,1017.8,3.7,8.5
2025-09-02T18:00,17.8,86,1017.6,0.7,4.7
2025-09-02T19:00,16.5,93,1019.1,0.2,7.8
2025-09-02T20:00,15.4,97,1020.3,2.3,5.7
2025-09-02T21:00,15.6,97,1020.4,0.6,2.9
2025-09-02T22:00,15.4,95,1021.4,0.3,2.5
2025-09-02T23:00,15.1,97,1021.4,0.2,3.2
