Fecha consumo,Corral,Consumo Corral,Pasta de soya seco,Maiz molido seco,Silo de Maiz seco,Silo de Avena seco,Triticale_seca,PataCebada_seca,OroMilk_seca,Melaza_seca,Oro Balance seco,Agua_kg,Total_MS_Dieta Seco,consumo (kg),sobrante (kg),% rechazo,Fecha Ordeño,ID_vaca,Produccion_total_kg,Numero_Ordeños,Corral de ordeño
01/01/2025,1,1000,0.00,0.00,0.00,0.00,7.80,0.40,14.18,1.33,0.00,5.50,23.70,1000,0,0%,01/01/2025,1213,18.99,1,Corral 1 y 2
01/01/2025,2,1300,0.00,0.00,0.00,0.00,7.80,0.40,14.18,1.33,0.00,5.50,23.70,1300,0,0%,01/01/2025,1216,13.96,1,Corral 1 y 2
01/01/2025,3,1200,0.00,0.00,0.00,0.00,7.80,0.40,14.18,1.33,0.00,5.50,23.70,1200,0,0%,01/01/2025,1228,16.56,1,Corral 3 y 4
01/01/2025,4,1290,0.00,0.00,0.00,0.00,7.80,0.40,14.18,1.33,0.00,5.50,23.70,1290,10,1%,01/01/2025,1235,14.26,1,Corral 3 y 4
01/01/2025,5,1200,0.00,0.00,0.00,0.00,7.80,0.40,14.18,1.33,0.00,5.50,23.70,1200,0,0%,01/01/2025,1236,13.54,1,Corral 5 y 6
01/01/2025,6,2000,0.00,0.00,0.00,0.00,7.80,0.40,14.18,1.33,0.00,5.50,23.70,2000,0,0%,01/01/2025,1242,18.01,1,Corral 3 y 4
02/01/2025,1,990,0.00,0.00,0.00,0.00,7.80,0.40,14.18,1.33,0.00,5.50,23.70,990,110,10%,01/01/2025,1243,11.69,1,Corral 5 y 6
02/01/2025,2,1170,0.00,0.00,0.00,0.00,7.80,0.40,14.18,1.33,0.00,5.50,23.70,1170,130,10%,01/01/2025,1555,23.26,1,Corral 1 y 2
02/01/2025,3,1120,0.00,0.00,0.00,0.00,7.80,0.40,14.18,1.33,0.00,5.50,23.70,1120,80,7%,01/01/2025,1560,22.19,1,Corral 1 y 2
02/01/2025,4,1080,0.00,0.00,0.00,0.00,7.80,0.40,14.18,1.33,0.00,5.50,23.70,1080,220,17%,01/01/2025,1567,40.54,2,Corral 3 y 4
02/01/2025,5,1050,0.00,0.00,0.00,0.00,7.80,0.40,14.18,1.33,0.00,5.50,23.70,1050,150,13%,01/01/2025,1577,38.36,2,Corral 3 y 4
02/01/2025,6,1780,0.00,0.00,0.00,0.00,7.80,0.40,14.18,1.33,0.00,5.50,23.70,1780,20,1%,01/01/2025,1617,18.56,1,Corral 5 y 6
03/01/2025,1,1010,0.00,0.00,0.00,0.00,7.80,0.40,14.18,1.33,0.00,5.50,23.70,1010,40,4%,01/01/2025,1638,21.15,1,Corral 1 y 2
03/01/2025,2,1265,0.00,0.00,0.00,0.00,7.80,0.40,14.18,1.33,0.00,5.50,23.70,1265,35,3%,01/01/2025,1644,26.79,1,Corral 1 y 2
03/01/2025,3,1155,0.00,0.00,0.00,0.00,7.80,0.40,14.18,1.33,0.00,5.50,23.70,1155,45,4%,01/01/2025,2070,22.5,1,Corral 3 y 4
03/01/2025,4,1285,0.00,0.00,0.00,0.00,7.80,0.40,14.18,1.33,0.00,5.50,23.70,1285,15,1%,01/01/2025,2074,24.34,2,Corral 5 y 6
03/01/2025,5,1125,0.00,0.00,0.00,0.00,7.80,0.40,14.18,1.33,0.00,5.50,23.70,1125,75,6%,01/01/2025,2076,39.59,2,Corral 5 y 6
03/01/2025,6,1735,0.00,0.00,0.00,0.00,7.80,0.40,14.18,1.33,0.00,5.50,23.70,1735,65,4%,01/01/2025,2082,41.59,2,Corral 3 y 4
04/01/2025,1,1100,0.00,0.00,0.00,0.00,7.80,0.40,14.18,1.33,0.00,5.50,23.70,1100,0,0%,01/01/2025,2087,26.4,1,Corral 1 y 2
04/01/2025,2,1285,0.00,0.00,0.00,0.00,7.80,0.40,14.18,1.33,0.00,5.50,23.70,1285,15,1%,01/01/2025,2108,18.15,1,Corral 3 y 4
04/01/2025,3,1070,0.00,0.00,0.00,0.00,7.80,0.40,14.18,1.33,0.00,5.50,23.70,1070,130,11%,01/01/2025,2119,20.89,1,Corral 1 y 2
04/01/2025,4,1245,0.00,0.00,0.00,0.00,7.80,0.40,14.18,1.33,0.00,5.50,23.70,1245,55,4%,01/01/2025,2122,36.08,2,Corral 1 y 2
04/01/2025,5,1055,0.00,0.00,0.00,0.00,7.80,0.40,14.18,1.33,0.00,5.50,23.70,1055,145,12%,01/01/2025,2165,24.43,1,Corral 5 y 6
04/01/2025,6,1750,0.00,0.00,0.00,0.00,7.80,0.40,14.18,1.33,0.00,5.50,23.70,1750,50,3%,01/01/2025,5767,23.74,1,Corral 3 y 4
05/01/2025,1,1035,0.00,0.00,0.00,0.00,7.80,0.40,14.18,1.33,0.00,5.50,23.70,1035,65,6%,01/01/2025,6012,26.52,1,Corral 1 y 2
05/01/2025,2,1230,0.00,0.00,0.00,0.00,7.80,0.40,14.18,1.33,0.00,5.50,23.70,1230,70,5%,01/01/2025,6050,15.29,1,Corral 3 y 4
05/01/2025,3,1090,0.00,0.00,0.00,0.00,7.80,0.40,14.18,1.33,0.00,5.50,23.70,1090,110,9%,01/01/2025,6054,35.61,2,Corral 5 y 6
05/01/2025,4,1275,0.00,0.00,0.00,0.00,7.80,0.40,14.18,1.33,0.00,5.50,23.70,1275,25,2%,01/01/2025,6070,41.45,2,Corral 1 y 2
05/01/2025,5,1040,0.00,0.00,0.00,0.00,7.80,0.40,14.18,1.33,0.00,5.50,23.70,1040,160,13%,01/01/2025,6092,30.13,2,Corral 1 y 2
05/01/2025,6,1725,0.00,0.00,0.00,0.00,7.80,0.40,14.18,1.33,0.00,5.50,23.70,1725,75,4%,01/01/2025,6098,11.71,1,Corral 5 y 6
06/01/2025,1,1000,0.00,0.00,0.00,0.00,7.80,0.40,14.18,1.33,0.00,5.50,23.70,1000,100,9%,01/01/2025,6124,18.58,1,Corral 5 y 6
06/01/2025,2,1300,0.00,0.00,0.00,0.00,7.80,0.40,14.18,1.33,0.00,5.50,23.70,1300,0,0%,01/01/2025,6131,30.39,2,Corral 1 y 2
06/01/2025,3,1000,0.00,0.00,0.00,0.00,7.80,0.40,14.18,1.33,0.00,5.50,23.70,1000,200,17%,01/01/2025,6134,41.24,2,Corral 1 y 2
06/01/2025,4,1130,0.00,0.00,0.00,0.00,7.80,0.40,14.18,1.33,0.00,5.50,23.70,1130,120,10%,01/01/2025,6137,30.97,2,Corral 1 y 2
06/01/2025,5,950,0.00,0.00,0.00,0.00,7.80,0.40,14.18,1.33,0.00,5.50,23.70,950,250,21%,01/01/2025,6161,34.51,2,Corral 3 y 4
06/01/2025,6,1620,0.00,0.00,0.00,0.00,7.80,0.40,14.18,1.33,0.00,5.50,23.70,1620,180,10%,01/01/2025,6164,35.73,2,Corral 3 y 4
07/01/2025,1,1090,0.00,0.00,0.00,0.00,7.80,0.40,14.18,1.33,0.00,5.50,23.70,1090,10,1%,01/01/2025,6178,13.32,1,Corral 1 y 2
07/01/2025,2,1285,0.00,0.00,0.00,0.00,7.80,0.40,14.18,1.33,0.00,5.50,23.70,1285,15,1%,01/01/2025,6193,20.39,1,Corral 3 y 4
07/01/2025,3,1020,0.00,0.00,0.00,0.00,7.80,0.40,14.18,1.33,0.00,5.50,23.70,1020,180,15%,01/01/2025,6194,35.16,2,Corral 3 y 4
07/01/2025,4,1265,0.00,0.00,0.00,0.00,7.80,0.40,14.18,1.33,0.00,5.50,23.70,1265,35,3%,01/01/2025,6197,21.29,1,Corral 1 y 2
07/01/2025,5,940,0.00,0.00,0.00,0.00,7.80,0.40,14.18,1.33,0.00,5.50,23.70,940,160,15%,01/01/2025,6226,38.53,2,Corral 1 y 2
07/01/2025,6,1750,0.00,0.00,0.00,0.00,7.80,0.40,14.18,1.33,0.00,5.50,23.70,1750,50,3%,01/01/2025,6258,33.73,2,Corral 1 y 2
08/01/2025,1,1055,0.00,0.00,0.00,0.00,7.80,0.40,14.18,1.33,0.00,5.50,23.70,1055,45,4%,01/01/2025,8703,22.66,2,Corral 1 y 2
08/01/2025,2,1300,0.00,0.00,0.00,0.00,7.80,0.40,14.18,1.33,0.00,5.50,23.70,1300,0,0%,01/01/2025,8705,19.03,1,Corral 1 y 2
08/01/2025,3,1220,0.00,0.00,0.00,0.00,7.80,0.40,14.18,1.33,0.00,5.50,23.70,1220,30,2%,01/01/2025,8707,13.7,2,Corral 3 y 4
08/01/2025,4,1200,0.00,0.00,0.00,0.00,7.80,0.40,14.18,1.33,0.00,5.50,23.70,1200,50,4%,01/01/2025,8708,8.05,1,Corral 5 y 6
08/01/2025,5,1160,0.00,0.00,0.00,0.00,7.80,0.40,14.18,1.33,0.00,5.50,23.70,1160,90,7%,01/01/2025,8710,9.67,1,Corral 5 y 6
08/01/2025,6,1675,0.00,0.00,0.00,0.00,7.80,0.40,14.18,1.33,0.00,5.50,23.70,1675,75,4%,01/01/2025,8711,12.39,1,Corral 1 y 2
09/01/2025,1,1225,0.00,0.00,0.00,0.00,7.80,0.40,14.18,1.33,0.00,5.50,23.70,1225,75,6%,01/01/2025,8714,14.07,1,Corral 1 y 2
09/01/2025,2,1420,0.00,0.00,0.00,0.00,7.80,0.40,14.18,1.33,0.00,5.50,23.70,1420,30,2%,01/01/2025,8732,13.92,1,Corral 1 y 2
09/01/2025,3,1335,0.00,0.00,0.00,0.00,7.80,0.40,14.18,1.33,0.00,5.50,23.70,1335,115,8%,02/01/2025,1204,12.74,1,Corral 5 y 6
09/01/2025,4,1355,0.00,0.00,0.00,0.00,7.80,0.40,14.18,1.33,0.00,5.50,23.70,1355,95,7%,02/01/2025,1213,12.11,1,Corral 1 y 2
09/01/2025,5,840,0.00,0.00,0.00,0.00,7.80,0.40,14.18,1.33,0.00,5.50,23.70,840,360,30%,02/01/2025,1216,13.45,1,Corral 5 y 6
09/01/2025,6,1665,0.00,0.00,0.00,0.00,7.80,0.40,14.18,1.33,0.00,5.50,23.70,1665,135,8%,02/01/2025,1225,17.57,2,Corral 5 y 6
10/01/2025,1,1210,0.00,0.00,0.00,0.00,7.80,0.40,14.18,1.33,0.00,5.50,23.70,1210,40,3%,02/01/2025,1228,10.55,1,Corral 3 y 4
10/01/2025,2,1350,0.00,0.00,0.00,0.00,7.80,0.40,14.18,1.33,0.00,5.50,23.70,1350,0,0%,02/01/2025,1235,18.6,1,Corral 3 y 4
10/01/2025,3,1250,0.00,0.00,0.00,0.00,7.80,0.40,14.18,1.33,0.00,5.50,23.70,1250,100,7%,02/01/2025,1236,14.14,1,Corral 5 y 6
10/01/2025,4,1310,0.00,0.00,0.00,0.00,7.80,0.40,14.18,1.33,0.00,5.50,23.70,1310,40,3%,02/01/2025,1242,20.09,1,Corral 3 y 4
10/01/2025,5,890,0.00,0.00,0.00,0.00,7.80,0.40,14.18,1.33,0.00,5.50,23.70,890,210,19%,02/01/2025,1243,22.72,1,Corral 5 y 6
10/01/2025,6,1750,0.00,0.00,0.00,0.00,7.80,0.40,14.18,1.33,0.00,5.50,23.70,1750,0,0%,02/01/2025,1555,36.24,2,Corral 1 y 2
11/01/2025,1,1210,0.00,0.00,0.00,0.00,7.80,0.40,14.18,1.33,0.00,5.50,23.70,1210,90,7%,02/01/2025,1560,34.7,2,Corral 1 y 2
11/01/2025,2,1370,0.00,0.00,0.00,0.00,7.80,0.40,14.18,1.33,0.00,5.50,23.70,1370,30,2%,02/01/2025,1567,34.12,2,Corral 3 y 4
11/01/2025,3,1240,0.00,0.00,0.00,0.00,7.80,0.40,14.18,1.33,0.00,5.50,23.70,1240,110,8%,02/01/2025,1577,30.96,2,Corral 3 y 4
11/01/2025,4,1265,0.00,0.00,0.00,0.00,7.80,0.40,14.18,1.33,0.00,5.50,23.70,1265,135,10%,02/01/2025,1617,23.55,1,Corral 5 y 6
11/01/2025,5,1115,0.00,0.00,0.00,0.00,7.80,0.40,14.18,1.33,0.00,5.50,23.70,1115,85,7%,02/01/2025,1638,24.98,1,Corral 1 y 2
11/01/2025,6,1775,0.00,0.00,0.00,0.00,7.80,0.40,14.18,1.33,0.00,5.50,23.70,1775,25,1%,02/01/2025,1644,23.52,1,Corral 1 y 2
12/01/2025,1,1125,0.00,0.00,0.00,0.00,7.80,0.40,14.18,1.33,0.00,5.50,23.70,1125,75,6%,02/01/2025,2070,16.83,1,Corral 3 y 4
12/01/2025,2,1310,0.00,0.00,0.00,0.00,7.80,0.40,14.18,1.33,0.00,5.50,23.70,1310,90,6%,02/01/2025,2074,20.67,1,Corral 5 y 6
12/01/2025,3,6515,0.00,0.00,0.00,0.00,7.80,0.40,14.18,1.33,0.00,5.50,23.70,6515,85,1%,02/01/2025,2076,25.67,2,Corral 5 y 6
12/01/2025,4,1090,0.00,0.00,0.00,0.00,7.80,0.40,14.18,1.33,0.00,5.50,23.70,1090,110,9%,02/01/2025,2082,20.45,1,Corral 3 y 4
12/01/2025,5,1110,0.00,0.00,0.00,0.00,7.80,0.40,14.18,1.33,0.00,5.50,23.70,1110,90,8%,02/01/2025,2087,29.46,1,Corral 1 y 2
12/01/2025,6,1665,0.00,0.00,0.00,0.00,7.80,0.40,14.18,1.33,0.00,5.50,23.70,1665,35,2%,02/01/2025,2108,16.67,1,Corral 3 y 4
13/01/2025,1,1120,0.00,0.00,0.00,0.00,7.80,0.40,14.18,1.33,0.00,5.50,23.70,1120,80,7%,02/01/2025,2110,32.05,2,Corral 3 y 4
13/01/2025,2,1350,0.00,0.00,0.00,0.00,7.80,0.40,14.18,1.33,0.00,5.50,23.70,1350,50,4%,02/01/2025,2119,22.24,1,Corral 1 y 2
13/01/2025,3,1110,0.00,0.00,0.00,0.00,7.80,0.40,14.18,1.33,0.00,5.50,23.70,1110,90,8%,02/01/2025,2122,25.55,1,Corral 1 y 2
13/01/2025,4,1100,0.00,0.00,0.00,0.00,7.80,0.40,14.18,1.33,0.00,5.50,23.70,1100,100,8%,02/01/2025,2150,31.66,2,Corral 3 y 4
13/01/2025,5,1125,0.00,0.00,0.00,0.00,7.80,0.40,14.18,1.33,0.00,5.50,23.70,1125,75,6%,02/01/2025,2165,16.19,1,Corral 5 y 6
13/01/2025,6,1775,0.00,0.00,0.00,0.00,7.80,0.40,14.18,1.33,0.00,5.50,23.70,1775,25,1%,02/01/2025,5767,18.84,1,Corral 3 y 4
14/01/2025,1,1070,0.00,0.00,0.00,0.00,7.80,0.40,14.18,1.33,0.00,5.50,23.70,1070,230,18%,02/01/2025,6012,13.05,1,Corral 1 y 2
14/01/2025,2,1190,0.00,0.00,0.00,0.00,7.80,0.40,14.18,1.33,0.00,5.50,23.70,1190,60,5%,02/01/2025,6050,32.31,2,Corral 3 y 4
14/01/2025,3,1155,0.00,0.00,0.00,0.00,7.80,0.40,14.18,1.33,0.00,5.50,23.70,1155,95,8%,02/01/2025,6054,31.53,2,Corral 5 y 6
14/01/2025,4,1190,0.00,0.00,0.00,0.00,7.80,0.40,14.18,1.33,0.00,5.50,23.70,1190,60,5%,02/01/2025,6062,26.15,1,Corral 3 y 4
14/01/2025,5,1055,0.00,0.00,0.00,0.00,7.80,0.40,14.18,1.33,0.00,5.50,23.70,1055,45,4%,02/01/2025,6070,26.65,1,Corral 1 y 2
14/01/2025,6,1580,0.00,0.00,0.00,0.00,7.80,0.40,14.18,1.33,0.00,5.50,23.70,1580,70,4%,02/01/2025,6092,35,2,Corral 1 y 2
15/01/2025,1,1065,0.00,0.00,0.00,0.00,7.80,0.40,14.18,1.33,0.00,5.50,23.70,1065,135,11%,02/01/2025,6124,22.08,2,Corral 5 y 6
15/01/2025,2,1225,0.00,0.00,0.00,0.00,7.80,0.40,14.18,1.33,0.00,5.50,23.70,1225,75,6%,02/01/2025,6131,14,1,Corral 1 y 2
15/01/2025,3,1140,0.00,0.00,0.00,0.00,7.80,0.40,14.18,1.33,0.00,5.50,23.70,1140,60,5%,02/01/2025,6134,25.26,1,Corral 1 y 2
15/01/2025,4,1110,0.00,0.00,0.00,0.00,7.80,0.40,14.18,1.33,0.00,5.50,23.70,1110,190,15%,02/01/2025,6161,23.4,1,Corral 3 y 4
15/01/2025,5,970,0.00,0.00,0.00,0.00,7.80,0.40,14.18,1.33,0.00,5.50,23.70,970,130,12%,02/01/2025,6164,36.46,2,Corral 3 y 4
15/01/2025,6,1555,0.00,0.00,0.00,0.00,7.80,0.40,14.18,1.33,0.00,5.50,23.70,1555,45,3%,02/01/2025,6178,21.75,1,Corral 1 y 2
16/01/2025,1,1125,0.00,0.00,0.00,0.00,7.80,0.40,14.18,1.33,0.00,5.50,23.70,1125,75,6%,02/01/2025,6193,22.49,1,Corral 3 y 4
16/01/2025,2,1240,0.00,0.00,0.00,0.00,7.80,0.40,14.18,1.33,0.00,5.50,23.70,1240,60,5%,02/01/2025,6194,26.68,1,Corral 3 y 4
16/01/2025,3,1080,0.00,0.00,0.00,0.00,7.80,0.40,14.18,1.33,0.00,5.50,23.70,1080,120,10%,02/01/2025,6197,45.72,2,Corral 1 y 2
16/01/2025,4,1190,0.00,0.00,0.00,0.00,7.80,0.40,14.18,1.33,0.00,5.50,23.70,1190,110,8%,02/01/2025,6226,23.62,1,Corral 1 y 2
16/01/2025,5,1005,0.00,0.00,0.00,0.00,7.80,0.40,14.18,1.33,0.00,5.50,23.70,1005,95,9%,02/01/2025,6258,33.79,2,Corral 1 y 2
16/01/2025,6,1560,0.00,0.00,0.00,0.00,7.80,0.40,14.18,1.33,0.00,5.50,23.70,1560,40,3%,02/01/2025,8703,13.3,1,Corral 1 y 2
17/01/2025,1,1150,0.00,0.00,0.00,0.00,7.80,0.40,14.18,1.33,0.00,5.50,23.70,1150,50,4%,02/01/2025,8705,16.44,1,Corral 1 y 2
17/01/2025,2,1235,0.00,0.00,0.00,0.00,7.80,0.40,14.18,1.33,0.00,5.50,23.70,1235,65,5%,02/01/2025,8708,12.66,2,Corral 1 y 2
17/01/2025,3,1015,0.00,0.00,0.00,0.00,7.80,0.40,14.18,1.33,0.00,5.50,23.70,1015,185,15%,02/01/2025,8710,18.77,1,Corral 3 y 4
17/01/2025,4,1250,0.00,0.00,0.00,0.00,7.80,0.40,14.18,1.33,0.00,5.50,23.70,1250,50,4%,02/01/2025,8711,9.88,1,Corral 1 y 2
17/01/2025,5,985,0.00,0.00,0.00,0.00,7.80,0.40,14.18,1.33,0.00,5.50,23.70,985,115,10%,02/01/2025,8712,11.48,1,Corral 5 y 6
17/01/2025,6,1565,0.00,0.00,0.00,0.00,7.80,0.40,14.18,1.33,0.00,5.50,23.70,1565,35,2%,02/01/2025,8714,23.61,1,Corral 1 y 2
18/01/2025,1,1165,0.00,0.00,0.00,0.00,7.80,0.40,14.18,1.33,0.00,5.50,23.70,1165,35,3%,02/01/2025,8732,8.79,1,Corral 1 y 2
18/01/2025,2,1250,0.00,0.00,0.00,0.00,7.80,0.40,14.18,1.33,0.00,5.50,23.70,1250,50,4%,02/01/2025,8755,12.86,1,Corral 5 y 6
18/01/2025,3,1160,0.00,0.00,0.00,0.00,7.80,0.40,14.18,1.33,0.00,5.50,23.70,1160,40,3%,02/01/2025,8761,8.49,1,Corral 1 y 2
18/01/2025,4,1265,0.00,0.00,0.00,0.00,7.80,0.40,14.18,1.33,0.00,5.50,23.70,1265,35,3%,03/01/2025,1204,23.96,1,Corral 5 y 6
18/01/2025,5,870,0.00,0.00,0.00,0.00,7.80,0.40,14.18,1.33,0.00,5.50,23.70,870,130,13%,03/01/2025,1216,15.87,1,Corral 3 y 4
18/01/2025,6,1510,0.00,0.00,0.00,0.00,7.80,0.40,14.18,1.33,0.00,5.50,23.70,1510,90,6%,03/01/2025,1225,21.92,1,Corral 5 y 6
19/01/2025,1,1180,0.00,0.00,0.00,0.00,7.80,0.40,14.18,1.33,0.00,5.50,23.70,1180,20,2%,03/01/2025,1228,26.1,2,Corral 3 y 4
19/01/2025,2,1270,0.00,0.00,0.00,0.00,7.80,0.40,14.18,1.33,0.00,5.50,23.70,1270,30,2%,03/01/2025,1235,20.63,2,Corral 3 y 4
19/01/2025,3,1145,0.00,0.00,0.00,0.00,7.80,0.40,14.18,1.33,0.00,5.50,23.70,1145,55,5%,03/01/2025,1236,14.75,1,Corral 3 y 4
19/01/2025,4,1265,0.00,0.00,0.00,0.00,7.80,0.40,14.18,1.33,0.00,5.50,23.70,1265,35,3%,03/01/2025,1242,19.43,1,Corral 3 y 4
19/01/2025,5,940,0.00,0.00,0.00,0.00,7.80,0.40,14.18,1.33,0.00,5.50,23.70,940,60,6%,03/01/2025,1243,11.01,1,Corral 3 y 4
19/01/2025,6,1515,0.00,0.00,0.00,0.00,7.80,0.40,14.18,1.33,0.00,5.50,23.70,1515,85,5%,03/01/2025,1555,41.15,2,Corral 1 y 2
20/01/2025,1,1190,0.00,0.00,0.00,0.00,7.80,0.40,14.18,1.33,0.00,5.50,23.70,1190,10,1%,03/01/2025,1560,40.62,2,Corral 1 y 2
20/01/2025,2,1300,0.00,0.00,0.00,0.00,7.80,0.40,14.18,1.33,0.00,5.50,23.70,1300,0,0%,03/01/2025,1567,35.75,2,Corral 3 y 4
20/01/2025,3,1100,0.00,0.00,0.00,0.00,7.80,0.40,14.18,1.33,0.00,5.50,23.70,1100,100,8%,03/01/2025,1577,34.26,2,Corral 3 y 4
20/01/2025,4,1050,0.00,0.00,0.00,0.00,7.80,0.40,14.18,1.33,0.00,5.50,23.70,1050,250,19%,03/01/2025,1590,25.54,2,Corral 3 y 4
20/01/2025,5,620,0.00,0.00,0.00,0.00,7.80,0.40,14.18,1.33,0.00,5.50,23.70,620,180,23%,03/01/2025,1617,27.93,1,Corral 5 y 6
20/01/2025,6,1600,0.00,0.00,0.00,0.00,7.80,0.40,14.18,1.33,0.00,5.50,23.70,1600,0,0%,03/01/2025,1638,26.36,1,Corral 1 y 2
21/01/2025,1,1165,0.00,0.00,0.00,0.00,7.80,0.40,14.18,1.33,0.00,5.50,23.70,1165,35,3%,03/01/2025,1644,24.49,2,Corral 1 y 2
21/01/2025,2,1260,0.00,0.00,0.00,0.00,7.80,0.40,14.18,1.33,0.00,5.50,23.70,1260,40,3%,03/01/2025,2070,21.82,1,Corral 3 y 4
21/01/2025,3,1200,0.00,0.00,0.00,0.00,7.80,0.40,14.18,1.33,0.00,5.50,23.70,1200,0,0%,03/01/2025,2074,25.77,2,Corral 3 y 4
21/01/2025,4,1100,0.00,0.00,0.00,0.00,7.80,0.40,14.18,1.33,0.00,5.50,23.70,1100,100,8%,03/01/2025,2076,14.4,1,Corral 1 y 2
21/01/2025,5,900,0.00,0.00,0.00,0.00,7.80,0.40,14.18,1.33,0.00,5.50,23.70,900,0,0%,03/01/2025,2082,19.4,1,Corral 3 y 4
21/01/2025,6,1800,0.00,0.00,0.00,0.00,7.80,0.40,14.18,1.33,0.00,5.50,23.70,1800,0,0%,03/01/2025,2087,48.51,2,Corral 5 y 6
22/01/2025,1,1175,0.00,0.00,0.00,0.00,7.80,0.40,14.18,1.33,0.00,5.50,23.70,1175,25,2%,03/01/2025,2110,26.29,2,Corral 3 y 4
22/01/2025,2,1210,0.00,0.00,0.00,0.00,7.80,0.40,14.18,1.33,0.00,5.50,23.70,1210,90,7%,03/01/2025,2119,21.32,1,Corral 3 y 4
22/01/2025,3,1155,0.00,0.00,0.00,0.00,7.80,0.40,14.18,1.33,0.00,5.50,23.70,1155,45,4%,03/01/2025,2122,31.99,2,Corral 3 y 4
22/01/2025,4,1080,0.00,0.00,0.00,0.00,7.80,0.40,14.18,1.33,0.00,5.50,23.70,1080,120,10%,03/01/2025,2150,22.95,1,Corral 5 y 6
22/01/2025,5,765,0.00,0.00,0.00,0.00,7.80,0.40,14.18,1.33,0.00,5.50,23.70,765,35,4%,03/01/2025,5767,37.84,2,Corral 1 y 2
22/01/2025,6,1600,0.00,0.00,0.00,0.00,7.80,0.40,14.18,1.33,0.00,5.50,23.70,1600,0,0%,03/01/2025,6012,33.97,2,Corral 1 y 2
23/01/2025,1,1135,0.00,0.00,0.00,0.00,7.80,0.40,14.18,1.33,0.00,5.50,23.70,1135,115,9%,03/01/2025,6050,11.43,1,Corral 3 y 4
23/01/2025,2,1260,0.00,0.00,0.00,0.00,7.80,0.40,14.18,1.33,0.00,5.50,23.70,1260,90,7%,03/01/2025,6054,25.97,2,Corral 3 y 4
23/01/2025,3,975,0.00,0.00,0.00,0.00,7.80,0.40,14.18,1.33,0.00,5.50,23.70,975,105,10%,03/01/2025,6062,21.25,1,Corral 3 y 4
23/01/2025,4,1170,0.00,0.00,0.00,0.00,7.80,0.40,14.18,1.33,0.00,5.50,23.70,1170,130,10%,03/01/2025,6070,28.4,1,Corral 5 y 6
23/01/2025,5,830,0.00,0.00,0.00,0.00,7.80,0.40,14.18,1.33,0.00,5.50,23.70,830,80,9%,03/01/2025,6092,18.22,1,Corral 1 y 2
23/01/2025,6,1775,0.00,0.00,0.00,0.00,7.80,0.40,14.18,1.33,0.00,5.50,23.70,1775,25,1%,03/01/2025,6131,25.57,2,Corral 1 y 2
24/01/2025,1,1175,0.00,0.00,0.00,0.00,7.80,0.40,14.18,1.33,0.00,5.50,23.70,1175,125,10%,03/01/2025,6134,26.79,1,Corral 5 y 6
24/01/2025,2,1320,0.00,0.00,0.00,0.00,7.80,0.40,14.18,1.33,0.00,5.50,23.70,1320,130,9%,03/01/2025,6137,21.14,2,Corral 3 y 4
24/01/2025,3,865,0.00,0.00,0.00,0.00,7.80,0.40,14.18,1.33,0.00,5.50,23.70,865,135,14%,03/01/2025,6161,13.58,1,Corral 3 y 4
24/01/2025,4,1260,0.00,0.00,0.00,0.00,7.80,0.40,14.18,1.33,0.00,5.50,23.70,1260,140,10%,03/01/2025,6164,37.6,3,Corral 3 y 4
24/01/2025,5,835,0.00,0.00,0.00,0.00,7.80,0.40,14.18,1.33,0.00,5.50,23.70,835,185,18%,03/01/2025,6178,24.27,2,Corral 3 y 4
24/01/2025,6,2000,0.00,0.00,0.00,0.00,7.80,0.40,14.18,1.33,0.00,5.50,23.70,2000,0,0%,03/01/2025,6193,16.39,1,Corral 5 y 6
25/01/2025,1,1025,0.00,0.00,0.00,0.00,7.80,0.40,14.18,1.33,0.00,5.50,23.70,1025,75,7%,03/01/2025,6194,43.36,2,Corral 1 y 2
25/01/2025,2,1160,0.00,0.00,0.00,0.00,7.80,0.40,14.18,1.33,0.00,5.50,23.70,1160,40,3%,03/01/2025,6197,19.95,1,Corral 1 y 2
25/01/2025,3,1055,0.00,0.00,0.00,0.00,7.80,0.40,14.18,1.33,0.00,5.50,23.70,1055,45,4%,03/01/2025,6226,35.33,2,Corral 1 y 2
25/01/2025,4,1135,0.00,0.00,0.00,0.00,7.80,0.40,14.18,1.33,0.00,5.50,23.70,1135,65,5%,03/01/2025,6258,31.32,2,Corral 1 y 2
25/01/2025,5,820,0.00,0.00,0.00,0.00,7.80,0.40,14.18,1.33,0.00,5.50,23.70,820,80,9%,03/01/2025,8703,14.91,1,Corral 1 y 2
25/01/2025,6,2400,0.00,0.00,0.00,0.00,7.80,0.40,14.18,1.33,0.00,5.50,23.70,2400,0,0%,03/01/2025,8705,9.6,1,Corral 1 y 2
26/01/2025,1,805,0.00,0.00,0.00,0.00,7.80,0.40,14.18,1.33,0.00,5.50,23.70,805,195,20%,03/01/2025,8707,30.14,2,Corral 3 y 4
26/01/2025,2,1150,0.00,0.00,0.00,0.00,7.80,0.40,14.18,1.33,0.00,5.50,23.70,1150,50,4%,03/01/2025,8708,25.94,2,Corral 5 y 6
26/01/2025,3,910,0.00,0.00,0.00,0.00,7.80,0.40,14.18,1.33,0.00,5.50,23.70,910,90,9%,03/01/2025,8710,20.56,1,Corral 3 y 4
26/01/2025,4,1130,0.00,0.00,0.00,0.00,7.80,0.40,14.18,1.33,0.00,5.50,23.70,1130,70,6%,03/01/2025,8711,7.84,1,Corral 1 y 2
26/01/2025,5,785,0.00,0.00,0.00,0.00,7.80,0.40,14.18,1.33,0.00,5.50,23.70,785,115,13%,03/01/2025,8712,12.16,1,Corral 1 y 2
26/01/2025,6,2125,0.00,0.00,0.00,0.00,7.80,0.40,14.18,1.33,0.00,5.50,23.70,2125,75,3%,03/01/2025,8714,13.86,1,Corral 1 y 2
27/01/2025,1,805,0.00,0.00,0.00,0.00,7.80,0.40,14.18,1.33,0.00,5.50,23.70,805,195,20%,03/01/2025,8732,8.63,1,Corral 1 y 2
27/01/2025,2,950,0.00,0.00,0.00,0.00,7.80,0.40,14.18,1.33,0.00,5.50,23.70,950,50,5%,03/01/2025,8755,7.55,1,Corral 3 y 4
27/01/2025,3,910,0.00,0.00,0.00,0.00,7.80,0.40,14.18,1.33,0.00,5.50,23.70,910,90,9%,03/01/2025,8761,21.61,1,Corral 1 y 2
27/01/2025,4,1130,0.00,0.00,0.00,0.00,7.80,0.40,14.18,1.33,0.00,5.50,23.70,1130,70,6%,04/01/2025,1204,29.01,2,Corral 5 y 6
27/01/2025,5,680,0.00,0.00,0.00,0.00,7.80,0.40,14.18,1.33,0.00,5.50,23.70,680,120,15%,04/01/2025,1213,10.26,1,Corral 1 y 2
27/01/2025,6,2150,0.00,0.00,0.00,0.00,7.80,0.40,14.18,1.33,0.00,5.50,23.70,2150,50,2%,04/01/2025,1216,23.84,2,Corral 3 y 4
28/01/2025,1,950,0.00,0.00,0.00,0.00,7.80,0.40,14.18,1.33,0.00,5.50,23.70,950,50,5%,04/01/2025,1225,22.45,2,Corral 1 y 2
28/01/2025,2,965,0.00,0.00,0.00,0.00,7.80,0.40,14.18,1.33,0.00,5.50,23.70,965,35,4%,04/01/2025,1228,15.67,1,Corral 3 y 4
28/01/2025,3,960,0.00,0.00,0.00,0.00,7.80,0.40,14.18,1.33,0.00,5.50,23.70,960,40,4%,04/01/2025,1235,10.6,1,Corral 3 y 4
28/01/2025,4,1140,0.00,0.00,0.00,0.00,7.80,0.40,14.18,1.33,0.00,5.50,23.70,1140,60,5%,04/01/2025,1236,14.04,1,Corral 3 y 4
28/01/2025,5,785,0.00,0.00,0.00,0.00,7.80,0.40,14.18,1.33,0.00,5.50,23.70,785,15,2%,04/01/2025,1242,30.7,2,Corral 3 y 4
28/01/2025,6,2070,0.00,0.00,0.00,0.00,7.80,0.40,14.18,1.33,0.00,5.50,23.70,2070,30,1%,04/01/2025,1243,14.09,1,Corral 3 y 4
29/01/2025,1,960,0.00,0.00,0.00,0.00,7.80,0.40,14.18,1.33,0.00,5.50,23.70,960,40,4%,04/01/2025,1555,19.74,1,Corral 1 y 2
29/01/2025,2,970,0.00,0.00,0.00,0.00,7.80,0.40,14.18,1.33,0.00,5.50,23.70,970,30,3%,04/01/2025,1560,32.25,2,Corral 1 y 2
29/01/2025,3,935,0.00,0.00,0.00,0.00,7.80,0.40,14.18,1.33,0.00,5.50,23.70,935,65,7%,04/01/2025,1567,34.56,2,Corral 3 y 4
29/01/2025,4,1120,0.00,0.00,0.00,0.00,7.80,0.40,14.18,1.33,0.00,5.50,23.70,1120,80,7%,04/01/2025,1577,24.35,1,Corral 3 y 4
29/01/2025,5,760,0.00,0.00,0.00,0.00,7.80,0.40,14.18,1.33,0.00,5.50,23.70,760,40,5%,04/01/2025,1590,38.98,2,Corral 1 y 2
29/01/2025,6,2155,0.00,0.00,0.00,0.00,7.80,0.40,14.18,1.33,0.00,5.50,23.70,2155,45,2%,04/01/2025,1617,26.58,1,Corral 5 y 6
30/01/2025,1,975,0.00,0.00,0.00,0.00,7.80,0.40,14.18,1.33,0.00,5.50,23.70,975,25,3%,04/01/2025,1638,21.07,2,Corral 1 y 2
30/01/2025,2,970,0.00,0.00,0.00,0.00,7.80,0.40,14.18,1.33,0.00,5.50,23.70,970,30,3%,04/01/2025,1644,14.17,1,Corral 1 y 2
30/01/2025,3,995,0.00,0.00,0.00,0.00,7.80,0.40,14.18,1.33,0.00,5.50,23.70,995,5,1%,04/01/2025,2070,26.25,2,Corral 3 y 4
30/01/2025,4,1150,0.00,0.00,0.00,0.00,7.80,0.40,14.18,1.33,0.00,5.50,23.70,1150,50,4%,04/01/2025,2074,11.04,1,Corral 3 y 4
30/01/2025,5,735,0.00,0.00,0.00,0.00,7.80,0.40,14.18,1.33,0.00,5.50,23.70,735,65,8%,04/01/2025,2076,14.29,1,Corral 1 y 2
30/01/2025,6,2130,0.00,0.00,0.00,0.00,7.80,0.40,14.18,1.33,0.00,5.50,23.70,2130,70,3%,04/01/2025,2082,18.64,1,Corral 3 y 4
31/01/2025,1,1000,0.00,0.00,0.00,0.00,7.80,0.40,14.18,1.33,0.00,5.50,23.70,1000,0,0%,04/01/2025,2087,41.28,2,Corral 3 y 4
31/01/2025,2,960,0.00,0.00,0.00,0.00,7.80,0.40,14.18,1.33,0.00,5.50,23.70,960,40,4%,04/01/2025,2108,46.31,2,Corral 5 y 6
31/01/2025,3,860,0.00,0.00,0.00,0.00,7.80,0.40,14.18,1.33,0.00,5.50,23.70,860,140,14%,04/01/2025,2110,29.52,2,Corral 1 y 2
31/01/2025,4,1105,0.00,0.00,0.00,0.00,7.80,0.40,14.18,1.33,0.00,5.50,23.70,1105,95,8%,04/01/2025,2119,25.98,1,Corral 3 y 4
31/01/2025,5,720,0.00,0.00,0.00,0.00,7.80,0.40,14.18,1.33,0.00,5.50,23.70,720,80,10%,04/01/2025,2122,17.21,1,Corral 3 y 4
31/01/2025,6,1790,0.00,0.00,0.00,0.00,7.80,0.40,14.18,1.33,0.00,5.50,23.70,1790,210,11%,04/01/2025,2150,44.86,2,Corral 5 y 6
01/02/2025,1,1000,0.00,0.00,0.00,0.00,7.80,0.40,14.18,1.33,0.00,5.50,23.70,1000,0,4.33,04/01/2025,2165,20.19,1,Corral 5 y 6
01/02/2025,2,985,0.00,0.00,0.00,0.00,7.80,0.40,14.18,1.33,0.00,5.50,23.70,985,2%,6.51,04/01/2025,5767,20.44,1,Corral 1 y 2
01/02/2025,3,890,0.00,0.00,0.00,0.00,7.80,0.40,14.18,1.33,0.00,5.50,23.70,890,11%,2.19,04/01/2025,6012,34.2,2,Corral 1 y 2
01/02/2025,4,1155,0.00,0.00,0.00,0.00,7.80,0.40,14.18,1.33,0.00,5.50,23.70,1155,4%,4.03,04/01/2025,6050,34.09,2,Corral 5 y 6
01/02/2025,5,770,0.00,0.00,0.00,0.00,7.80,0.40,14.18,1.33,0.00,5.50,23.70,770,4%,5.49,04/01/2025,6054,24.08,1,Corral 3 y 4
01/02/2025,6,1775,0.00,0.00,0.00,0.00,7.80,0.40,14.18,1.33,0.00,5.50,23.70,1775,1%,9.01,04/01/2025,6062,17.07,1,Corral 5 y 6
02/02/2025,1,985,0.00,0.00,0.00,0.00,7.80,0.40,14.18,1.33,0.00,5.50,23.70,985,2%,7.31,04/01/2025,6070,23.79,1,Corral 5 y 6
02/02/2025,2,975,0.00,0.00,0.00,0.00,7.80,0.40,14.18,1.33,0.00,5.50,23.70,975,3%,12.12,04/01/2025,6092,22.54,2,Corral 1 y 2
02/02/2025,3,850,0.00,0.00,0.00,0.00,7.80,0.40,14.18,1.33,0.00,5.50,23.70,850,15%,0.00,04/01/2025,6124,17.22,1,Corral 5 y 6
02/02/2025,4,1180,0.00,0.00,0.00,0.00,7.80,0.40,14.18,1.33,0.00,5.50,23.70,1180,2%,6.26,04/01/2025,6131,31.66,2,Corral 1 y 2
02/02/2025,5,770,0.00,0.00,0.00,0.00,7.80,0.40,14.18,1.33,0.00,5.50,23.70,770,4%,2.93,04/01/2025,6134,35.08,2,Corral 5 y 6
02/02/2025,6,1900,0.00,0.00,0.00,0.00,7.80,0.40,14.18,1.33,0.00,5.50,23.70,1900,0%,2.32,04/01/2025,6137,30.73,2,Corral 3 y 4
03/02/2025,1,985,0.00,0.00,0.00,0.00,7.80,0.40,14.18,1.33,0.00,5.50,23.70,990,1%,3.04,04/01/2025,6161,19.54,1,Corral 3 y 4
03/02/2025,2,975,0.00,0.00,0.00,0.00,7.80,0.40,14.18,1.33,0.00,5.50,23.70,1195,0%,2.07,04/01/2025,6164,17.15,1,Corral 3 y 4
03/02/2025,3,850,0.00,0.00,0.00,0.00,7.80,0.40,14.18,1.33,0.00,5.50,23.70,900,10%,3.21,04/01/2025,6178,22.53,1,Corral 3 y 4
03/02/2025,4,1180,0.00,0.00,0.00,0.00,7.80,0.40,14.18,1.33,0.00,5.50,23.70,1080,10%,2.75,04/01/2025,6193,26.23,1,Corral 5 y 6
03/02/2025,5,770,0.00,0.00,0.00,0.00,7.80,0.40,14.18,1.33,0.00,5.50,23.70,785,2%,0.00,04/01/2025,6197,14.15,1,Corral 1 y 2
03/02/2025,6,1900,0.00,0.00,0.00,0.00,7.80,0.40,14.18,1.33,0.00,5.50,23.70,1990,1%,11.87,04/01/2025,6226,27.75,2,Corral 1 y 2
04/02/2025,1,975,0.00,0.00,0.00,0.00,7.80,0.40,14.18,1.33,0.00,5.50,23.70,975,3%,3.51,04/01/2025,6258,27.29,2,Corral 1 y 2
04/02/2025,2,1200,0.00,0.00,0.00,0.00,7.80,0.40,14.18,1.33,0.00,5.50,23.70,1200,0%,3.57,04/01/2025,8703,8.31,1,Corral 1 y 2
04/02/2025,3,970,0.00,0.00,0.00,0.00,7.80,0.40,14.18,1.33,0.00,5.50,23.70,970,3%,3.40,04/01/2025,8705,13.84,1,Corral 5 y 6
04/02/2025,4,1200,0.00,0.00,0.00,0.00,7.80,0.40,14.18,1.33,0.00,5.50,23.70,1200,0%,5.51,04/01/2025,8707,29.36,2,Corral 3 y 4
04/02/2025,5,800,0.00,0.00,0.00,0.00,7.80,0.40,14.18,1.33,0.00,5.50,23.70,800,0%,2.82,04/01/2025,8708,14.55,1,Corral 5 y 6
04/02/2025,6,1965,0.00,0.00,0.00,0.00,7.80,0.40,14.18,1.33,0.00,5.50,23.70,1965,6%,2.46,04/01/2025,8710,31.53,2,Corral 3 y 4
05/02/2025,1,960,0.00,0.00,0.00,0.00,7.80,0.40,14.18,1.33,0.00,5.50,23.70,960,4%,3.21,04/01/2025,8711,12.14,1,Corral 1 y 2
05/02/2025,2,1115,0.00,0.00,0.00,0.00,7.80,0.40,14.18,1.33,0.00,5.50,23.70,1115,3%,2.66,04/01/2025,8712,12.92,1,Corral 1 y 2
05/02/2025,3,920,0.00,0.00,0.00,0.00,7.80,0.40,14.18,1.33,0.00,5.50,23.70,920,8%,2.66,04/01/2025,8714,29.14,2,Corral 1 y 2
05/02/2025,4,1215,0.00,0.00,0.00,0.00,7.80,0.40,14.18,1.33,0.00,5.50,23.70,1215,2%,2.44,04/01/2025,8715,14.5,1,Corral 3 y 4
05/02/2025,5,780,0.00,0.00,0.00,0.00,7.80,0.40,14.18,1.33,0.00,5.50,23.70,780,0%,11.52,04/01/2025,8732,9.81,1,Corral 1 y 2
05/02/2025,6,1925,0.00,0.00,0.00,0.00,7.80,0.40,14.18,1.33,0.00,5.50,23.70,1925,4%,8.70,04/01/2025,8761,18.95,1,Corral 3 y 4
06/02/2025,1,965,0.00,0.00,0.00,0.00,7.80,0.40,14.18,1.33,0.00,5.50,23.70,965,4%,7.57,05/01/2025,1213,20,1,Corral 1 y 2
06/02/2025,2,940,0.00,0.00,0.00,0.00,7.80,0.40,14.18,1.33,0.00,5.50,23.70,940,6%,4.46,05/01/2025,1225,8.01,1,Corral 1 y 2
06/02/2025,3,905,0.00,0.00,0.00,0.00,7.80,0.40,14.18,1.33,0.00,5.50,23.70,905,10%,4.37,05/01/2025,1228,16.15,1,Corral 3 y 4
06/02/2025,4,1170,0.00,0.00,0.00,0.00,7.80,0.40,14.18,1.33,0.00,5.50,23.70,1170,3%,4.19,05/01/2025,1235,18.68,1,Corral 1 y 2
06/02/2025,5,910,0.00,0.00,0.00,0.00,7.80,0.40,14.18,1.33,0.00,5.50,23.70,910,4%,3.41,05/01/2025,1236,13.5,1,Corral 3 y 4
06/02/2025,6,1665,0.00,0.00,0.00,0.00,7.80,0.40,14.18,1.33,0.00,5.50,23.70,1665,8%,3.22,05/01/2025,1242,14.68,1,Corral 3 y 4
07/02/2025,1,975,0.00,0.00,0.00,0.00,7.80,0.40,14.18,1.33,0.00,5.50,23.70,975,3%,5.76,05/01/2025,1243,25.36,2,Corral 3 y 4
07/02/2025,2,965,0.00,0.00,0.00,0.00,7.80,0.40,14.18,1.33,0.00,5.50,23.70,965,4%,6.14,05/01/2025,1555,32.14,1,Corral 1 y 2
07/02/2025,3,930,0.00,0.00,0.00,0.00,7.80,0.40,14.18,1.33,0.00,5.50,23.70,930,7%,4.56,05/01/2025,1560,35.62,1,Corral 1 y 2
07/02/2025,4,1170,0.00,0.00,0.00,0.00,7.80,0.40,14.18,1.33,0.00,5.50,23.70,1170,3%,3.57,05/01/2025,1567,14.67,1,Corral 3 y 4
07/02/2025,5,935,0.00,0.00,0.00,0.00,7.80,0.40,14.18,1.33,0.00,5.50,23.70,935,7%,2.78,05/01/2025,1577,35.37,2,Corral 3 y 4
07/02/2025,6,1760,0.00,0.00,0.00,0.00,7.80,0.40,14.18,1.33,0.00,5.50,23.70,1760,2%,3.64,05/01/2025,1590,32.22,2,Corral 1 y 2
08/02/2025,1,960,0.00,0.00,0.00,0.00,7.80,0.40,14.18,1.33,0.00,5.50,23.70,960,4%,2.34,05/01/2025,1638,27.12,1,Corral 1 y 2
08/02/2025,2,970,0.00,0.00,0.00,0.00,7.80,0.40,14.18,1.33,0.00,5.50,23.70,970,3%,5.22,05/01/2025,1644,18.44,1,Corral 1 y 2
08/02/2025,3,960,0.00,0.00,0.00,0.00,7.80,0.40,14.18,1.33,0.00,5.50,23.70,960,4%,10.70,05/01/2025,2070,9.14,1,Corral 3 y 4
08/02/2025,4,1030,0.00,0.00,0.00,0.00,7.80,0.40,14.18,1.33,0.00,5.50,23.70,1030,14%,3.83,05/01/2025,2074,10.1,1,Corral 3 y 4
08/02/2025,5,960,0.00,0.00,0.00,0.00,7.80,0.40,14.18,1.33,0.00,5.50,23.70,960,4%,3.60,05/01/2025,2076,26.61,2,Corral 1 y 2
08/02/2025,6,1725,0.00,0.00,0.00,0.00,7.80,0.40,14.18,1.33,0.00,5.50,23.70,1725,4%,3.43,05/01/2025,2082,21.08,1,Corral 3 y 4
09/02/2025,1,1220,0.00,0.00,0.00,0.00,7.80,0.40,14.18,1.33,0.00,5.50,23.70,1220,2%,2.84,05/01/2025,2087,29.55,2,Corral 3 y 4
09/02/2025,2,1165,0.00,0.00,0.00,0.00,7.80,0.40,14.18,1.33,0.00,5.50,23.70,1165,3%,3.34,05/01/2025,2108,16.59,1,Corral 5 y 6
09/02/2025,3,1080,0.00,0.00,0.00,0.00,7.80,0.40,14.18,1.33,0.00,5.50,23.70,1080,0%,4.18,05/01/2025,2110,27.18,1,Corral 1 y 2
09/02/2025,4,890,0.00,0.00,0.00,0.00,7.80,0.40,14.18,1.33,0.00,5.50,23.70,890,11%,3.10,05/01/2025,2119,19.86,1,Corral 3 y 4
09/02/2025,5,965,0.00,0.00,0.00,0.00,7.80,0.40,14.18,1.33,0.00,5.50,23.70,965,4%,2.58,05/01/2025,2122,14.4,1,Corral 3 y 4
09/02/2025,6,1460,0.00,0.00,0.00,0.00,7.80,0.40,14.18,1.33,0.00,5.50,23.70,1460,1%,2.23,05/01/2025,2150,23.74,1,Corral 5 y 6
10/02/2025,1,900,0.00,0.00,0.00,0.00,7.80,0.40,14.18,1.33,0.00,5.50,23.70,900,18%,2.24,05/01/2025,5767,30.71,2,Corral 3 y 4
10/02/2025,2,1095,0.00,0.00,0.00,0.00,7.80,0.40,14.18,1.33,0.00,5.50,23.70,1095,0%,2.62,05/01/2025,6012,23.45,1,Corral 1 y 2
10/02/2025,3,880,0.00,0.00,0.00,0.00,7.80,0.40,14.18,1.33,0.00,5.50,23.70,880,20%,2.33,05/01/2025,6050,13.41,1,Corral 5 y 6
10/02/2025,4,1200,0.00,0.00,0.00,0.00,7.80,0.40,14.18,1.33,0.00,5.50,23.70,1200,0%,5.63,05/01/2025,6054,38.73,2,Corral 3 y 4
10/02/2025,5,870,0.00,0.00,0.00,0.00,7.80,0.40,14.18,1.33,0.00,5.50,23.70,870,13%,9.26,05/01/2025,6062,15.78,1,Corral 5 y 6
10/02/2025,6,2100,0.00,0.00,0.00,0.00,7.80,0.40,14.18,1.33,0.00,5.50,23.70,2100,0%,1.71,05/01/2025,6070,33.4,2,Corral 5 y 6
11/02/2025,1,675,0.00,0.00,0.00,0.00,7.80,0.40,14.18,1.33,0.00,5.50,23.70,675,33%,1.31,05/01/2025,6092,34.34,2,Corral 1 y 2
11/02/2025,2,1200,0.00,0.00,0.00,0.00,7.80,0.40,14.18,1.33,0.00,5.50,23.70,1200,0%,2.92,05/01/2025,6131,26.56,1,Corral 1 y 2
11/02/2025,3,695,0.00,0.00,0.00,0.00,7.80,0.40,14.18,1.33,0.00,5.50,23.70,695,31%,3.55,05/01/2025,6134,18.35,1,Corral 5 y 6
11/02/2025,4,1250,0.00,0.00,0.00,0.00,7.80,0.40,14.18,1.33,0.00,5.50,23.70,1250,0%,2.44,05/01/2025,6137,26.5,2,Corral 5 y 6
11/02/2025,5,800,0.00,0.00,0.00,0.00,7.80,0.40,14.18,1.33,0.00,5.50,23.70,800,0%,2.83,05/01/2025,6154,33.34,2,Corral 1 y 2
11/02/2025,6,1675,0.00,0.00,0.00,0.00,7.80,0.40,14.18,1.33,0.00,5.50,23.70,1675,1%,2.54,05/01/2025,6161,29.9,2,Corral 3 y 4
12/02/2025,1,1050,0.00,0.00,0.00,0.00,7.80,0.40,14.18,1.33,0.00,5.50,23.70,1050,15%,4.47,05/01/2025,6164,22.59,2,Corral 3 y 4
12/02/2025,2,1435,0.00,0.00,0.00,0.00,7.80,0.40,14.18,1.33,0.00,5.50,23.70,1435,0%,3.69,05/01/2025,6193,21.68,1,Corral 5 y 6
12/02/2025,3,865,0.00,0.00,0.00,0.00,7.80,0.40,14.18,1.33,0.00,5.50,23.70,865,6%,2.82,05/01/2025,6197,13.59,1,Corral 1 y 2
12/02/2025,4,1400,0.00,0.00,0.00,0.00,7.80,0.40,14.18,1.33,0.00,5.50,23.70,1400,0%,2.36,05/01/2025,6226,16.95,1,Corral 1 y 2
12/02/2025,5,860,0.00,0.00,0.00,0.00,7.80,0.40,14.18,1.33,0.00,5.50,23.70,860,14%,2.29,05/01/2025,6258,15.67,1,Corral 1 y 2
12/02/2025,6,1815,0.00,0.00,0.00,0.00,7.80,0.40,14.18,1.33,0.00,5.50,23.70,1815,14%,3.61,05/01/2025,8703,24.19,2,Corral 1 y 2
13/02/2025,1,945,0.00,0.00,0.00,0.00,7.80,0.40,14.18,1.33,0.00,5.50,23.70,945,18%,11.35,05/01/2025,8707,12.8,1,Corral 3 y 4
13/02/2025,2,1320,0.00,0.00,0.00,0.00,7.80,0.40,14.18,1.33,0.00,5.50,23.70,1320,12%,3.27,05/01/2025,8708,11.89,1,Corral 5 y 6
13/02/2025,3,680,0.00,0.00,0.00,0.00,7.80,0.40,14.18,1.33,0.00,5.50,23.70,680,24%,4.12,05/01/2025,8710,31.26,2,Corral 3 y 4
13/02/2025,4,1600,0.00,0.00,0.00,0.00,7.80,0.40,14.18,1.33,0.00,5.50,23.70,1600,5%,1.54,05/01/2025,8712,25.77,2,Corral 1 y 2
13/02/2025,5,815,0.00,0.00,0.00,0.00,7.80,0.40,14.18,1.33,0.00,5.50,23.70,815,19%,2.49,05/01/2025,8714,23.79,1,Corral 1 y 2
13/02/2025,6,1645,0.00,0.00,0.00,0.00,7.80,0.40,14.18,1.33,0.00,5.50,23.70,1645,13%,5.40,05/01/2025,8715,14.52,1,Corral 3 y 4
14/02/2025,1,945,0.00,0.00,0.00,0.00,7.80,0.40,14.18,1.33,0.00,5.50,23.70,935,7%,6.76,05/01/2025,8732,11.84,1,Corral 5 y 6
14/02/2025,2,1320,0.00,0.00,0.00,0.00,7.80,0.40,14.18,1.33,0.00,5.50,23.70,1230,2%,5.85,05/01/2025,8739,21.98,2,Corral 1 y 2
14/02/2025,3,680,0.00,0.00,0.00,0.00,7.80,0.40,14.18,1.33,0.00,5.50,23.70,720,10%,0.97,05/01/2025,8755,10.62,1,Corral 5 y 6
14/02/2025,4,1600,0.00,0.00,0.00,0.00,7.80,0.40,14.18,1.33,0.00,5.50,23.70,1355,3%,5.85,05/01/2025,8761,25.31,1,Corral 3 y 4
14/02/2025,5,815,0.00,0.00,0.00,0.00,7.80,0.40,14.18,1.33,0.00,5.50,23.70,745,26%,,06/01/2025,1204,18.67,2,Corral 5 y 6
14/02/2025,6,1645,0.00,0.00,0.00,0.00,7.80,0.40,14.18,1.33,0.00,5.50,23.70,1730,4%,,06/01/2025,1213,19.24,1,Corral 1 y 2
15/02/2025,1,1035,0.00,0.00,0.00,0.00,7.80,0.40,14.18,1.33,0.00,5.50,23.70,1035,6%,,06/01/2025,1216,7.2,1,Corral 3 y 4
15/02/2025,2,1225,0.00,0.00,0.00,0.00,7.80,0.40,14.18,1.33,0.00,5.50,23.70,1225,2%,,06/01/2025,1225,12.73,1,Corral 1 y 2
15/02/2025,3,1000,0.00,0.00,0.00,0.00,7.80,0.40,14.18,1.33,0.00,5.50,23.70,1000,5%,,06/01/2025,1228,23.77,2,Corral 3 y 4
15/02/2025,4,1285,0.00,0.00,0.00,0.00,7.80,0.40,14.18,1.33,0.00,5.50,23.70,1285,1%,,06/01/2025,1235,15.12,1,Corral 1 y 2
15/02/2025,5,700,0.00,0.00,0.00,0.00,7.80,0.40,14.18,1.33,0.00,5.50,23.70,700,0%,,06/01/2025,1236,12.11,1,Corral 3 y 4
15/02/2025,6,1680,0.00,0.00,0.00,0.00,7.80,0.40,14.18,1.33,0.00,5.50,23.70,1680,1%,,06/01/2025,1242,20.82,1,Corral 3 y 4
16/02/2025,1,840,0.00,0.00,0.00,0.00,7.80,0.40,14.18,1.33,0.00,5.50,23.70,840,20%,,06/01/2025,1243,25.92,2,Corral 3 y 4
16/02/2025,2,1285,0.00,0.00,0.00,0.00,7.80,0.40,14.18,1.33,0.00,5.50,23.70,1285,1%,,06/01/2025,1555,35.98,2,Corral 1 y 2
16/02/2025,3,885,0.00,0.00,0.00,0.00,7.80,0.40,14.18,1.33,0.00,5.50,23.70,885,7%,,06/01/2025,1560,36.6,2,Corral 1 y 2
16/02/2025,4,1430,0.00,0.00,0.00,0.00,7.80,0.40,14.18,1.33,0.00,5.50,23.70,1430,1%,,06/01/2025,1567,16.98,1,Corral 3 y 4
16/02/2025,5,735,0.00,0.00,0.00,0.00,7.80,0.40,14.18,1.33,0.00,5.50,23.70,735,2%,,06/01/2025,1577,20,1,Corral 3 y 4
16/02/2025,6,1720,0.00,0.00,0.00,0.00,7.80,0.40,14.18,1.33,0.00,5.50,23.70,1720,4%,,06/01/2025,1590,18.14,2,Corral 1 y 2
17/02/2025,1,1075,0.00,0.00,0.00,0.00,7.80,0.40,14.18,1.33,0.00,5.50,23.70,1075,2%,,06/01/2025,1638,15.47,1,Corral 1 y 2
17/02/2025,2,1350,0.00,0.00,0.00,0.00,7.80,0.40,14.18,1.33,0.00,5.50,23.70,1350,0%,,06/01/2025,1644,14.26,1,Corral 1 y 2
17/02/2025,3,850,0.00,0.00,0.00,0.00,7.80,0.40,14.18,1.33,0.00,5.50,23.70,850,11%,,06/01/2025,2070,16.44,1,Corral 3 y 4
17/02/2025,4,1350,0.00,0.00,0.00,0.00,7.80,0.40,14.18,1.33,0.00,5.50,23.70,1350,0%,,06/01/2025,2074,18.61,2,Corral 3 y 4
17/02/2025,5,725,0.00,0.00,0.00,0.00,7.80,0.40,14.18,1.33,0.00,5.50,23.70,725,9%,,06/01/2025,2076,12.26,1,Corral 1 y 2
17/02/2025,6,2000,0.00,0.00,0.00,0.00,7.80,0.40,14.18,1.33,0.00,5.50,23.70,2000,0%,,06/01/2025,2082,16.95,1,Corral 3 y 4
18/02/2025,1,1090,0.00,0.00,0.00,0.00,7.80,0.40,14.18,1.33,0.00,5.50,23.70,1090,9%,,06/01/2025,2087,42.38,2,Corral 3 y 4
18/02/2025,2,1145,0.00,0.00,0.00,0.00,7.80,0.40,14.18,1.33,0.00,5.50,23.70,1145,5%,,06/01/2025,2108,14.68,1,Corral 5 y 6
18/02/2025,3,885,0.00,0.00,0.00,0.00,7.80,0.40,14.18,1.33,0.00,5.50,23.70,885,12%,,06/01/2025,2110,17.35,1,Corral 1 y 2
18/02/2025,4,1330,0.00,0.00,0.00,0.00,7.80,0.40,14.18,1.33,0.00,5.50,23.70,1330,1%,,06/01/2025,2119,11.48,1,Corral 3 y 4
18/02/2025,5,760,0.00,0.00,0.00,0.00,7.80,0.40,14.18,1.33,0.00,5.50,23.70,760,5%,,06/01/2025,2122,18.57,1,Corral 3 y 4
18/02/2025,6,1740,0.00,0.00,0.00,0.00,7.80,0.40,14.18,1.33,0.00,5.50,23.70,1740,3%,,06/01/2025,2150,13.82,1,Corral 5 y 6
19/02/2025,1,1045,0.00,0.00,0.00,0.00,7.80,0.40,14.18,1.33,0.00,5.50,23.70,1045,9%,,06/01/2025,5767,14.3,1,Corral 3 y 4
19/02/2025,2,1145,0.00,0.00,0.00,0.00,7.80,0.40,14.18,1.33,0.00,5.50,23.70,1145,5%,,06/01/2025,6012,13.93,1,Corral 1 y 2
19/02/2025,3,855,0.00,0.00,0.00,0.00,7.80,0.40,14.18,1.33,0.00,5.50,23.70,855,5%,,06/01/2025,6054,17.7,1,Corral 3 y 4
19/02/2025,4,1400,0.00,0.00,0.00,0.00,7.80,0.40,14.18,1.33,0.00,5.50,23.70,1400,0%,,06/01/2025,6062,9.72,1,Corral 5 y 6
19/02/2025,5,815,0.00,0.00,0.00,0.00,7.80,0.40,14.18,1.33,0.00,5.50,23.70,815,4%,,06/01/2025,6070,17.93,1,Corral 5 y 6
19/02/2025,6,1860,0.00,0.00,0.00,0.00,7.80,0.40,14.18,1.33,0.00,5.50,23.70,1860,2%,,06/01/2025,6092,14,1,Corral 1 y 2
20/02/2025,1,960,0.00,0.00,0.00,0.00,7.80,0.40,14.18,1.33,0.00,5.50,23.70,960,9%,,06/01/2025,6131,24.77,2,Corral 1 y 2
20/02/2025,2,1360,0.00,0.00,0.00,0.00,7.80,0.40,14.18,1.33,0.00,5.50,23.70,1360,3%,,06/01/2025,6134,29.5,2,Corral 5 y 6
20/02/2025,3,925,0.00,0.00,0.00,0.00,7.80,0.40,14.18,1.33,0.00,5.50,23.70,925,8%,,06/01/2025,6137,13.58,1,Corral 5 y 6
20/02/2025,4,1375,0.00,0.00,0.00,0.00,7.80,0.40,14.18,1.33,0.00,5.50,23.70,1375,2%,,06/01/2025,6154,17.14,1,Corral 1 y 2
20/02/2025,5,855,0.00,0.00,0.00,0.00,7.80,0.40,14.18,1.33,0.00,5.50,23.70,855,5%,,06/01/2025,6161,12.26,1,Corral 3 y 4
20/02/2025,6,1790,0.00,0.00,0.00,0.00,7.80,0.40,14.18,1.33,0.00,5.50,23.70,1790,6%,,06/01/2025,6164,27.96,2,Corral 3 y 4
21/02/2025,1,1070,0.00,0.00,0.00,0.00,7.80,0.40,14.18,1.33,0.00,5.50,23.70,1070,11%,,06/01/2025,6178,11.59,1,Corral 3 y 4
21/02/2025,2,1415,0.00,0.00,0.00,0.00,7.80,0.40,14.18,1.33,0.00,5.50,23.70,1415,6%,,06/01/2025,6193,15.97,1,Corral 5 y 6
21/02/2025,3,840,0.00,0.00,0.00,0.00,7.80,0.40,14.18,1.33,0.00,5.50,23.70,840,7%,,06/01/2025,6194,4.25,1,Corral 5 y 6
21/02/2025,4,1410,0.00,0.00,0.00,0.00,7.80,0.40,14.18,1.33,0.00,5.50,23.70,1410,6%,,06/01/2025,6197,10.85,1,Corral 1 y 2
21/02/2025,5,885,0.00,0.00,0.00,0.00,7.80,0.40,14.18,1.33,0.00,5.50,23.70,885,2%,,06/01/2025,6226,28.24,2,Corral 1 y 2
21/02/2025,6,1875,0.00,0.00,0.00,0.00,7.80,0.40,14.18,1.33,0.00,5.50,23.70,1875,6%,,06/01/2025,6258,25.8,2,Corral 1 y 2
22/02/2025,1,1120,0.00,0.00,0.00,0.00,7.80,0.40,14.18,1.33,0.00,5.50,23.70,1120,10%,,06/01/2025,8703,12.86,1,Corral 1 y 2
22/02/2025,2,1545,0.00,0.00,0.00,0.00,7.80,0.40,14.18,1.33,0.00,5.50,23.70,1545,3%,,06/01/2025,8705,27.29,2,Corral 5 y 6
22/02/2025,3,930,0.00,0.00,0.00,0.00,7.80,0.40,14.18,1.33,0.00,5.50,23.70,930,7%,,06/01/2025,8707,14.53,1,Corral 3 y 4
22/02/2025,4,1500,0.00,0.00,0.00,0.00,7.80,0.40,14.18,1.33,0.00,5.50,23.70,1500,6%,,06/01/2025,8708,11.11,1,Corral 5 y 6
22/02/2025,5,770,0.00,0.00,0.00,0.00,7.80,0.40,14.18,1.33,0.00,5.50,23.70,770,14%,,06/01/2025,8710,30.55,2,Corral 3 y 4
22/02/2025,6,2025,0.00,0.00,0.00,0.00,7.80,0.40,14.18,1.33,0.00,5.50,23.70,2025,6%,,06/01/2025,8711,17.42,1,Corral 1 y 2
23/02/2025,1,1105,0.00,0.00,0.00,0.00,7.80,0.40,14.18,1.33,0.00,5.50,23.70,1105,8%,,06/01/2025,8712,8.58,1,Corral 1 y 2
23/02/2025,2,1430,0.00,0.00,0.00,0.00,7.80,0.40,14.18,1.33,0.00,5.50,23.70,1430,5%,,06/01/2025,8714,13.37,1,Corral 1 y 2
23/02/2025,3,855,0.00,0.00,0.00,0.00,7.80,0.40,14.18,1.33,0.00,5.50,23.70,855,5%,,06/01/2025,8715,24.24,2,Corral 3 y 4
23/02/2025,4,1285,0.00,0.00,0.00,0.00,7.80,0.40,14.18,1.33,0.00,5.50,23.70,1285,8%,,06/01/2025,8732,18.04,2,Corral 5 y 6
23/02/2025,5,855,0.00,0.00,0.00,0.00,7.80,0.40,14.18,1.33,0.00,5.50,23.70,855,5%,,06/01/2025,8739,7.18,1,Corral 1 y 2
23/02/2025,6,1850,0.00,0.00,0.00,0.00,7.80,0.40,14.18,1.33,0.00,5.50,23.70,1850,5%,,06/01/2025,8755,12.08,2,Corral 5 y 6
24/02/2025,1,1055,0.00,0.00,0.00,0.00,7.80,0.40,14.18,1.33,0.00,5.50,23.70,1055,2%,,06/01/2025,8761,29.65,2,Corral 3 y 4
24/02/2025,2,1285,0.00,0.00,0.00,0.00,7.80,0.40,14.18,1.33,0.00,5.50,23.70,1285,0%,,01/02/2025,1204,9.19,1,Corral 1 y 2
24/02/2025,3,830,0.00,0.00,0.00,0.00,7.80,0.40,14.18,1.33,0.00,5.50,23.70,830,8%,,01/02/2025,1213,12.58,1,Corral 1 y 2
24/02/2025,4,1215,0.00,0.00,0.00,0.00,7.80,0.40,14.18,1.33,0.00,5.50,23.70,1215,17%,,01/02/2025,1216,17.84,1,Corral 1 y 2
24/02/2025,5,750,0.00,0.00,0.00,0.00,7.80,0.40,14.18,1.33,0.00,5.50,23.70,750,17%,,01/02/2025,1225,12.55,1,Corral 1 y 2
24/02/2025,6,1720,0.00,0.00,0.00,0.00,7.80,0.40,14.18,1.33,0.00,5.50,23.70,1720,9%,,01/02/2025,1228,22.94,2,Corral 3 y 4
25/02/2025,1,935,0.00,0.00,0.00,0.00,7.80,0.40,14.18,1.33,0.00,5.50,23.70,935,15%,,01/02/2025,1235,14.85,1,Corral 3 y 4
25/02/2025,2,1340,0.00,0.00,0.00,0.00,7.80,0.40,14.18,1.33,0.00,5.50,23.70,1340,0%,,01/02/2025,1236,11.34,1,Corral 5 y 6
25/02/2025,3,885,0.00,0.00,0.00,0.00,7.80,0.40,14.18,1.33,0.00,5.50,23.70,885,7%,,01/02/2025,1242,27.02,2,Corral 3 y 4
25/02/2025,4,1160,0.00,0.00,0.00,0.00,7.80,0.40,14.18,1.33,0.00,5.50,23.70,1160,3%,,01/02/2025,1243,10.4,1,Corral 5 y 6
25/02/2025,5,845,0.00,0.00,0.00,0.00,7.80,0.40,14.18,1.33,0.00,5.50,23.70,845,6%,,01/02/2025,1555,46.91,2,Corral 1 y 2
25/02/2025,6,1820,0.00,0.00,0.00,0.00,7.80,0.40,14.18,1.33,0.00,5.50,23.70,1820,2%,,01/02/2025,1560,25.18,1,Corral 1 y 2
26/02/2025,1,1080,0.00,0.00,0.00,0.00,7.80,0.40,14.18,1.33,0.00,5.50,23.70,1080,10%,,01/02/2025,1567,34.88,2,Corral 3 y 4
26/02/2025,2,1360,0.00,0.00,0.00,0.00,7.80,0.40,14.18,1.33,0.00,5.50,23.70,1360,3%,,01/02/2025,1577,27.13,1,Corral 3 y 4
26/02/2025,3,805,0.00,0.00,0.00,0.00,7.80,0.40,14.18,1.33,0.00,5.50,23.70,805,11%,,01/02/2025,1617,21.31,1,Corral 5 y 6
26/02/2025,4,1370,0.00,0.00,0.00,0.00,7.80,0.40,14.18,1.33,0.00,5.50,23.70,1370,2%,,01/02/2025,1638,18.77,1,Corral 1 y 2
26/02/2025,5,735,0.00,0.00,0.00,0.00,7.80,0.40,14.18,1.33,0.00,5.50,23.70,735,18%,,01/02/2025,2070,12.5,1,Corral 3 y 4
26/02/2025,6,1930,0.00,0.00,0.00,0.00,7.80,0.40,14.18,1.33,0.00,5.50,23.70,1930,4%,,01/02/2025,2074,16.05,1,Corral 5 y 6
27/02/2025,1,1100,0.00,0.00,0.00,0.00,7.80,0.40,14.18,1.33,0.00,5.50,23.70,1100,8%,,01/02/2025,2076,20.3,1,Corral 5 y 6
27/02/2025,2,1365,0.00,0.00,0.00,0.00,7.80,0.40,14.18,1.33,0.00,5.50,23.70,1365,3%,,01/02/2025,2082,42.45,2,Corral 3 y 4
27/02/2025,3,820,0.00,0.00,0.00,0.00,7.80,0.40,14.18,1.33,0.00,5.50,23.70,820,9%,,01/02/2025,2087,45.29,2,Corral 1 y 2
27/02/2025,4,1340,0.00,0.00,0.00,0.00,7.80,0.40,14.18,1.33,0.00,5.50,23.70,1340,4%,,01/02/2025,2108,14.1,1,Corral 3 y 4
27/02/2025,5,830,0.00,0.00,0.00,0.00,7.80,0.40,14.18,1.33,0.00,5.50,23.70,830,8%,,01/02/2025,2119,25.69,1,Corral 1 y 2
27/02/2025,6,1960,0.00,0.00,0.00,0.00,7.80,0.40,14.18,1.33,0.00,5.50,23.70,1960,2%,,01/02/2025,2122,28.38,1,Corral 1 y 2
28/02/2025,1,905,0.00,0.00,0.00,0.00,7.80,0.40,14.18,1.33,0.00,5.50,23.70,905,10%,,01/02/2025,2165,22.84,1,Corral 5 y 6
28/02/2025,2,1365,0.00,0.00,0.00,0.00,7.80,0.40,14.18,1.33,0.00,5.50,23.70,1365,3%,,01/02/2025,5767,17.63,1,Corral 3 y 4
28/02/2025,3,860,0.00,0.00,0.00,0.00,7.80,0.40,14.18,1.33,0.00,5.50,23.70,860,4%,,01/02/2025,5981,10.8,1,Corral 5 y 6
28/02/2025,4,1340,0.00,0.00,0.00,0.00,7.80,0.40,14.18,1.33,0.00,5.50,23.70,1340,4%,,01/02/2025,6012,18.83,1,Corral 1 y 2
28/02/2025,5,850,0.00,0.00,0.00,0.00,7.80,0.40,14.18,1.33,0.00,5.50,23.70,850,6%,,01/02/2025,6050,16.34,1,Corral 3 y 4
28/02/2025,6,1905,0.00,0.00,0.00,0.00,7.80,0.40,14.18,1.33,0.00,5.50,23.70,1905,5%,,01/02/2025,6054,28.41,1,Corral 5 y 6
01/03/2025,1,900,0.00,0.00,0.00,0.00,7.80,0.40,14.18,1.33,0.00,5.50,23.70,900,100,10%,01/02/2025,6070,46.72,2,Corral 1 y 2
01/03/2025,2,1355,0.00,0.00,0.00,0.00,7.80,0.40,14.18,1.33,0.00,5.50,23.70,1355,45,3%,01/02/2025,6092,18.04,1,Corral 1 y 2
01/03/2025,3,830,0.00,0.00,0.00,0.00,7.80,0.40,14.18,1.33,0.00,5.50,23.70,830,70,8%,01/02/2025,6124,18.36,1,Corral 5 y 6
01/03/2025,4,1365,0.00,0.00,0.00,0.00,7.80,0.40,14.18,1.33,0.00,5.50,23.70,1365,35,3%,01/02/2025,6137,18.52,1,Corral 1 y 2
01/03/2025,5,840,0.00,0.00,0.00,0.00,7.80,0.40,14.18,1.33,0.00,5.50,23.70,840,60,7%,01/02/2025,6161,16.85,1,Corral 3 y 4
01/03/2025,6,1915,0.00,0.00,0.00,0.00,7.80,0.40,14.18,1.33,0.00,5.50,23.70,1915,85,4%,01/02/2025,6164,27.53,2,Corral 3 y 4
02/03/2025,1,890,0.00,0.00,0.00,0.00,7.80,0.40,14.18,1.33,0.00,5.50,23.70,890,110,11%,01/02/2025,6193,23.61,1,Corral 3 y 4
02/03/2025,2,1350,0.00,0.00,0.00,0.00,7.80,0.40,14.18,1.33,0.00,5.50,23.70,1350,50,4%,01/02/2025,6194,32.51,2,Corral 3 y 4
02/03/2025,3,815,0.00,0.00,0.00,0.00,7.80,0.40,14.18,1.33,0.00,5.50,23.70,815,85,9%,01/02/2025,6197,15.07,1,Corral 1 y 2
02/03/2025,4,1355,0.00,0.00,0.00,0.00,7.80,0.40,14.18,1.33,0.00,5.50,23.70,1355,45,3%,01/02/2025,6226,18.64,1,Corral 1 y 2
02/03/2025,5,820,0.00,0.00,0.00,0.00,7.80,0.40,14.18,1.33,0.00,5.50,23.70,820,80,9%,01/02/2025,6258,36.51,2,Corral 1 y 2
02/03/2025,6,1960,0.00,0.00,0.00,0.00,7.80,0.40,14.18,1.33,0.00,5.50,23.70,1960,40,2%,01/02/2025,8703,24.56,2,Corral 1 y 2
03/03/2025,1,1870,0.00,0.00,0.00,0.00,7.80,0.40,14.18,1.33,0.00,5.50,23.70,880,120,12%,01/02/2025,8705,16,1,Corral 1 y 2
03/03/2025,2,2495,0.00,0.00,0.00,0.00,7.80,0.40,14.18,1.33,0.00,5.50,23.70,1300,100,7%,01/02/2025,8707,16.3,1,Corral 3 y 4
03/03/2025,3,1685,0.00,0.00,0.00,0.00,7.80,0.40,14.18,1.33,0.00,5.50,23.70,785,115,13%,01/02/2025,8708,10.65,1,Corral 5 y 6
03/03/2025,4,2430,0.00,0.00,0.00,0.00,7.80,0.40,14.18,1.33,0.00,5.50,23.70,1350,50,4%,01/02/2025,8710,26.74,2,Corral 5 y 6
03/03/2025,5,1605,0.00,0.00,0.00,0.00,7.80,0.40,14.18,1.33,0.00,5.50,23.70,820,80,9%,01/02/2025,8714,13.96,1,Corral 1 y 2
03/03/2025,6,3890,0.00,0.00,0.00,0.00,7.80,0.40,14.18,1.33,0.00,5.50,23.70,1900,100,5%,02/02/2025,1204,13.87,1,Corral 5 y 6
04/03/2025,1,980,0.00,0.00,0.00,0.00,7.80,0.40,14.18,1.33,0.00,5.50,23.70,980,20,2%,02/02/2025,1216,11.75,1,Corral 5 y 6
04/03/2025,2,1400,0.00,0.00,0.00,0.00,7.80,0.40,14.18,1.33,0.00,5.50,23.70,1400,0,0%,02/02/2025,1225,18.85,2,Corral 5 y 6
04/03/2025,3,775,0.00,0.00,0.00,0.00,7.80,0.40,14.18,1.33,0.00,5.50,23.70,775,125,14%,02/02/2025,1228,21.13,2,Corral 3 y 4
04/03/2025,4,1400,0.00,0.00,0.00,0.00,7.80,0.40,14.18,1.33,0.00,5.50,23.70,1400,0,0%,02/02/2025,1235,18.73,1,Corral 3 y 4
04/03/2025,5,840,0.00,0.00,0.00,0.00,7.80,0.40,14.18,1.33,0.00,5.50,23.70,840,60,7%,02/02/2025,1236,20.59,2,Corral 5 y 6
04/03/2025,6,1745,0.00,0.00,0.00,0.00,7.80,0.40,14.18,1.33,0.00,5.50,23.70,1745,55,3%,02/02/2025,1242,16.38,1,Corral 3 y 4
05/03/2025,1,920,0.00,0.00,0.00,0.00,7.80,0.40,14.18,1.33,0.00,5.50,23.70,920,80,8%,02/02/2025,1243,17.83,1,Corral 5 y 6
05/03/2025,2,1300,0.00,0.00,0.00,0.00,7.80,0.40,14.18,1.33,0.00,5.50,23.70,1300,100,7%,02/02/2025,1555,32.1,2,Corral 1 y 2
05/03/2025,3,4830,0.00,0.00,0.00,0.00,7.80,0.40,14.18,1.33,0.00,5.50,23.70,4830,120,2%,02/02/2025,1560,20.5,1,Corral 1 y 2
05/03/2025,4,1395,0.00,0.00,0.00,0.00,7.80,0.40,14.18,1.33,0.00,5.50,23.70,1395,5,0%,02/02/2025,1567,23.79,2,Corral 3 y 4
05/03/2025,5,885,0.00,0.00,0.00,0.00,7.80,0.40,14.18,1.33,0.00,5.50,23.70,885,15,2%,02/02/2025,1577,43.4,2,Corral 3 y 4
05/03/2025,6,1960,0.00,0.00,0.00,0.00,7.80,0.40,14.18,1.33,0.00,5.50,23.70,1960,40,2%,02/02/2025,1590,23.57,1,Corral 3 y 4
06/03/2025,1,955,0.00,0.00,0.00,0.00,7.80,0.40,14.18,1.33,0.00,5.50,23.70,955,45,5%,02/02/2025,1617,17.69,1,Corral 5 y 6
06/03/2025,2,1400,0.00,0.00,0.00,0.00,7.80,0.40,14.18,1.33,0.00,5.50,23.70,1400,0,0%,02/02/2025,1638,18.78,1,Corral 1 y 2
06/03/2025,3,840,0.00,0.00,0.00,0.00,7.80,0.40,14.18,1.33,0.00,5.50,23.70,840,60,7%,02/02/2025,1644,29.25,2,Corral 1 y 2
06/03/2025,4,1400,0.00,0.00,0.00,0.00,7.80,0.40,14.18,1.33,0.00,5.50,23.70,1400,0,0%,02/02/2025,2070,27.68,2,Corral 3 y 4
06/03/2025,5,865,0.00,0.00,0.00,0.00,7.80,0.40,14.18,1.33,0.00,5.50,23.70,865,35,4%,02/02/2025,2074,17.91,1,Corral 5 y 6
06/03/2025,6,1770,0.00,0.00,0.00,0.00,7.80,0.40,14.18,1.33,0.00,5.50,23.70,1770,30,2%,02/02/2025,2076,12.6,1,Corral 5 y 6
07/03/2025,1,955,0.00,0.00,0.00,0.00,7.80,0.40,14.18,1.33,0.00,5.50,23.70,955,45,5%,02/02/2025,2082,32.39,2,Corral 3 y 4
07/03/2025,2,1400,0.00,0.00,0.00,0.00,7.80,0.40,14.18,1.33,0.00,5.50,23.70,1320,30,2%,02/02/2025,2087,21.94,1,Corral 1 y 2
07/03/2025,3,840,0.00,0.00,0.00,0.00,7.80,0.40,14.18,1.33,0.00,5.50,23.70,865,35,4%,02/02/2025,2108,26.18,1,Corral 3 y 4
07/03/2025,4,1400,0.00,0.00,0.00,0.00,7.80,0.40,14.18,1.33,0.00,5.50,23.70,1550,0,0%,02/02/2025,2110,23.5,1,Corral 3 y 4
07/03/2025,5,865,0.00,0.00,0.00,0.00,7.80,0.40,14.18,1.33,0.00,5.50,23.70,900,0,0%,02/02/2025,2119,19.98,1,Corral 1 y 2
07/03/2025,6,1770,0.00,0.00,0.00,0.00,7.80,0.40,14.18,1.33,0.00,5.50,23.70,1970,30,2%,02/02/2025,2122,34.23,2,Corral 1 y 2
08/03/2025,1,900,0.00,0.00,0.00,0.00,7.80,0.40,14.18,1.33,0.00,5.50,23.70,900,100,10%,02/02/2025,2150,22.89,1,Corral 3 y 4
08/03/2025,2,1490,0.00,0.00,0.00,0.00,7.80,0.40,14.18,1.33,0.00,5.50,23.70,1490,60,4%,02/02/2025,2165,22.8,1,Corral 5 y 6
08/03/2025,3,860,0.00,0.00,0.00,0.00,7.80,0.40,14.18,1.33,0.00,5.50,23.70,860,40,4%,02/02/2025,5767,18.88,1,Corral 3 y 4
08/03/2025,4,1475,0.00,0.00,0.00,0.00,7.80,0.40,14.18,1.33,0.00,5.50,23.70,1475,75,5%,02/02/2025,6012,15.13,1,Corral 1 y 2
08/03/2025,5,765,0.00,0.00,0.00,0.00,7.80,0.40,14.18,1.33,0.00,5.50,23.70,765,135,15%,02/02/2025,6050,17.99,1,Corral 3 y 4
08/03/2025,6,1785,0.00,0.00,0.00,0.00,7.80,0.40,14.18,1.33,0.00,5.50,23.70,1785,215,11%,02/02/2025,6054,23.15,2,Corral 5 y 6
09/03/2025,1,805,0.00,0.00,0.00,0.00,7.80,0.40,14.18,1.33,0.00,5.50,23.70,805,195,20%,02/02/2025,6062,23.17,1,Corral 3 y 4
09/03/2025,2,1295,0.00,0.00,0.00,0.00,7.80,0.40,14.18,1.33,0.00,5.50,23.70,1295,205,14%,02/02/2025,6070,28.81,2,Corral 1 y 2
09/03/2025,3,835,0.00,0.00,0.00,0.00,7.80,0.40,14.18,1.33,0.00,5.50,23.70,835,65,7%,02/02/2025,6092,29.07,2,Corral 1 y 2
09/03/2025,4,1370,0.00,0.00,0.00,0.00,7.80,0.40,14.18,1.33,0.00,5.50,23.70,1370,130,9%,02/02/2025,6124,22.73,1,Corral 5 y 6
09/03/2025,5,890,0.00,0.00,0.00,0.00,7.80,0.40,14.18,1.33,0.00,5.50,23.70,890,10,1%,02/02/2025,6131,30.81,2,Corral 1 y 2
09/03/2025,6,1670,0.00,0.00,0.00,0.00,7.80,0.40,14.18,1.33,0.00,5.50,23.70,1670,330,17%,02/02/2025,6134,15.37,1,Corral 1 y 2
10/03/2025,1,930,0.00,0.00,0.00,0.00,7.80,0.40,14.18,1.33,0.00,5.50,23.70,930,20,2%,02/02/2025,6137,19.19,1,Corral 1 y 2
10/03/2025,2,1335,0.00,0.00,0.00,0.00,7.80,0.40,14.18,1.33,0.00,5.50,23.70,1335,15,1%,02/02/2025,6161,36.83,2,Corral 3 y 4
10/03/2025,3,915,0.00,0.00,0.00,0.00,7.80,0.40,14.18,1.33,0.00,5.50,23.70,915,35,4%,02/02/2025,6164,34.25,2,Corral 3 y 4
10/03/2025,4,1340,0.00,0.00,0.00,0.00,7.80,0.40,14.18,1.33,0.00,5.50,23.70,1340,10,1%,02/02/2025,6178,28.1,2,Corral 1 y 2
10/03/2025,5,895,0.00,0.00,0.00,0.00,7.80,0.40,14.18,1.33,0.00,5.50,23.70,895,5,1%,02/02/2025,6193,16.48,1,Corral 3 y 4
10/03/2025,6,1780,0.00,0.00,0.00,0.00,7.80,0.40,14.18,1.33,0.00,5.50,23.70,1780,20,1%,02/02/2025,6194,33.5,2,Corral 3 y 4
11/03/2025,1,850,0.00,0.00,0.00,0.00,7.80,0.40,14.18,1.33,0.00,5.50,23.70,850,0,0%,02/02/2025,6197,18.86,1,Corral 1 y 2
11/03/2025,2,1300,0.00,0.00,0.00,0.00,7.80,0.40,14.18,1.33,0.00,5.50,23.70,1300,0,0%,02/02/2025,6226,15.5,1,Corral 1 y 2
11/03/2025,3,815,0.00,0.00,0.00,0.00,7.80,0.40,14.18,1.33,0.00,5.50,23.70,815,85,9%,02/02/2025,6258,31.85,2,Corral 1 y 2
11/03/2025,4,1300,0.00,0.00,0.00,0.00,7.80,0.40,14.18,1.33,0.00,5.50,23.70,1300,0,0%,02/02/2025,8703,10.74,1,Corral 1 y 2
11/03/2025,5,840,0.00,0.00,0.00,0.00,7.80,0.40,14.18,1.33,0.00,5.50,23.70,840,10,1%,02/02/2025,8705,14.5,1,Corral 1 y 2
11/03/2025,6,1805,0.00,0.00,0.00,0.00,7.80,0.40,14.18,1.33,0.00,5.50,23.70,1805,45,2%,02/02/2025,8707,19.96,1,Corral 3 y 4
12/03/2025,1,950,0.00,0.00,0.00,0.00,7.80,0.40,14.18,1.33,0.00,5.50,23.70,950,50,5%,02/02/2025,8708,15.2,1,Corral 1 y 2
12/03/2025,2,1340,0.00,0.00,0.00,0.00,7.80,0.40,14.18,1.33,0.00,5.50,23.70,1340,60,4%,02/02/2025,8710,16.06,1,Corral 3 y 4
12/03/2025,3,955,0.00,0.00,0.00,0.00,7.80,0.40,14.18,1.33,0.00,5.50,23.70,955,45,5%,02/02/2025,8711,23.23,2,Corral 1 y 2
12/03/2025,4,1370,0.00,0.00,0.00,0.00,7.80,0.40,14.18,1.33,0.00,5.50,23.70,1370,30,2%,02/02/2025,8712,9.81,1,Corral 5 y 6
12/03/2025,5,890,0.00,0.00,0.00,0.00,7.80,0.40,14.18,1.33,0.00,5.50,23.70,890,10,1%,02/02/2025,8714,20.56,1,Corral 1 y 2
12/03/2025,6,1035,0.00,0.00,0.00,0.00,7.80,0.40,14.18,1.33,0.00,5.50,23.70,1035,65,6%,02/02/2025,8715,7.92,1,Corral 5 y 6
13/03/2025,1,880,0.00,0.00,0.00,0.00,7.80,0.40,14.18,1.33,0.00,5.50,23.70,880,120,12%,02/02/2025,8732,10.77,1,Corral 1 y 2
13/03/2025,2,1330,0.00,0.00,0.00,0.00,7.80,0.40,14.18,1.33,0.00,5.50,23.70,1330,70,5%,02/02/2025,8755,10.27,1,Corral 5 y 6
13/03/2025,3,985,0.00,0.00,0.00,0.00,7.80,0.40,14.18,1.33,0.00,5.50,23.70,985,15,2%,02/02/2025,8761,8.5,1,Corral 1 y 2
13/03/2025,4,1310,0.00,0.00,0.00,0.00,7.80,0.40,14.18,1.33,0.00,5.50,23.70,1310,90,6%,03/02/2025,1204,11.13,1,Corral 5 y 6
13/03/2025,5,870,0.00,0.00,0.00,0.00,7.80,0.40,14.18,1.33,0.00,5.50,23.70,870,30,3%,03/02/2025,1213,23.18,2,Corral 1 y 2
13/03/2025,6,1925,0.00,0.00,0.00,0.00,7.80,0.40,14.18,1.33,0.00,5.50,23.70,1925,75,4%,03/02/2025,1216,21.95,1,Corral 3 y 4
14/03/2025,1,890,0.00,0.00,0.00,0.00,7.80,0.40,14.18,1.33,0.00,5.50,23.70,890,110,11%,03/02/2025,1225,15.36,1,Corral 5 y 6
14/03/2025,2,1355,0.00,0.00,0.00,0.00,7.80,0.40,14.18,1.33,0.00,5.50,23.70,1355,45,3%,03/02/2025,1228,26.78,2,Corral 3 y 4
14/03/2025,3,920,0.00,0.00,0.00,0.00,7.80,0.40,14.18,1.33,0.00,5.50,23.70,920,80,8%,03/02/2025,1235,27.18,2,Corral 3 y 4
14/03/2025,4,1335,0.00,0.00,0.00,0.00,7.80,0.40,14.18,1.33,0.00,5.50,23.70,1335,65,5%,03/02/2025,1236,9.52,1,Corral 3 y 4
14/03/2025,5,875,0.00,0.00,0.00,0.00,7.80,0.40,14.18,1.33,0.00,5.50,23.70,875,25,3%,03/02/2025,1242,26.89,2,Corral 3 y 4
14/03/2025,6,1930,0.00,0.00,0.00,0.00,7.80,0.40,14.18,1.33,0.00,5.50,23.70,1930,70,4%,03/02/2025,1243,30.38,2,Corral 3 y 4
15/03/2025,1,905,0.00,0.00,0.00,0.00,7.80,0.40,14.18,1.33,0.00,5.50,23.70,905,95,10%,03/02/2025,1555,38.83,2,Corral 1 y 2
15/03/2025,2,1340,0.00,0.00,0.00,0.00,7.80,0.40,14.18,1.33,0.00,5.50,23.70,1340,60,4%,03/02/2025,1560,37.6,2,Corral 1 y 2
15/03/2025,3,935,0.00,0.00,0.00,0.00,7.80,0.40,14.18,1.33,0.00,5.50,23.70,935,65,7%,03/02/2025,1567,29.39,2,Corral 3 y 4
15/03/2025,4,1320,0.00,0.00,0.00,0.00,7.80,0.40,14.18,1.33,0.00,5.50,23.70,1320,80,6%,03/02/2025,1577,32.92,2,Corral 3 y 4
15/03/2025,5,860,0.00,0.00,0.00,0.00,7.80,0.40,14.18,1.33,0.00,5.50,23.70,860,40,4%,03/02/2025,1590,19.38,1,Corral 3 y 4
15/03/2025,6,1845,0.00,0.00,0.00,0.00,7.80,0.40,14.18,1.33,0.00,5.50,23.70,1845,55,3%,03/02/2025,1617,22.64,1,Corral 5 y 6
16/03/2025,1,880,0.00,0.00,0.00,0.00,7.80,0.40,14.18,1.33,0.00,5.50,23.70,880,120,12%,03/02/2025,1638,16.52,1,Corral 1 y 2
16/03/2025,2,1320,0.00,0.00,0.00,0.00,7.80,0.40,14.18,1.33,0.00,5.50,23.70,1320,80,6%,03/02/2025,1644,12.75,1,Corral 1 y 2
16/03/2025,3,870,0.00,0.00,0.00,0.00,7.80,0.40,14.18,1.33,0.00,5.50,23.70,870,130,13%,03/02/2025,2070,27.61,2,Corral 3 y 4
16/03/2025,4,1230,0.00,0.00,0.00,0.00,7.80,0.40,14.18,1.33,0.00,5.50,23.70,1230,170,12%,03/02/2025,2074,25.7,2,Corral 3 y 4
16/03/2025,5,900,0.00,0.00,0.00,0.00,7.80,0.40,14.18,1.33,0.00,5.50,23.70,900,0,0%,03/02/2025,2076,38.24,2,Corral 1 y 2
16/03/2025,6,1720,0.00,0.00,0.00,0.00,7.80,0.40,14.18,1.33,0.00,5.50,23.70,1720,80,4%,03/02/2025,2082,10.36,1,Corral 3 y 4
17/03/2025,1,950,0.00,0.00,0.00,0.00,7.80,0.40,14.18,1.33,0.00,5.50,23.70,950,50,5%,03/02/2025,2087,17.49,1,Corral 5 y 6
17/03/2025,2,1310,0.00,0.00,0.00,0.00,7.80,0.40,14.18,1.33,0.00,5.50,23.70,1310,90,6%,03/02/2025,2108,25.21,1,Corral 5 y 6
17/03/2025,3,875,0.00,0.00,0.00,0.00,7.80,0.40,14.18,1.33,0.00,5.50,23.70,875,75,8%,03/02/2025,2110,43,3,Corral 3 y 4
17/03/2025,4,1380,0.00,0.00,0.00,0.00,7.80,0.40,14.18,1.33,0.00,5.50,23.70,1380,20,1%,03/02/2025,2119,27.59,1,Corral 3 y 4
17/03/2025,5,825,0.00,0.00,0.00,0.00,7.80,0.40,14.18,1.33,0.00,5.50,23.70,825,75,8%,03/02/2025,2122,31.68,2,Corral 3 y 4
17/03/2025,6,2000,0.00,0.00,0.00,0.00,7.80,0.40,14.18,1.33,0.00,5.50,23.70,2000,0,0%,03/02/2025,2150,25.68,1,Corral 5 y 6
18/03/2025,1,925,0.00,0.00,0.00,0.00,7.80,0.40,14.18,1.33,0.00,5.50,23.70,925,75,8%,03/02/2025,2165,21.13,1,Corral 5 y 6
18/03/2025,2,1400,0.00,0.00,0.00,0.00,7.80,0.40,14.18,1.33,0.00,5.50,23.70,1400,0,0%,03/02/2025,5767,20.39,1,Corral 1 y 2
18/03/2025,3,850,0.00,0.00,0.00,0.00,7.80,0.40,14.18,1.33,0.00,5.50,23.70,850,0,0%,03/02/2025,6012,37.12,2,Corral 1 y 2
18/03/2025,4,1400,0.00,0.00,0.00,0.00,7.80,0.40,14.18,1.33,0.00,5.50,23.70,1400,0,0%,03/02/2025,6050,14.03,1,Corral 3 y 4
18/03/2025,5,900,0.00,0.00,0.00,0.00,7.80,0.40,14.18,1.33,0.00,5.50,23.70,900,0,0%,03/02/2025,6054,32.38,2,Corral 3 y 4
18/03/2025,6,2000,0.00,0.00,0.00,0.00,7.80,0.40,14.18,1.33,0.00,5.50,23.70,2000,0,0%,03/02/2025,6062,18.84,1,Corral 3 y 4
19/03/2025,1,890,0.00,0.00,0.00,0.00,7.80,0.40,14.18,1.33,0.00,5.50,23.70,890,110,11%,03/02/2025,6070,17.79,2,Corral 5 y 6
19/03/2025,2,1355,0.00,0.00,0.00,0.00,7.80,0.40,14.18,1.33,0.00,5.50,23.70,1355,45,3%,03/02/2025,6092,18.7,1,Corral 1 y 2
19/03/2025,3,970,0.00,0.00,0.00,0.00,7.80,0.40,14.18,1.33,0.00,5.50,23.70,970,30,3%,03/02/2025,6124,21.82,1,Corral 5 y 6
19/03/2025,4,1330,0.00,0.00,0.00,0.00,7.80,0.40,14.18,1.33,0.00,5.50,23.70,1330,70,5%,03/02/2025,6131,16.38,1,Corral 1 y 2
19/03/2025,5,810,0.00,0.00,0.00,0.00,7.80,0.40,14.18,1.33,0.00,5.50,23.70,810,90,10%,03/02/2025,6134,32.68,1,Corral 5 y 6
19/03/2025,6,1925,0.00,0.00,0.00,0.00,7.80,0.40,14.18,1.33,0.00,5.50,23.70,1925,75,4%,03/02/2025,6137,11.6,1,Corral 3 y 4
20/03/2025,1,905,0.00,0.00,0.00,0.00,7.80,0.40,14.18,1.33,0.00,5.50,23.70,905,95,10%,03/02/2025,6161,13.07,1,Corral 3 y 4
20/03/2025,2,1340,0.00,0.00,0.00,0.00,7.80,0.40,14.18,1.33,0.00,5.50,23.70,1340,60,4%,03/02/2025,6164,35.24,2,Corral 3 y 4
20/03/2025,3,945,0.00,0.00,0.00,0.00,7.80,0.40,14.18,1.33,0.00,5.50,23.70,945,55,6%,03/02/2025,6178,19.75,1,Corral 3 y 4
20/03/2025,4,1325,0.00,0.00,0.00,0.00,7.80,0.40,14.18,1.33,0.00,5.50,23.70,1325,75,5%,03/02/2025,6193,27.62,1,Corral 5 y 6
20/03/2025,5,825,0.00,0.00,0.00,0.00,7.80,0.40,14.18,1.33,0.00,5.50,23.70,825,50,6%,03/02/2025,6194,43.69,2,Corral 1 y 2
20/03/2025,6,1885,0.00,0.00,0.00,0.00,7.80,0.40,14.18,1.33,0.00,5.50,23.70,1885,115,6%,03/02/2025,6197,25.32,2,Corral 1 y 2
21/03/2025,1,905,0.00,0.00,0.00,0.00,7.80,0.40,14.18,1.33,0.00,5.50,23.70,905,95,10%,03/02/2025,6226,25.82,1,Corral 1 y 2
21/03/2025,2,1340,0.00,0.00,0.00,0.00,7.80,0.40,14.18,1.33,0.00,5.50,23.70,1340,60,4%,03/02/2025,6258,27.22,2,Corral 1 y 2
21/03/2025,3,960,0.00,0.00,0.00,0.00,7.80,0.40,14.18,1.33,0.00,5.50,23.70,960,40,4%,03/02/2025,8703,12.14,1,Corral 1 y 2
21/03/2025,4,1340,0.00,0.00,0.00,0.00,7.80,0.40,14.18,1.33,0.00,5.50,23.70,1340,60,4%,03/02/2025,8705,19.59,2,Corral 1 y 2
21/03/2025,5,845,0.00,0.00,0.00,0.00,7.80,0.40,14.18,1.33,0.00,5.50,23.70,845,55,6%,03/02/2025,8707,28.03,2,Corral 3 y 4
21/03/2025,6,1785,0.00,0.00,0.00,0.00,7.80,0.40,14.18,1.33,0.00,5.50,23.70,1785,115,6%,03/02/2025,8708,19.61,1,Corral 5 y 6
22/03/2025,1,930,0.00,0.00,0.00,0.00,7.80,0.40,14.18,1.33,0.00,5.50,23.70,930,70,7%,03/02/2025,8710,30.05,2,Corral 3 y 4
22/03/2025,2,1355,0.00,0.00,0.00,0.00,7.80,0.40,14.18,1.33,0.00,5.50,23.70,1355,45,3%,03/02/2025,8711,13.15,1,Corral 1 y 2
22/03/2025,3,1000,0.00,0.00,0.00,0.00,7.80,0.40,14.18,1.33,0.00,5.50,23.70,1000,50,5%,03/02/2025,8712,11.43,1,Corral 1 y 2
22/03/2025,4,1310,0.00,0.00,0.00,0.00,7.80,0.40,14.18,1.33,0.00,5.50,23.70,1310,90,6%,03/02/2025,8714,36.13,2,Corral 1 y 2
22/03/2025,5,900,0.00,0.00,0.00,0.00,7.80,0.40,14.18,1.33,0.00,5.50,23.70,900,0,0%,03/02/2025,8732,7.16,1,Corral 1 y 2
22/03/2025,6,1890,0.00,0.00,0.00,0.00,7.80,0.40,14.18,1.33,0.00,5.50,23.70,1890,110,6%,03/02/2025,8755,5.93,1,Corral 3 y 4
23/03/2025,1,875,0.00,0.00,0.00,0.00,7.80,0.40,14.18,1.33,0.00,5.50,23.70,875,125,13%,03/02/2025,8761,15.19,1,Corral 1 y 2
23/03/2025,2,1305,0.00,0.00,0.00,0.00,7.80,0.40,14.18,1.33,0.00,5.50,23.70,1305,95,7%,04/02/2025,1204,24.19,1,Corral 5 y 6
23/03/2025,3,885,0.00,0.00,0.00,0.00,7.80,0.40,14.18,1.33,0.00,5.50,23.70,885,115,12%,04/02/2025,1213,13.27,1,Corral 1 y 2
23/03/2025,4,1295,0.00,0.00,0.00,0.00,7.80,0.40,14.18,1.33,0.00,5.50,23.70,1295,105,8%,04/02/2025,1216,17.47,1,Corral 3 y 4
23/03/2025,5,840,0.00,0.00,0.00,0.00,7.80,0.40,14.18,1.33,0.00,5.50,23.70,840,60,7%,04/02/2025,1225,16.62,1,Corral 1 y 2
23/03/2025,6,1730,0.00,0.00,0.00,0.00,7.80,0.40,14.18,1.33,0.00,5.50,23.70,1730,270,14%,04/02/2025,1228,15.23,1,Corral 3 y 4
24/03/2025,1,900,0.00,0.00,0.00,0.00,7.80,0.40,14.18,1.33,0.00,5.50,23.70,900,100,10%,04/02/2025,1235,12.04,1,Corral 3 y 4
24/03/2025,2,1320,0.00,0.00,0.00,0.00,7.80,0.40,14.18,1.33,0.00,5.50,23.70,1320,80,6%,04/02/2025,1236,13.09,1,Corral 3 y 4
24/03/2025,3,940,0.00,0.00,0.00,0.00,7.80,0.40,14.18,1.33,0.00,5.50,23.70,940,60,6%,04/02/2025,1242,21.09,1,Corral 3 y 4
24/03/2025,4,1345,0.00,0.00,0.00,0.00,7.80,0.40,14.18,1.33,0.00,5.50,23.70,1345,55,4%,04/02/2025,1243,14.93,2,Corral 3 y 4
24/03/2025,5,870,0.00,0.00,0.00,0.00,7.80,0.40,14.18,1.33,0.00,5.50,23.70,870,30,3%,04/02/2025,1560,20.68,1,Corral 1 y 2
24/03/2025,6,1600,0.00,0.00,0.00,0.00,7.80,0.40,14.18,1.33,0.00,5.50,23.70,1600,200,11%,04/02/2025,1567,16.83,1,Corral 3 y 4
25/03/2025,1,915,0.00,0.00,0.00,0.00,7.80,0.40,14.18,1.33,0.00,5.50,23.70,915,85,9%,04/02/2025,1577,24.19,1,Corral 3 y 4
25/03/2025,2,1385,0.00,0.00,0.00,0.00,7.80,0.40,14.18,1.33,0.00,5.50,23.70,1385,15,1%,04/02/2025,1638,43.66,2,Corral 1 y 2
25/03/2025,3,805,0.00,0.00,0.00,0.00,7.80,0.40,14.18,1.33,0.00,5.50,23.70,805,95,11%,04/02/2025,1644,23.35,1,Corral 1 y 2
25/03/2025,4,1375,0.00,0.00,0.00,0.00,7.80,0.40,14.18,1.33,0.00,5.50,23.70,1375,25,2%,04/02/2025,2070,22.55,1,Corral 3 y 4
25/03/2025,5,810,0.00,0.00,0.00,0.00,7.80,0.40,14.18,1.33,0.00,5.50,23.70,810,90,10%,04/02/2025,2074,27.67,2,Corral 3 y 4
25/03/2025,6,1770,0.00,0.00,0.00,0.00,7.80,0.40,14.18,1.33,0.00,5.50,23.70,1770,30,2%,04/02/2025,2076,17.07,1,Corral 1 y 2
26/03/2025,1,900,0.00,0.00,0.00,0.00,7.80,0.40,14.18,1.33,0.00,5.50,23.70,900,100,10%,04/02/2025,2082,18.38,1,Corral 3 y 4
26/03/2025,2,1360,0.00,0.00,0.00,0.00,7.80,0.40,14.18,1.33,0.00,5.50,23.70,1360,40,3%,04/02/2025,2087,38.8,2,Corral 3 y 4
26/03/2025,3,945,0.00,0.00,0.00,0.00,7.80,0.40,14.18,1.33,0.00,5.50,23.70,945,55,6%,04/02/2025,2108,40.05,2,Corral 5 y 6
26/03/2025,4,1365,0.00,0.00,0.00,0.00,7.80,0.40,14.18,1.33,0.00,5.50,23.70,1365,35,3%,04/02/2025,2110,23.84,1,Corral 1 y 2
26/03/2025,5,870,0.00,0.00,0.00,0.00,7.80,0.40,14.18,1.33,0.00,5.50,23.70,870,30,3%,04/02/2025,2119,24.77,1,Corral 3 y 4
26/03/2025,6,1730,0.00,0.00,0.00,0.00,7.80,0.40,14.18,1.33,0.00,5.50,23.70,1730,70,4%,04/02/2025,2122,34.68,2,Corral 3 y 4
27/03/2025,1,840,0.00,0.00,0.00,0.00,7.80,0.40,14.18,1.33,0.00,5.50,23.70,840,160,16%,04/02/2025,5767,12.83,1,Corral 1 y 2
27/03/2025,2,1355,0.00,0.00,0.00,0.00,7.80,0.40,14.18,1.33,0.00,5.50,23.70,1355,45,3%,04/02/2025,6054,42.4,2,Corral 3 y 4
27/03/2025,3,830,0.00,0.00,0.00,0.00,7.80,0.40,14.18,1.33,0.00,5.50,23.70,830,170,17%,04/02/2025,6062,16.89,1,Corral 5 y 6
27/03/2025,4,1310,0.00,0.00,0.00,0.00,7.80,0.40,14.18,1.33,0.00,5.50,23.70,1310,90,6%,04/02/2025,6070,27.87,1,Corral 5 y 6
27/03/2025,5,820,0.00,0.00,0.00,0.00,7.80,0.40,14.18,1.33,0.00,5.50,23.70,820,80,9%,04/02/2025,6092,18.93,1,Corral 1 y 2
27/03/2025,6,1715,0.00,0.00,0.00,0.00,7.80,0.40,14.18,1.33,0.00,5.50,23.70,1715,85,5%,04/02/2025,6134,28.87,1,Corral 5 y 6
28/03/2025,1,930,0.00,0.00,0.00,0.00,7.80,0.40,14.18,1.33,0.00,5.50,23.70,930,70,7%,04/02/2025,6137,16.08,1,Corral 3 y 4
28/03/2025,2,1370,0.00,0.00,0.00,0.00,7.80,0.40,14.18,1.33,0.00,5.50,23.70,1370,30,2%,04/02/2025,6161,18.26,1,Corral 3 y 4
28/03/2025,3,945,0.00,0.00,0.00,0.00,7.80,0.40,14.18,1.33,0.00,5.50,23.70,945,55,6%,04/02/2025,6164,30.01,1,Corral 3 y 4
28/03/2025,4,1335,0.00,0.00,0.00,0.00,7.80,0.40,14.18,1.33,0.00,5.50,23.70,1335,65,5%,04/02/2025,6193,27.25,1,Corral 5 y 6
28/03/2025,5,900,0.00,0.00,0.00,0.00,7.80,0.40,14.18,1.33,0.00,5.50,23.70,900,0,0%,04/02/2025,6226,44.75,2,Corral 1 y 2
28/03/2025,6,1685,0.00,0.00,0.00,0.00,7.80,0.40,14.18,1.33,0.00,5.50,23.70,1685,115,6%,04/02/2025,6258,23.33,1,Corral 1 y 2
29/03/2025,1,950,0.00,0.00,0.00,0.00,7.80,0.40,14.18,1.33,0.00,5.50,23.70,950,100,10%,04/02/2025,8703,25.27,2,Corral 1 y 2
29/03/2025,2,1360,0.00,0.00,0.00,0.00,7.80,0.40,14.18,1.33,0.00,5.50,23.70,1360,40,3%,04/02/2025,8707,23.24,1,Corral 3 y 4
29/03/2025,3,935,0.00,0.00,0.00,0.00,7.80,0.40,14.18,1.33,0.00,5.50,23.70,935,65,7%,04/02/2025,8708,10.77,1,Corral 5 y 6
29/03/2025,4,1310,0.00,0.00,0.00,0.00,7.80,0.40,14.18,1.33,0.00,5.50,23.70,1310,90,6%,04/02/2025,8710,22.58,1,Corral 3 y 4
29/03/2025,5,880,0.00,0.00,0.00,0.00,7.80,0.40,14.18,1.33,0.00,5.50,23.70,880,20,2%,04/02/2025,8711,24.27,1,Corral 1 y 2
29/03/2025,6,1725,0.00,0.00,0.00,0.00,7.80,0.40,14.18,1.33,0.00,5.50,23.70,1725,75,4%,04/02/2025,8712,8.56,1,Corral 1 y 2
30/03/2025,1,905,0.00,0.00,0.00,0.00,7.80,0.40,14.18,1.33,0.00,5.50,23.70,905,95,10%,04/02/2025,8714,18.64,1,Corral 1 y 2
30/03/2025,2,1355,0.00,0.00,0.00,0.00,7.80,0.40,14.18,1.33,0.00,5.50,23.70,1355,45,3%,04/02/2025,8715,13.92,1,Corral 3 y 4
30/03/2025,3,880,0.00,0.00,0.00,0.00,7.80,0.40,14.18,1.33,0.00,5.50,23.70,880,120,12%,04/02/2025,8732,9.61,1,Corral 1 y 2
30/03/2025,4,1355,0.00,0.00,0.00,0.00,7.80,0.40,14.18,1.33,0.00,5.50,23.70,1355,45,3%,04/02/2025,8755,8.9,1,Corral 5 y 6
30/03/2025,5,735,0.00,0.00,0.00,0.00,7.80,0.40,14.18,1.33,0.00,5.50,23.70,735,165,18%,04/02/2025,8761,29.78,2,Corral 3 y 4
30/03/2025,6,1640,0.00,0.00,0.00,0.00,7.80,0.40,14.18,1.33,0.00,5.50,23.70,1640,160,9%,05/02/2025,1204,13.61,1,Corral 5 y 6
31/03/2025,1,900,0.00,0.00,0.00,0.00,7.80,0.40,14.18,1.33,0.00,5.50,23.70,900,100,10%,05/02/2025,1213,19.35,1,Corral 1 y 2
31/03/2025,2,1350,0.00,0.00,0.00,0.00,7.80,0.40,14.18,1.33,0.00,5.50,23.70,1350,50,4%,05/02/2025,1216,15.31,1,Corral 3 y 4
31/03/2025,3,810,0.00,0.00,0.00,0.00,7.80,0.40,14.18,1.33,0.00,5.50,23.70,810,190,19%,05/02/2025,1225,9.39,1,Corral 1 y 2
31/03/2025,4,1300,0.00,0.00,0.00,0.00,7.80,0.40,14.18,1.33,0.00,5.50,23.70,1300,100,7%,05/02/2025,1228,16.7,1,Corral 3 y 4
31/03/2025,5,820,0.00,0.00,0.00,0.00,7.80,0.40,14.18,1.33,0.00,5.50,23.70,820,80,9%,05/02/2025,1235,16.93,1,Corral 1 y 2
31/03/2025,6,1730,0.00,0.00,0.00,0.00,7.80,0.40,14.18,1.33,0.00,5.50,23.70,1730,70,4%,05/02/2025,1236,12.3,1,Corral 3 y 4
01/04/2025,1,910,0.00,0.00,0.00,0.00,7.80,0.40,14.18,1.33,0.00,5.50,23.70,910,90,9%,05/02/2025,1242,19.31,1,Corral 3 y 4
01/04/2025,2,1365,0.00,0.00,0.00,0.00,7.80,0.40,14.18,1.33,0.00,5.50,23.70,1365,35,3%,05/02/2025,1243,14.09,1,Corral 3 y 4
01/04/2025,3,960,0.00,0.00,0.00,0.00,7.80,0.40,14.18,1.33,0.00,5.50,23.70,960,40,4%,05/02/2025,1555,21.28,1,Corral 1 y 2
01/04/2025,4,1325,0.00,0.00,0.00,0.00,7.80,0.40,14.18,1.33,0.00,5.50,23.70,1325,75,5%,05/02/2025,1560,33.62,2,Corral 1 y 2
01/04/2025,5,810,0.00,0.00,0.00,0.00,7.80,0.40,14.18,1.33,0.00,5.50,23.70,810,90,10%,05/02/2025,1567,16.86,1,Corral 3 y 4
01/04/2025,6,1780,0.00,0.00,0.00,0.00,7.80,0.40,14.18,1.33,0.00,5.50,23.70,1780,20,1%,05/02/2025,1577,14.97,1,Corral 3 y 4
02/04/2025,1,825,0.00,0.00,0.00,0.00,7.80,0.40,14.18,1.33,0.00,5.50,23.70,825,175,18%,05/02/2025,1590,22.87,1,Corral 1 y 2
02/04/2025,2,1360,0.00,0.00,0.00,0.00,7.80,0.40,14.18,1.33,0.00,5.50,23.70,1360,40,3%,05/02/2025,1638,27.69,1,Corral 1 y 2
02/04/2025,3,835,0.00,0.00,0.00,0.00,7.80,0.40,14.18,1.33,0.00,5.50,23.70,835,165,17%,05/02/2025,1644,19.45,1,Corral 1 y 2
02/04/2025,4,1365,0.00,0.00,0.00,0.00,7.80,0.40,14.18,1.33,0.00,5.50,23.70,1365,35,3%,05/02/2025,2070,15.87,1,Corral 3 y 4
02/04/2025,5,810,0.00,0.00,0.00,0.00,7.80,0.40,14.18,1.33,0.00,5.50,23.70,810,90,10%,05/02/2025,2074,15.46,1,Corral 3 y 4
02/04/2025,6,1615,0.00,0.00,0.00,0.00,7.80,0.40,14.18,1.33,0.00,5.50,23.70,1615,185,10%,05/02/2025,2076,15.29,1,Corral 1 y 2
03/04/2025,1,900,0.00,0.00,0.00,0.00,7.80,0.40,14.18,1.33,0.00,5.50,23.70,900,100,10%,05/02/2025,2082,17.95,1,Corral 3 y 4
03/04/2025,2,1335,0.00,0.00,0.00,0.00,7.80,0.40,14.18,1.33,0.00,5.50,23.70,1335,65,5%,05/02/2025,2087,33.56,2,Corral 3 y 4
03/04/2025,3,970,0.00,0.00,0.00,0.00,7.80,0.40,14.18,1.33,0.00,5.50,23.70,970,30,3%,05/02/2025,2108,20.71,1,Corral 5 y 6
03/04/2025,4,1285,0.00,0.00,0.00,0.00,7.80,0.40,14.18,1.33,0.00,5.50,23.70,1285,115,8%,05/02/2025,2110,24.24,1,Corral 1 y 2
03/04/2025,5,815,0.00,0.00,0.00,0.00,7.80,0.40,14.18,1.33,0.00,5.50,23.70,815,85,9%,05/02/2025,2119,16.38,1,Corral 3 y 4
03/04/2025,6,1730,0.00,0.00,0.00,0.00,7.80,0.40,14.18,1.33,0.00,5.50,23.70,1730,70,4%,05/02/2025,2122,20.45,1,Corral 3 y 4
04/04/2025,1,895,0.00,0.00,0.00,0.00,7.80,0.40,14.18,1.33,0.00,5.50,23.70,895,105,11%,05/02/2025,2150,28.93,2,Corral 5 y 6
04/04/2025,2,1360,0.00,0.00,0.00,0.00,7.80,0.40,14.18,1.33,0.00,5.50,23.70,1360,40,3%,05/02/2025,2165,18.76,1,Corral 5 y 6
04/04/2025,3,965,0.00,0.00,0.00,0.00,7.80,0.40,14.18,1.33,0.00,5.50,23.70,965,35,4%,05/02/2025,5767,35.9,2,Corral 3 y 4
04/04/2025,4,1310,0.00,0.00,0.00,0.00,7.80,0.40,14.18,1.33,0.00,5.50,23.70,1310,90,6%,05/02/2025,6012,14.44,1,Corral 1 y 2
04/04/2025,5,890,0.00,0.00,0.00,0.00,7.80,0.40,14.18,1.33,0.00,5.50,23.70,890,10,1%,05/02/2025,6050,20.46,1,Corral 5 y 6
04/04/2025,6,1685,0.00,0.00,0.00,0.00,7.80,0.40,14.18,1.33,0.00,5.50,23.70,1685,115,6%,05/02/2025,6054,21.72,1,Corral 3 y 4
05/04/2025,1,910,0.00,0.00,0.00,0.00,7.80,0.40,14.18,1.33,0.00,5.50,23.70,910,90,9%,05/02/2025,6062,34.68,2,Corral 5 y 6
05/04/2025,2,1345,0.00,0.00,0.00,0.00,7.80,0.40,14.18,1.33,0.00,5.50,23.70,1345,55,4%,05/02/2025,6070,26,2,Corral 5 y 6
05/04/2025,3,940,0.00,0.00,0.00,0.00,7.80,0.40,14.18,1.33,0.00,5.50,23.70,940,60,6%,05/02/2025,6092,26.68,1,Corral 1 y 2
05/04/2025,4,1325,0.00,0.00,0.00,0.00,7.80,0.40,14.18,1.33,0.00,5.50,23.70,1325,75,5%,05/02/2025,6131,10.31,1,Corral 1 y 2
05/04/2025,5,875,0.00,0.00,0.00,0.00,7.80,0.40,14.18,1.33,0.00,5.50,23.70,875,25,3%,05/02/2025,6134,23.37,1,Corral 5 y 6
05/04/2025,6,1690,0.00,0.00,0.00,0.00,7.80,0.40,14.18,1.33,0.00,5.50,23.70,1690,110,6%,05/02/2025,6137,7.69,1,Corral 5 y 6
06/04/2025,1,885,0.00,0.00,0.00,0.00,7.80,0.40,14.18,1.33,0.00,5.50,23.70,885,115,12%,05/02/2025,6154,21.72,1,Corral 1 y 2
06/04/2025,2,1355,0.00,0.00,0.00,0.00,7.80,0.40,14.18,1.33,0.00,5.50,23.70,1355,45,3%,05/02/2025,6161,21.84,1,Corral 3 y 4
06/04/2025,3,970,0.00,0.00,0.00,0.00,7.80,0.40,14.18,1.33,0.00,5.50,23.70,970,30,3%,05/02/2025,6164,41.75,3,Corral 3 y 4
06/04/2025,4,1340,0.00,0.00,0.00,0.00,7.80,0.40,14.18,1.33,0.00,5.50,23.70,1340,60,4%,05/02/2025,6178,18.91,1,Corral 3 y 4
06/04/2025,5,875,0.00,0.00,0.00,0.00,7.80,0.40,14.18,1.33,0.00,5.50,23.70,875,25,3%,05/02/2025,6193,14.8,1,Corral 5 y 6
06/04/2025,6,1715,0.00,0.00,0.00,0.00,7.80,0.40,14.18,1.33,0.00,5.50,23.70,1715,85,5%,05/02/2025,6197,33.69,2,Corral 1 y 2
07/04/2025,1,900,0.00,0.00,0.00,0.00,7.80,0.40,14.18,1.33,0.00,5.50,23.70,900,100,10%,05/02/2025,6226,35.86,2,Corral 1 y 2
07/04/2025,2,1250,0.00,0.00,0.00,0.00,7.80,0.40,14.18,1.33,0.00,5.50,23.70,1250,150,11%,05/02/2025,6258,16.14,1,Corral 1 y 2
07/04/2025,3,950,0.00,0.00,0.00,0.00,7.80,0.40,14.18,1.33,0.00,5.50,23.70,950,50,5%,05/02/2025,8703,9.37,1,Corral 1 y 2
07/04/2025,4,1380,0.00,0.00,0.00,0.00,7.80,0.40,14.18,1.33,0.00,5.50,23.70,1380,20,1%,05/02/2025,8705,14.08,1,Corral 5 y 6
07/04/2025,5,875,0.00,0.00,0.00,0.00,7.80,0.40,14.18,1.33,0.00,5.50,23.70,875,25,3%,05/02/2025,8707,9.01,1,Corral 3 y 4
07/04/2025,6,1720,0.00,0.00,0.00,0.00,7.80,0.40,14.18,1.33,0.00,5.50,23.70,1720,30,2%,05/02/2025,8708,6.7,1,Corral 5 y 6
08/04/2025,1,875,0.00,0.00,0.00,0.00,7.80,0.40,14.18,1.33,0.00,5.50,23.70,875,125,13%,05/02/2025,8710,18.98,1,Corral 3 y 4
08/04/2025,2,1450,0.00,0.00,0.00,0.00,7.80,0.40,14.18,1.33,0.00,5.50,23.70,1450,70,5%,05/02/2025,8711,25.76,1,Corral 1 y 2
08/04/2025,3,765,0.00,0.00,0.00,0.00,7.80,0.40,14.18,1.33,0.00,5.50,23.70,765,85,10%,05/02/2025,8712,15.05,1,Corral 1 y 2
08/04/2025,4,1430,0.00,0.00,0.00,0.00,7.80,0.40,14.18,1.33,0.00,5.50,23.70,1430,90,6%,05/02/2025,8714,24.19,1,Corral 1 y 2
08/04/2025,5,990,0.00,0.00,0.00,0.00,7.80,0.40,14.18,1.33,0.00,5.50,23.70,990,20,2%,05/02/2025,8715,13.16,1,Corral 3 y 4
08/04/2025,6,1745,0.00,0.00,0.00,0.00,7.80,0.40,14.18,1.33,0.00,5.50,23.70,1745,55,3%,05/02/2025,8732,12.02,1,Corral 5 y 6
09/04/2025,1,940,0.00,0.00,0.00,0.00,7.80,0.40,14.18,1.33,0.00,5.50,23.70,940,60,6%,05/02/2025,8739,14.12,1,Corral 1 y 2
09/04/2025,2,1455,0.00,0.00,0.00,0.00,7.80,0.40,14.18,1.33,0.00,5.50,23.70,1455,65,4%,05/02/2025,8755,6,1,Corral 5 y 6
09/04/2025,3,960,0.00,0.00,0.00,0.00,7.80,0.40,14.18,1.33,0.00,5.50,23.70,960,40,4%,05/02/2025,8761,13.57,1,Corral 3 y 4
09/04/2025,4,1465,0.00,0.00,0.00,0.00,7.80,0.40,14.18,1.33,0.00,5.50,23.70,1465,55,4%,06/02/2025,1204,10.97,1,Corral 5 y 6
09/04/2025,5,894,0.00,0.00,0.00,0.00,7.80,0.40,14.18,1.33,0.00,5.50,23.70,894,115,11%,06/02/2025,1216,10.62,1,Corral 3 y 4
09/04/2025,6,1730,0.00,0.00,0.00,0.00,7.80,0.40,14.18,1.33,0.00,5.50,23.70,1730,70,4%,06/02/2025,1225,12.97,1,Corral 1 y 2
10/04/2025,1,910,0.00,0.00,0.00,0.00,7.80,0.40,14.18,1.33,0.00,5.50,23.70,910,90,9%,06/02/2025,1228,9.74,1,Corral 3 y 4
10/04/2025,2,1455,0.00,0.00,0.00,0.00,7.80,0.40,14.18,1.33,0.00,5.50,23.70,1455,65,4%,06/02/2025,1235,8.81,1,Corral 1 y 2
10/04/2025,3,930,0.00,0.00,0.00,0.00,7.80,0.40,14.18,1.33,0.00,5.50,23.70,930,70,7%,06/02/2025,1236,10.25,1,Corral 3 y 4
10/04/2025,4,1435,0.00,0.00,0.00,0.00,7.80,0.40,14.18,1.33,0.00,5.50,23.70,1435,85,6%,06/02/2025,1242,20.46,2,Corral 3 y 4
10/04/2025,5,1000,0.00,0.00,0.00,0.00,7.80,0.40,14.18,1.33,0.00,5.50,23.70,1000,,0%,06/02/2025,1243,31.5,2,Corral 3 y 4
10/04/2025,6,1690,0.00,0.00,0.00,0.00,7.80,0.40,14.18,1.33,0.00,5.50,23.70,1690,,6%,06/02/2025,1555,17.33,1,Corral 1 y 2
11/04/2025,1,925,0.00,0.00,0.00,0.00,7.80,0.40,14.18,1.33,0.00,5.50,23.70,925,,8%,06/02/2025,1560,38.35,2,Corral 1 y 2
11/04/2025,2,1480,0.00,0.00,0.00,0.00,7.80,0.40,14.18,1.33,0.00,5.50,23.70,1480,,3%,06/02/2025,1567,15.08,1,Corral 3 y 4
11/04/2025,3,940,0.00,0.00,0.00,0.00,7.80,0.40,14.18,1.33,0.00,5.50,23.70,940,,6%,06/02/2025,1577,23.62,1,Corral 3 y 4
11/04/2025,4,1390,0.00,0.00,0.00,0.00,7.80,0.40,14.18,1.33,0.00,5.50,23.70,1390,,9%,06/02/2025,1590,15.91,1,Corral 1 y 2
11/04/2025,5,1000,0.00,0.00,0.00,0.00,7.80,0.40,14.18,1.33,0.00,5.50,23.70,1000,,0%,06/02/2025,1638,26.27,2,Corral 1 y 2
11/04/2025,6,1680,0.00,0.00,0.00,0.00,7.80,0.40,14.18,1.33,0.00,5.50,23.70,1680,,7%,06/02/2025,1644,13.6,1,Corral 1 y 2
12/04/2025,1,940,0.00,0.00,0.00,0.00,7.80,0.40,14.18,1.33,0.00,5.50,23.70,940,,6%,06/02/2025,2070,24.59,2,Corral 3 y 4
12/04/2025,2,1480,0.00,0.00,0.00,0.00,7.80,0.40,14.18,1.33,0.00,5.50,23.70,1480,,3%,06/02/2025,2074,19.25,2,Corral 3 y 4
12/04/2025,3,975,0.00,0.00,0.00,0.00,7.80,0.40,14.18,1.33,0.00,5.50,23.70,975,,3%,06/02/2025,2076,11.7,1,Corral 1 y 2
12/04/2025,4,1460,0.00,0.00,0.00,0.00,7.80,0.40,14.18,1.33,0.00,5.50,23.70,1460,,4%,06/02/2025,2082,16.59,1,Corral 3 y 4
12/04/2025,5,1000,0.00,0.00,0.00,0.00,7.80,0.40,14.18,1.33,0.00,5.50,23.70,1000,,0%,06/02/2025,2087,18.52,1,Corral 3 y 4
12/04/2025,6,1705,0.00,0.00,0.00,0.00,7.80,0.40,14.18,1.33,0.00,5.50,23.70,1705,,5%,06/02/2025,2108,22.79,1,Corral 5 y 6
13/04/2025,1,945,0.00,0.00,0.00,0.00,7.80,0.40,14.18,1.33,0.00,5.50,23.70,945,,6%,06/02/2025,2110,15.25,1,Corral 1 y 2
13/04/2025,2,1490,0.00,0.00,0.00,0.00,7.80,0.40,14.18,1.33,0.00,5.50,23.70,1490,,2%,06/02/2025,2119,23.05,1,Corral 3 y 4
13/04/2025,3,930,0.00,0.00,0.00,0.00,7.80,0.40,14.18,1.33,0.00,5.50,23.70,930,,7%,06/02/2025,2122,12.73,1,Corral 3 y 4
13/04/2025,4,1470,0.00,0.00,0.00,0.00,7.80,0.40,14.18,1.33,0.00,5.50,23.70,1470,,3%,06/02/2025,2150,21.57,1,Corral 5 y 6
13/04/2025,5,1000,0.00,0.00,0.00,0.00,7.80,0.40,14.18,1.33,0.00,5.50,23.70,1000,,0%,06/02/2025,5767,15.79,1,Corral 3 y 4
13/04/2025,6,1670,0.00,0.00,0.00,0.00,7.80,0.40,14.18,1.33,0.00,5.50,23.70,1670,,7%,06/02/2025,6054,15.98,1,Corral 3 y 4
14/04/2025,1,880,0.00,0.00,0.00,0.00,7.80,0.40,14.18,1.33,0.00,5.50,23.70,880,,12%,06/02/2025,6062,25.93,2,Corral 5 y 6
14/04/2025,2,1485,0.00,0.00,0.00,0.00,7.80,0.40,14.18,1.33,0.00,5.50,23.70,1485,,2%,06/02/2025,6070,33.11,2,Corral 5 y 6
14/04/2025,3,900,0.00,0.00,0.00,0.00,7.80,0.40,14.18,1.33,0.00,5.50,23.70,900,,10%,06/02/2025,6092,28.45,2,Corral 1 y 2
14/04/2025,4,1450,0.00,0.00,0.00,0.00,7.80,0.40,14.18,1.33,0.00,5.50,23.70,1450,,5%,06/02/2025,6131,17.82,1,Corral 1 y 2
14/04/2025,5,820,0.00,0.00,0.00,0.00,7.80,0.40,14.18,1.33,0.00,5.50,23.70,820,,18%,06/02/2025,6134,19.78,1,Corral 5 y 6
14/04/2025,6,1550,0.00,0.00,0.00,0.00,7.80,0.40,14.18,1.33,0.00,5.50,23.70,1550,,14%,06/02/2025,6137,19.94,1,Corral 5 y 6
15/04/2025,1,925,0.00,0.00,0.00,0.00,7.80,0.40,14.18,1.33,0.00,5.50,23.70,925,,8%,06/02/2025,6154,23.58,1,Corral 1 y 2
15/04/2025,2,1380,0.00,0.00,0.00,0.00,7.80,0.40,14.18,1.33,0.00,5.50,23.70,1380,,5%,06/02/2025,6161,16.59,1,Corral 3 y 4
15/04/2025,3,835,0.00,0.00,0.00,0.00,7.80,0.40,14.18,1.33,0.00,5.50,23.70,835,,7%,06/02/2025,6164,39.4,2,Corral 3 y 4
15/04/2025,4,1350,0.00,0.00,0.00,0.00,7.80,0.40,14.18,1.33,0.00,5.50,23.70,1350,,8%,06/02/2025,6178,13.4,1,Corral 3 y 4
15/04/2025,5,1000,0.00,0.00,0.00,0.00,7.80,0.40,14.18,1.33,0.00,5.50,23.70,1000,,0%,06/02/2025,6193,14.2,1,Corral 5 y 6
15/04/2025,6,1510,0.00,0.00,0.00,0.00,7.80,0.40,14.18,1.33,0.00,5.50,23.70,1510,,16%,06/02/2025,6194,10.39,1,Corral 5 y 6
16/04/2025,1,960,0.00,0.00,0.00,0.00,7.80,0.40,14.18,1.33,0.00,5.50,23.70,960,,9%,06/02/2025,6197,19.83,1,Corral 1 y 2
16/04/2025,2,1340,0.00,0.00,0.00,0.00,7.80,0.40,14.18,1.33,0.00,5.50,23.70,1340,,8%,06/02/2025,6226,17.06,1,Corral 1 y 2
16/04/2025,3,770,0.00,0.00,0.00,0.00,7.80,0.40,14.18,1.33,0.00,5.50,23.70,770,,4%,06/02/2025,6258,19.02,2,Corral 1 y 2
16/04/2025,4,1290,0.00,0.00,0.00,0.00,7.80,0.40,14.18,1.33,0.00,5.50,23.70,1290,,12%,06/02/2025,8703,21.31,2,Corral 1 y 2
16/04/2025,5,1000,0.00,0.00,0.00,0.00,7.80,0.40,14.18,1.33,0.00,5.50,23.70,1000,,0%,06/02/2025,8705,15.46,1,Corral 5 y 6
16/04/2025,6,1510,0.00,0.00,0.00,0.00,7.80,0.40,14.18,1.33,0.00,5.50,23.70,1510,,12%,06/02/2025,8707,1.37,1,Corral 3 y 4
17/04/2025,1,1000,0.00,0.00,0.00,0.00,7.80,0.40,14.18,1.33,0.00,5.50,23.70,1000,,0%,06/02/2025,8708,14.76,2,Corral 5 y 6
17/04/2025,2,1520,0.00,0.00,0.00,0.00,7.80,0.40,14.18,1.33,0.00,5.50,23.70,1520,,0%,06/02/2025,8710,13.08,1,Corral 3 y 4
17/04/2025,3,1000,0.00,0.00,0.00,0.00,7.80,0.40,14.18,1.33,0.00,5.50,23.70,1000,,0%,06/02/2025,8711,24.93,1,Corral 1 y 2
17/04/2025,4,1520,0.00,0.00,0.00,0.00,7.80,0.40,14.18,1.33,0.00,5.50,23.70,1520,,0%,06/02/2025,8712,12.65,1,Corral 1 y 2
17/04/2025,5,1000,0.00,0.00,0.00,0.00,7.80,0.40,14.18,1.33,0.00,5.50,23.70,1000,,0%,06/02/2025,8714,27.94,2,Corral 1 y 2
17/04/2025,6,1800,0.00,0.00,0.00,0.00,7.80,0.40,14.18,1.33,0.00,5.50,23.70,1800,,0%,06/02/2025,8715,15.45,1,Corral 3 y 4
18/04/2025,1,890,0.00,0.00,0.00,0.00,7.80,0.40,14.18,1.33,0.00,5.50,23.70,890,,11%,06/02/2025,8732,6.14,1,Corral 5 y 6
18/04/2025,2,1440,0.00,0.00,0.00,0.00,7.80,0.40,14.18,1.33,0.00,5.50,23.70,1440,,5%,06/02/2025,8739,11.45,1,Corral 1 y 2
18/04/2025,3,940,0.00,0.00,0.00,0.00,7.80,0.40,14.18,1.33,0.00,5.50,23.70,940,,6%,06/02/2025,8755,8.33,1,Corral 5 y 6
18/04/2025,4,1485,0.00,0.00,0.00,0.00,7.80,0.40,14.18,1.33,0.00,5.50,23.70,1485,,2%,06/02/2025,8761,20.01,1,Corral 3 y 4
18/04/2025,5,1000,0.00,0.00,0.00,0.00,7.80,0.40,14.18,1.33,0.00,5.50,23.70,1000,,0%,01/03/2025,1204,12.07,1,Corral 1 y 2
18/04/2025,6,1705,0.00,0.00,0.00,0.00,7.80,0.40,14.18,1.33,0.00,5.50,23.70,1705,,5%,01/03/2025,1213,19.38,1,Corral 1 y 2
19/04/2025,1,910,0.00,0.00,0.00,0.00,7.80,0.40,14.18,1.33,0.00,5.50,23.70,910,,9%,01/03/2025,1216,16.24,1,Corral 1 y 2
19/04/2025,2,1445,0.00,0.00,0.00,0.00,7.80,0.40,14.18,1.33,0.00,5.50,23.70,1445,,5%,01/03/2025,1225,8.49,1,Corral 1 y 2
19/04/2025,3,960,0.00,0.00,0.00,0.00,7.80,0.40,14.18,1.33,0.00,5.50,23.70,960,,4%,01/03/2025,1228,18.74,1,Corral 3 y 4
19/04/2025,4,1470,0.00,0.00,0.00,0.00,7.80,0.40,14.18,1.33,0.00,5.50,23.70,1470,,3%,01/03/2025,1235,15.01,1,Corral 3 y 4
19/04/2025,5,1000,0.00,0.00,0.00,0.00,7.80,0.40,14.18,1.33,0.00,5.50,23.70,1000,,0%,01/03/2025,1236,17.27,2,Corral 5 y 6
19/04/2025,6,1730,0.00,0.00,0.00,0.00,7.80,0.40,14.18,1.33,0.00,5.50,23.70,1730,,4%,01/03/2025,1242,14.51,1,Corral 3 y 4
20/04/2025,1,920,0.00,0.00,0.00,0.00,7.80,0.40,14.18,1.33,0.00,5.50,23.70,920,,8%,01/03/2025,1555,40.59,2,Corral 1 y 2
20/04/2025,2,1470,0.00,0.00,0.00,0.00,7.80,0.40,14.18,1.33,0.00,5.50,23.70,1470,,3%,01/03/2025,1560,35.34,2,Corral 1 y 2
20/04/2025,3,935,0.00,0.00,0.00,0.00,7.80,0.40,14.18,1.33,0.00,5.50,23.70,935,,7%,01/03/2025,1567,39.29,2,Corral 3 y 4
20/04/2025,4,1285,0.00,0.00,0.00,0.00,7.80,0.40,14.18,1.33,0.00,5.50,23.70,1285,,15%,01/03/2025,1577,44.83,2,Corral 3 y 4
20/04/2025,5,1000,0.00,0.00,0.00,0.00,7.80,0.40,14.18,1.33,0.00,5.50,23.70,1000,,0%,01/03/2025,1617,34.67,2,Corral 5 y 6
20/04/2025,6,1630,0.00,0.00,0.00,0.00,7.80,0.40,14.18,1.33,0.00,5.50,23.70,1630,,9%,01/03/2025,1638,29.16,1,Corral 1 y 2
21/04/2025,1,1000,0.00,0.00,0.00,0.00,7.80,0.40,14.18,1.33,0.00,5.50,23.70,1000,,0%,01/03/2025,1644,16.44,1,Corral 1 y 2
21/04/2025,2,1520,0.00,0.00,0.00,0.00,7.80,0.40,14.18,1.33,0.00,5.50,23.70,1520,,0%,01/03/2025,2070,30.75,2,Corral 3 y 4
21/04/2025,3,1000,0.00,0.00,0.00,0.00,7.80,0.40,14.18,1.33,0.00,5.50,23.70,1000,,0%,01/03/2025,2074,14.89,1,Corral 5 y 6
21/04/2025,4,1520,0.00,0.00,0.00,0.00,7.80,0.40,14.18,1.33,0.00,5.50,23.70,1520,,0%,01/03/2025,2076,21,1,Corral 5 y 6
21/04/2025,5,1000,0.00,0.00,0.00,0.00,7.80,0.40,14.18,1.33,0.00,5.50,23.70,1000,,0%,01/03/2025,2082,20.93,1,Corral 3 y 4
21/04/2025,6,1800,0.00,0.00,0.00,0.00,7.80,0.40,14.18,1.33,0.00,5.50,23.70,1800,,0%,01/03/2025,2087,29.57,1,Corral 1 y 2
22/04/2025,1,-90,0.00,0.00,0.00,0.00,7.80,0.40,14.18,1.33,0.00,5.50,23.70,-90,,#¡DIV/0!,01/03/2025,2108,22.67,1,Corral 3 y 4
22/04/2025,2,-110,0.00,0.00,0.00,0.00,7.80,0.40,14.18,1.33,0.00,5.50,23.70,-110,,#¡DIV/0!,01/03/2025,2119,19.14,1,Corral 1 y 2
22/04/2025,3,-40,0.00,0.00,0.00,0.00,7.80,0.40,14.18,1.33,0.00,5.50,23.70,-40,,#¡DIV/0!,01/03/2025,2122,43.01,2,Corral 1 y 2
22/04/2025,4,-35,0.00,0.00,0.00,0.00,7.80,0.40,14.18,1.33,0.00,5.50,23.70,-35,,#¡DIV/0!,01/03/2025,2165,20.39,1,Corral 5 y 6
22/04/2025,5,0,0.00,0.00,0.00,0.00,7.80,0.40,14.18,1.33,0.00,5.50,23.70,0,,#¡DIV/0!,01/03/2025,5767,15.57,1,Corral 3 y 4
22/04/2025,6,-115,0.00,0.00,0.00,0.00,7.80,0.40,14.18,1.33,0.00,5.50,23.70,-115,,#¡DIV/0!,01/03/2025,5981,5.64,1,Corral 5 y 6
23/04/2025,1,950,0.00,0.00,0.00,0.00,7.80,0.40,14.18,1.33,0.00,5.50,23.70,950,,5%,01/03/2025,6012,26.34,1,Corral 1 y 2
23/04/2025,2,1440,0.00,0.00,0.00,0.00,7.80,0.40,14.18,1.33,0.00,5.50,23.70,1440,,5%,01/03/2025,6050,29.12,2,Corral 3 y 4
23/04/2025,3,965,0.00,0.00,0.00,0.00,7.80,0.40,14.18,1.33,0.00,5.50,23.70,965,,4%,01/03/2025,6054,26.58,2,Corral 5 y 6
23/04/2025,4,1455,0.00,0.00,0.00,0.00,7.80,0.40,14.18,1.33,0.00,5.50,23.70,1455,,4%,01/03/2025,6070,19.47,1,Corral 1 y 2
23/04/2025,5,1000,0.00,0.00,0.00,0.00,7.80,0.40,14.18,1.33,0.00,5.50,23.70,1000,,0%,01/03/2025,6092,12.17,1,Corral 1 y 2
23/04/2025,6,1680,0.00,0.00,0.00,0.00,7.80,0.40,14.18,1.33,0.00,5.50,23.70,1680,,7%,01/03/2025,6098,7.46,1,Corral 5 y 6
24/04/2025,1,965,0.00,0.00,0.00,0.00,7.80,0.40,14.18,1.33,0.00,5.50,23.70,965,,4%,01/03/2025,6124,36,2,Corral 5 y 6
24/04/2025,2,1490,0.00,0.00,0.00,0.00,7.80,0.40,14.18,1.33,0.00,5.50,23.70,1490,,2%,01/03/2025,6131,37.37,2,Corral 1 y 2
24/04/2025,3,945,0.00,0.00,0.00,0.00,7.80,0.40,14.18,1.33,0.00,5.50,23.70,945,,6%,01/03/2025,6134,21.17,1,Corral 1 y 2
24/04/2025,4,1480,0.00,0.00,0.00,0.00,7.80,0.40,14.18,1.33,0.00,5.50,23.70,1480,,3%,01/03/2025,6137,29.29,2,Corral 1 y 2
24/04/2025,5,1000,0.00,0.00,0.00,0.00,7.80,0.40,14.18,1.33,0.00,5.50,23.70,1000,,0%,01/03/2025,6161,34.99,2,Corral 3 y 4
24/04/2025,6,1685,0.00,0.00,0.00,0.00,7.80,0.40,14.18,1.33,0.00,5.50,23.70,1685,,6%,01/03/2025,6164,35.11,2,Corral 3 y 4
25/04/2025,1,960,0.00,0.00,0.00,0.00,7.80,0.40,14.18,1.33,0.00,5.50,23.70,960,,4%,01/03/2025,6178,25.25,1,Corral 1 y 2
25/04/2025,2,1485,0.00,0.00,0.00,0.00,7.80,0.40,14.18,1.33,0.00,5.50,23.70,1485,,2%,01/03/2025,6193,33.51,2,Corral 3 y 4
25/04/2025,3,940,0.00,0.00,0.00,0.00,7.80,0.40,14.18,1.33,0.00,5.50,23.70,940,,6%,01/03/2025,6194,24.48,1,Corral 3 y 4
25/04/2025,4,1480,0.00,0.00,0.00,0.00,7.80,0.40,14.18,1.33,0.00,5.50,23.70,1480,,3%,01/03/2025,6197,24.37,1,Corral 1 y 2
25/04/2025,5,1000,0.00,0.00,0.00,0.00,7.80,0.40,14.18,1.33,0.00,5.50,23.70,1000,,0%,01/03/2025,6226,34.78,2,Corral 1 y 2
25/04/2025,6,1585,0.00,0.00,0.00,0.00,7.80,0.40,14.18,1.33,0.00,5.50,23.70,1585,,12%,01/03/2025,6258,37.09,2,Corral 1 y 2
26/04/2025,1,970,0.00,0.00,0.00,0.00,7.80,0.40,14.18,1.33,0.00,5.50,23.70,970,,3%,01/03/2025,8703,21.88,2,Corral 1 y 2
26/04/2025,2,1465,0.00,0.00,0.00,0.00,7.80,0.40,14.18,1.33,0.00,5.50,23.70,1465,,4%,01/03/2025,8705,17.72,1,Corral 1 y 2
26/04/2025,3,960,0.00,0.00,0.00,0.00,7.80,0.40,14.18,1.33,0.00,5.50,23.70,960,,4%,01/03/2025,8707,21.28,2,Corral 3 y 4
26/04/2025,4,1485,0.00,0.00,0.00,0.00,7.80,0.40,14.18,1.33,0.00,5.50,23.70,1485,,2%,01/03/2025,8708,13.74,1,Corral 5 y 6
26/04/2025,5,855,0.00,0.00,0.00,0.00,7.80,0.40,14.18,1.33,0.00,5.50,23.70,855,,15%,01/03/2025,8710,13.32,1,Corral 5 y 6
26/04/2025,6,1655,0.00,0.00,0.00,0.00,7.80,0.40,14.18,1.33,0.00,5.50,23.70,1655,,8%,01/03/2025,8711,16.21,1,Corral 1 y 2
27/04/2025,1,925,0.00,0.00,0.00,0.00,7.80,0.40,14.18,1.33,0.00,5.50,23.70,925,,8%,01/03/2025,8714,19.27,1,Corral 1 y 2
27/04/2025,2,1450,0.00,0.00,0.00,0.00,7.80,0.40,14.18,1.33,0.00,5.50,23.70,1450,,5%,02/03/2025,1204,15.87,1,Corral 5 y 6
27/04/2025,3,985,0.00,0.00,0.00,0.00,7.80,0.40,14.18,1.33,0.00,5.50,23.70,985,,2%,02/03/2025,1216,15.98,1,Corral 5 y 6
27/04/2025,4,1460,0.00,0.00,0.00,0.00,7.80,0.40,14.18,1.33,0.00,5.50,23.70,1460,,4%,02/03/2025,1225,22.75,2,Corral 5 y 6
27/04/2025,5,1000,0.00,0.00,0.00,0.00,7.80,0.40,14.18,1.33,0.00,5.50,23.70,1000,,0%,02/03/2025,1228,26.43,2,Corral 3 y 4
27/04/2025,6,1590,0.00,0.00,0.00,0.00,7.80,0.40,14.18,1.33,0.00,5.50,23.70,1590,,12%,02/03/2025,1235,12.77,1,Corral 3 y 4
28/04/2025,1,810,0.00,0.00,0.00,0.00,7.80,0.40,14.18,1.33,0.00,5.50,23.70,810,,15%,02/03/2025,1236,11.62,1,Corral 5 y 6
28/04/2025,2,1290,0.00,0.00,0.00,0.00,7.80,0.40,14.18,1.33,0.00,5.50,23.70,1290,,15%,02/03/2025,1242,20.42,1,Corral 3 y 4
28/04/2025,3,980,0.00,0.00,0.00,0.00,7.80,0.40,14.18,1.33,0.00,5.50,23.70,980,,2%,02/03/2025,1243,21.06,1,Corral 5 y 6
28/04/2025,4,1420,0.00,0.00,0.00,0.00,7.80,0.40,14.18,1.33,0.00,5.50,23.70,1420,,7%,02/03/2025,1555,29.02,2,Corral 1 y 2
28/04/2025,5,1000,0.00,0.00,0.00,0.00,7.80,0.40,14.18,1.33,0.00,5.50,23.70,1000,,0%,02/03/2025,1560,52.62,2,Corral 1 y 2
28/04/2025,6,1500,0.00,0.00,0.00,0.00,7.80,0.40,14.18,1.33,0.00,5.50,23.70,1500,,17%,02/03/2025,1567,32.23,2,Corral 3 y 4
29/04/2025,1,950,0.00,0.00,0.00,0.00,7.80,0.40,14.18,1.33,0.00,5.50,23.70,950,,0%,02/03/2025,1577,16.01,2,Corral 3 y 4
29/04/2025,2,1520,0.00,0.00,0.00,0.00,7.80,0.40,14.18,1.33,0.00,5.50,23.70,1520,,0%,02/03/2025,1590,4.6,1,Corral 3 y 4
29/04/2025,3,1000,0.00,0.00,0.00,0.00,7.80,0.40,14.18,1.33,0.00,5.50,23.70,1000,,0%,02/03/2025,1638,24.04,1,Corral 1 y 2
29/04/2025,4,1520,0.00,0.00,0.00,0.00,7.80,0.40,14.18,1.33,0.00,5.50,23.70,1520,,0%,02/03/2025,1644,23.06,1,Corral 1 y 2
29/04/2025,5,1000,0.00,0.00,0.00,0.00,7.80,0.40,14.18,1.33,0.00,5.50,23.70,1000,,0%,02/03/2025,2070,22.25,1,Corral 3 y 4
29/04/2025,6,1800,0.00,0.00,0.00,0.00,7.80,0.40,14.18,1.33,0.00,5.50,23.70,1800,,0%,02/03/2025,2074,16.5,1,Corral 5 y 6
30/04/2025,1,980,0.00,0.00,0.00,0.00,7.80,0.40,14.18,1.33,0.00,5.50,23.70,980,,2%,02/03/2025,2076,27.21,1,Corral 5 y 6
30/04/2025,2,1440,0.00,0.00,0.00,0.00,7.80,0.40,14.18,1.33,0.00,5.50,23.70,1440,,5%,02/03/2025,2082,28.53,2,Corral 3 y 4
30/04/2025,3,975,0.00,0.00,0.00,0.00,7.80,0.40,14.18,1.33,0.00,5.50,23.70,975,,3%,02/03/2025,2087,23.51,1,Corral 1 y 2
30/04/2025,4,1430,0.00,0.00,0.00,0.00,7.80,0.40,14.18,1.33,0.00,5.50,23.70,1430,,6%,02/03/2025,2108,26.2,1,Corral 3 y 4
30/04/2025,5,925,0.00,0.00,0.00,0.00,7.80,0.40,14.18,1.33,0.00,5.50,23.70,925,,8%,02/03/2025,2110,22.13,1,Corral 3 y 4
30/04/2025,6,1700,0.00,0.00,0.00,0.00,7.80,0.40,14.18,1.33,0.00,5.50,23.70,1700,,6%,02/03/2025,2119,28.27,1,Corral 1 y 2
01/05/2025,1,965,0.00,0.00,0.00,0.00,7.80,0.40,14.18,1.33,0.00,5.50,23.70,965,35,4%,02/03/2025,2122,22.23,1,Corral 1 y 2
01/05/2025,2,1490,0.00,0.00,0.00,0.00,7.80,0.40,14.18,1.33,0.00,5.50,23.70,1490,20,1%,02/03/2025,2150,13.6,1,Corral 3 y 4
01/05/2025,3,990,0.00,0.00,0.00,0.00,7.80,0.40,14.18,1.33,0.00,5.50,23.70,990,10,1%,02/03/2025,2165,22.98,1,Corral 5 y 6
01/05/2025,4,1470,0.00,0.00,0.00,0.00,7.80,0.40,14.18,1.33,0.00,5.50,23.70,1470,50,3%,02/03/2025,5767,37.84,2,Corral 3 y 4
01/05/2025,5,1000,0.00,0.00,0.00,0.00,7.80,0.40,14.18,1.33,0.00,5.50,23.70,1000,,0%,02/03/2025,6012,23.59,1,Corral 1 y 2
01/05/2025,6,1690,0.00,0.00,0.00,0.00,7.80,0.40,14.18,1.33,0.00,5.50,23.70,1690,110,6%,02/03/2025,6050,31.54,2,Corral 3 y 4
02/05/2025,1,1060,0.00,0.00,0.00,0.00,7.80,0.40,14.18,1.33,0.00,5.50,23.70,1060,40,4%,02/03/2025,6054,33,2,Corral 5 y 6
02/05/2025,2,1505,0.00,0.00,0.00,0.00,7.80,0.40,14.18,1.33,0.00,5.50,23.70,1505,15,1%,02/03/2025,6070,33.3,2,Corral 1 y 2
02/05/2025,3,1080,0.00,0.00,0.00,0.00,7.80,0.40,14.18,1.33,0.00,5.50,23.70,1080,20,2%,02/03/2025,6092,35.67,2,Corral 1 y 2
02/05/2025,4,1485,0.00,0.00,0.00,0.00,7.80,0.40,14.18,1.33,0.00,5.50,23.70,1485,35,2%,02/03/2025,6124,29.12,2,Corral 5 y 6
02/05/2025,5,1000,0.00,0.00,0.00,0.00,7.80,0.40,14.18,1.33,0.00,5.50,23.70,1000,,0%,02/03/2025,6131,38.38,2,Corral 1 y 2
02/05/2025,6,1455,0.00,0.00,0.00,0.00,7.80,0.40,14.18,1.33,0.00,5.50,23.70,1455,145,9%,02/03/2025,6134,40.66,2,Corral 1 y 2
03/05/2025,1,925,0.00,0.00,0.00,0.00,7.80,0.40,14.18,1.33,0.00,5.50,23.70,925,75,8%,02/03/2025,6137,29.71,2,Corral 1 y 2
03/05/2025,2,1470,0.00,0.00,0.00,0.00,7.80,0.40,14.18,1.33,0.00,5.50,23.70,1470,50,3%,02/03/2025,6161,13.84,1,Corral 3 y 4
03/05/2025,3,965,0.00,0.00,0.00,0.00,7.80,0.40,14.18,1.33,0.00,5.50,23.70,965,35,4%,02/03/2025,6164,35.97,2,Corral 3 y 4
03/05/2025,4,1460,0.00,0.00,0.00,0.00,7.80,0.40,14.18,1.33,0.00,5.50,23.70,1460,60,4%,02/03/2025,6178,24.78,1,Corral 1 y 2
03/05/2025,5,550,0.00,0.00,0.00,0.00,7.80,0.40,14.18,1.33,0.00,5.50,23.70,550,,0%,02/03/2025,6193,17.89,1,Corral 3 y 4
03/05/2025,6,1690,0.00,0.00,0.00,0.00,7.80,0.40,14.18,1.33,0.00,5.50,23.70,1690,110,6%,02/03/2025,6194,14.43,1,Corral 3 y 4
04/05/2025,1,975,0.00,0.00,0.00,0.00,7.80,0.40,14.18,1.33,0.00,5.50,23.70,975,25,3%,02/03/2025,6197,20.29,1,Corral 1 y 2
04/05/2025,2,1455,0.00,0.00,0.00,0.00,7.80,0.40,14.18,1.33,0.00,5.50,23.70,1455,65,4%,02/03/2025,6226,42.69,2,Corral 1 y 2
04/05/2025,3,985,0.00,0.00,0.00,0.00,7.80,0.40,14.18,1.33,0.00,5.50,23.70,985,15,2%,02/03/2025,6258,37.93,2,Corral 1 y 2
04/05/2025,4,1480,0.00,0.00,0.00,0.00,7.80,0.40,14.18,1.33,0.00,5.50,23.70,1480,40,3%,02/03/2025,8703,12.98,1,Corral 1 y 2
04/05/2025,5,1000,0.00,0.00,0.00,0.00,7.80,0.40,14.18,1.33,0.00,5.50,23.70,1000,,0%,02/03/2025,8705,13.82,1,Corral 1 y 2
04/05/2025,6,1620,0.00,0.00,0.00,0.00,7.80,0.40,14.18,1.33,0.00,5.50,23.70,1620,180,10%,02/03/2025,8707,10.86,1,Corral 3 y 4
05/05/2025,1,970,0.00,0.00,0.00,0.00,7.80,0.40,14.18,1.33,0.00,5.50,23.70,970,30,3%,02/03/2025,8708,10.8,1,Corral 1 y 2
05/05/2025,2,1420,0.00,0.00,0.00,0.00,7.80,0.40,14.18,1.33,0.00,5.50,23.70,1420,100,7%,02/03/2025,8710,14.15,1,Corral 3 y 4
05/05/2025,3,985,0.00,0.00,0.00,0.00,7.80,0.40,14.18,1.33,0.00,5.50,23.70,985,15,2%,02/03/2025,8711,16.05,1,Corral 1 y 2
05/05/2025,4,1430,0.00,0.00,0.00,0.00,7.80,0.40,14.18,1.33,0.00,5.50,23.70,1430,90,6%,02/03/2025,8712,9.74,1,Corral 5 y 6
05/05/2025,5,1000,0.00,0.00,0.00,0.00,7.80,0.40,14.18,1.33,0.00,5.50,23.70,1000,,0%,02/03/2025,8714,22.83,1,Corral 1 y 2
05/05/2025,6,1680,0.00,0.00,0.00,0.00,7.80,0.40,14.18,1.33,0.00,5.50,23.70,1680,120,7%,02/03/2025,8715,21.72,1,Corral 5 y 6
06/05/2025,1,950,0.00,0.00,0.00,0.00,7.80,0.40,14.18,1.33,0.00,5.50,23.70,950,0,0%,02/03/2025,8755,10.71,1,Corral 5 y 6
06/05/2025,2,1485,0.00,0.00,0.00,0.00,7.80,0.40,14.18,1.33,0.00,5.50,23.70,1485,15,1%,03/03/2025,1204,9.59,1,Corral 5 y 6
06/05/2025,3,990,0.00,0.00,0.00,0.00,7.80,0.40,14.18,1.33,0.00,5.50,23.70,990,10,1%,03/03/2025,1216,33.02,2,Corral 3 y 4
06/05/2025,4,1495,0.00,0.00,0.00,0.00,7.80,0.40,14.18,1.33,0.00,5.50,23.70,1495,5,0%,03/03/2025,1225,14.96,1,Corral 5 y 6
06/05/2025,5,1000,0.00,0.00,0.00,0.00,7.80,0.40,14.18,1.33,0.00,5.50,23.70,1000,,0%,03/03/2025,1228,17.09,2,Corral 3 y 4
06/05/2025,6,1550,0.00,0.00,0.00,0.00,7.80,0.40,14.18,1.33,0.00,5.50,23.70,1550,250,14%,03/03/2025,1235,20.95,1,Corral 3 y 4
07/05/2025,1,955,0.00,0.00,0.00,0.00,7.80,0.40,14.18,1.33,0.00,5.50,23.70,955,45,5%,03/03/2025,1236,21.29,2,Corral 3 y 4
07/05/2025,2,1425,0.00,0.00,0.00,0.00,7.80,0.40,14.18,1.33,0.00,5.50,23.70,1425,75,5%,03/03/2025,1242,28.64,2,Corral 3 y 4
07/05/2025,3,960,0.00,0.00,0.00,0.00,7.80,0.40,14.18,1.33,0.00,5.50,23.70,960,40,4%,03/03/2025,1243,26.96,2,Corral 3 y 4
07/05/2025,4,1475,0.00,0.00,0.00,0.00,7.80,0.40,14.18,1.33,0.00,5.50,23.70,1475,25,2%,03/03/2025,1555,22.55,1,Corral 1 y 2
07/05/2025,5,1000,0.00,0.00,0.00,0.00,7.80,0.40,14.18,1.33,0.00,5.50,23.70,1000,,0%,03/03/2025,1560,26.55,1,Corral 1 y 2
07/05/2025,6,1365,0.00,0.00,0.00,0.00,7.80,0.40,14.18,1.33,0.00,5.50,23.70,1365,235,15%,03/03/2025,1567,29.62,2,Corral 3 y 4
08/05/2025,1,1005,0.00,0.00,0.00,0.00,7.80,0.40,14.18,1.33,0.00,5.50,23.70,1005,45,4%,03/03/2025,1577,34.23,2,Corral 3 y 4
08/05/2025,2,1370,0.00,0.00,0.00,0.00,7.80,0.40,14.18,1.33,0.00,5.50,23.70,1370,140,9%,03/03/2025,1590,30.08,2,Corral 3 y 4
08/05/2025,3,970,0.00,0.00,0.00,0.00,7.80,0.40,14.18,1.33,0.00,5.50,23.70,970,80,8%,03/03/2025,1638,14.03,1,Corral 1 y 2
08/05/2025,4,1480,0.00,0.00,0.00,0.00,7.80,0.40,14.18,1.33,0.00,5.50,23.70,1480,30,2%,03/03/2025,1644,43.33,2,Corral 1 y 2
08/05/2025,5,1000,0.00,0.00,0.00,0.00,7.80,0.40,14.18,1.33,0.00,5.50,23.70,1000,,0%,03/03/2025,2070,29.26,2,Corral 3 y 4
08/05/2025,6,995,0.00,0.00,0.00,0.00,7.80,0.40,14.18,1.33,0.00,5.50,23.70,995,305,23%,03/03/2025,2074,29.29,2,Corral 3 y 4
09/05/2025,1,965,0.00,0.00,0.00,0.00,7.80,0.40,14.18,1.33,0.00,5.50,23.70,965,35,4%,03/03/2025,2076,31.58,2,Corral 1 y 2
09/05/2025,2,1460,0.00,0.00,0.00,0.00,7.80,0.40,14.18,1.33,0.00,5.50,23.70,1460,40,3%,03/03/2025,2082,32.25,2,Corral 3 y 4
09/05/2025,3,975,0.00,0.00,0.00,0.00,7.80,0.40,14.18,1.33,0.00,5.50,23.70,975,25,3%,03/03/2025,2087,21.2,1,Corral 5 y 6
09/05/2025,4,1285,0.00,0.00,0.00,0.00,7.80,0.40,14.18,1.33,0.00,5.50,23.70,1285,15,1%,03/03/2025,2108,24.99,1,Corral 5 y 6
09/05/2025,5,1000,0.00,0.00,0.00,0.00,7.80,0.40,14.18,1.33,0.00,5.50,23.70,1000,,0%,03/03/2025,2110,31.94,2,Corral 3 y 4
09/05/2025,6,1080,0.00,0.00,0.00,0.00,7.80,0.40,14.18,1.33,0.00,5.50,23.70,1080,220,17%,03/03/2025,2119,34.28,2,Corral 3 y 4
10/05/2025,1,950,0.00,0.00,0.00,0.00,7.80,0.40,14.18,1.33,0.00,5.50,23.70,950,50,5%,03/03/2025,2122,25.04,2,Corral 3 y 4
10/05/2025,2,1435,0.00,0.00,0.00,0.00,7.80,0.40,14.18,1.33,0.00,5.50,23.70,1435,65,4%,03/03/2025,2150,20.97,1,Corral 5 y 6
10/05/2025,3,960,0.00,0.00,0.00,0.00,7.80,0.40,14.18,1.33,0.00,5.50,23.70,960,40,4%,03/03/2025,2165,23.43,1,Corral 5 y 6
10/05/2025,4,1465,0.00,0.00,0.00,0.00,7.80,0.40,14.18,1.33,0.00,5.50,23.70,1465,35,2%,03/03/2025,5767,19.32,1,Corral 1 y 2
10/05/2025,5,1000,0.00,0.00,0.00,0.00,7.80,0.40,14.18,1.33,0.00,5.50,23.70,1000,,0%,03/03/2025,6012,33.16,2,Corral 1 y 2
10/05/2025,6,1085,0.00,0.00,0.00,0.00,7.80,0.40,14.18,1.33,0.00,5.50,23.70,1085,115,10%,03/03/2025,6050,13.97,1,Corral 3 y 4
11/05/2025,1,965,0.00,0.00,0.00,0.00,7.80,0.40,14.18,1.33,0.00,5.50,23.70,965,35,4%,03/03/2025,6054,36.68,2,Corral 3 y 4
11/05/2025,2,1460,0.00,0.00,0.00,0.00,7.80,0.40,14.18,1.33,0.00,5.50,23.70,1460,50,3%,03/03/2025,6062,32.11,2,Corral 3 y 4
11/05/2025,3,970,0.00,0.00,0.00,0.00,7.80,0.40,14.18,1.33,0.00,5.50,23.70,970,30,3%,03/03/2025,6070,23.56,1,Corral 5 y 6
11/05/2025,4,1440,0.00,0.00,0.00,0.00,7.80,0.40,14.18,1.33,0.00,5.50,23.70,1440,60,4%,03/03/2025,6092,20.35,1,Corral 1 y 2
11/05/2025,5,1000,0.00,0.00,0.00,0.00,7.80,0.40,14.18,1.33,0.00,5.50,23.70,1000,,0%,03/03/2025,6124,6.42,1,Corral 5 y 6
11/05/2025,6,1185,0.00,0.00,0.00,0.00,7.80,0.40,14.18,1.33,0.00,5.50,23.70,1185,115,9%,03/03/2025,6131,29.44,2,Corral 1 y 2
12/05/2025,1,990,0.00,0.00,0.00,0.00,7.80,0.40,14.18,1.33,0.00,5.50,23.70,990,10,1%,03/03/2025,6134,30.49,1,Corral 5 y 6
12/05/2025,2,1470,0.00,0.00,0.00,0.00,7.80,0.40,14.18,1.33,0.00,5.50,23.70,1470,30,2%,03/03/2025,6137,13.03,1,Corral 3 y 4
12/05/2025,3,995,0.00,0.00,0.00,0.00,7.80,0.40,14.18,1.33,0.00,5.50,23.70,995,5,1%,03/03/2025,6161,13.47,1,Corral 3 y 4
12/05/2025,4,1420,0.00,0.00,0.00,0.00,7.80,0.40,14.18,1.33,0.00,5.50,23.70,1420,80,5%,03/03/2025,6164,21.82,2,Corral 3 y 4
12/05/2025,5,1000,0.00,0.00,0.00,0.00,7.80,0.40,14.18,1.33,0.00,5.50,23.70,1000,,0%,03/03/2025,6178,38.5,2,Corral 3 y 4
12/05/2025,6,1100,0.00,0.00,0.00,0.00,7.80,0.40,14.18,1.33,0.00,5.50,23.70,1100,100,8%,03/03/2025,6193,24.61,1,Corral 5 y 6
13/05/2025,1,970,0.00,0.00,0.00,0.00,7.80,0.40,14.18,1.33,0.00,5.50,23.70,970,30,3%,03/03/2025,6194,39.15,2,Corral 1 y 2
13/05/2025,2,1375,0.00,0.00,0.00,0.00,7.80,0.40,14.18,1.33,0.00,5.50,23.70,1375,25,2%,03/03/2025,6197,40.22,2,Corral 1 y 2
13/05/2025,3,950,0.00,0.00,0.00,0.00,7.80,0.40,14.18,1.33,0.00,5.50,23.70,950,50,5%,03/03/2025,6226,21.36,1,Corral 1 y 2
13/05/2025,4,1415,0.00,0.00,0.00,0.00,7.80,0.40,14.18,1.33,0.00,5.50,23.70,1415,35,2%,03/03/2025,6258,34.72,2,Corral 1 y 2
13/05/2025,5,1000,0.00,0.00,0.00,0.00,7.80,0.40,14.18,1.33,0.00,5.50,23.70,1000,,0%,03/03/2025,8703,26.56,2,Corral 1 y 2
13/05/2025,6,1510,0.00,0.00,0.00,0.00,7.80,0.40,14.18,1.33,0.00,5.50,23.70,1510,90,6%,03/03/2025,8705,10.25,1,Corral 1 y 2
14/05/2025,1,1920,0.00,0.00,0.00,0.00,7.80,0.40,14.18,1.33,0.00,5.50,23.70,985,15,2%,03/03/2025,8707,25.53,2,Corral 3 y 4
14/05/2025,2,2600,0.00,0.00,0.00,0.00,7.80,0.40,14.18,1.33,0.00,5.50,23.70,1370,30,2%,03/03/2025,8708,18.79,1,Corral 5 y 6
14/05/2025,3,1675,0.00,0.00,0.00,0.00,7.80,0.40,14.18,1.33,0.00,5.50,23.70,955,45,5%,03/03/2025,8710,19.38,1,Corral 3 y 4
14/05/2025,4,2785,0.00,0.00,0.00,0.00,7.80,0.40,14.18,1.33,0.00,5.50,23.70,1430,70,5%,03/03/2025,8711,13.07,1,Corral 1 y 2
14/05/2025,5,1745,0.00,0.00,0.00,0.00,7.80,0.40,14.18,1.33,0.00,5.50,23.70,1000,,0%,03/03/2025,8712,18.41,2,Corral 1 y 2
14/05/2025,6,2780,0.00,0.00,0.00,0.00,7.80,0.40,14.18,1.33,0.00,5.50,23.70,1050,150,13%,03/03/2025,8715,30.03,2,Corral 5 y 6
15/05/2025,1,1000,0.00,0.00,0.00,0.00,7.80,0.40,14.18,1.33,0.00,5.50,23.70,1000,0,0%,03/03/2025,8732,19.24,2,Corral 1 y 2
15/05/2025,2,1400,0.00,0.00,0.00,0.00,7.80,0.40,14.18,1.33,0.00,5.50,23.70,1400,0,0%,03/03/2025,8755,5.79,1,Corral 3 y 4
15/05/2025,3,955,0.00,0.00,0.00,0.00,7.80,0.40,14.18,1.33,0.00,5.50,23.70,955,45,5%,03/03/2025,8761,21.72,1,Corral 1 y 2
15/05/2025,4,1370,0.00,0.00,0.00,0.00,7.80,0.40,14.18,1.33,0.00,5.50,23.70,1370,30,2%,04/03/2025,1213,14.25,1,Corral 1 y 2
15/05/2025,5,1000,0.00,0.00,0.00,0.00,7.80,0.40,14.18,1.33,0.00,5.50,23.70,1000,,0%,04/03/2025,1225,15.96,1,Corral 1 y 2
15/05/2025,6,1090,0.00,0.00,0.00,0.00,7.80,0.40,14.18,1.33,0.00,5.50,23.70,1090,110,9%,04/03/2025,1228,15.93,1,Corral 3 y 4
16/05/2025,1,905,0.00,0.00,0.00,0.00,7.80,0.40,14.18,1.33,0.00,5.50,23.70,905,95,10%,04/03/2025,1235,11.53,1,Corral 3 y 4
16/05/2025,2,1360,0.00,0.00,0.00,0.00,7.80,0.40,14.18,1.33,0.00,5.50,23.70,1360,40,3%,04/03/2025,1236,22.84,2,Corral 3 y 4
16/05/2025,3,965,0.00,0.00,0.00,0.00,7.80,0.40,14.18,1.33,0.00,5.50,23.70,965,35,4%,04/03/2025,1242,21.7,1,Corral 3 y 4
16/05/2025,4,1285,0.00,0.00,0.00,0.00,7.80,0.40,14.18,1.33,0.00,5.50,23.70,1285,115,8%,04/03/2025,1243,29.67,2,Corral 3 y 4
16/05/2025,5,1000,0.00,0.00,0.00,0.00,7.80,0.40,14.18,1.33,0.00,5.50,23.70,1000,,0%,04/03/2025,1555,11.25,1,Corral 1 y 2
16/05/2025,6,1040,0.00,0.00,0.00,0.00,7.80,0.40,14.18,1.33,0.00,5.50,23.70,1040,160,13%,04/03/2025,1560,18.77,1,Corral 1 y 2
17/05/2025,1,985,0.00,0.00,0.00,0.00,7.80,0.40,14.18,1.33,0.00,5.50,23.70,985,65,6%,04/03/2025,1567,23.8,2,Corral 3 y 4
17/05/2025,2,1305,0.00,0.00,0.00,0.00,7.80,0.40,14.18,1.33,0.00,5.50,23.70,1305,95,7%,04/03/2025,1577,22.05,1,Corral 3 y 4
17/05/2025,3,960,0.00,0.00,0.00,0.00,7.80,0.40,14.18,1.33,0.00,5.50,23.70,960,40,4%,04/03/2025,1638,28.26,1,Corral 1 y 2
17/05/2025,4,1330,0.00,0.00,0.00,0.00,7.80,0.40,14.18,1.33,0.00,5.50,23.70,1330,70,5%,04/03/2025,1644,21.05,1,Corral 1 y 2
17/05/2025,5,1000,0.00,0.00,0.00,0.00,7.80,0.40,14.18,1.33,0.00,5.50,23.70,1000,,0%,04/03/2025,2070,32.05,2,Corral 3 y 4
17/05/2025,6,980,0.00,0.00,0.00,0.00,7.80,0.40,14.18,1.33,0.00,5.50,23.70,980,120,11%,04/03/2025,2074,29.62,2,Corral 3 y 4
18/05/2025,1,835,0.00,0.00,0.00,0.00,7.80,0.40,14.18,1.33,0.00,5.50,23.70,835,15,2%,04/03/2025,2076,14.44,1,Corral 1 y 2
18/05/2025,2,1165,0.00,0.00,0.00,0.00,7.80,0.40,14.18,1.33,0.00,5.50,23.70,1165,35,3%,04/03/2025,2082,17.82,1,Corral 3 y 4
18/05/2025,3,820,0.00,0.00,0.00,0.00,7.80,0.40,14.18,1.33,0.00,5.50,23.70,820,30,4%,04/03/2025,2087,33.33,2,Corral 3 y 4
18/05/2025,4,1130,0.00,0.00,0.00,0.00,7.80,0.40,14.18,1.33,0.00,5.50,23.70,1130,70,6%,04/03/2025,2108,17.37,1,Corral 5 y 6
18/05/2025,5,950,0.00,0.00,0.00,0.00,7.80,0.40,14.18,1.33,0.00,5.50,23.70,950,,0%,04/03/2025,2110,21.13,1,Corral 1 y 2
18/05/2025,6,1105,0.00,0.00,0.00,0.00,7.80,0.40,14.18,1.33,0.00,5.50,23.70,1105,95,8%,04/03/2025,2119,21.67,1,Corral 3 y 4
19/05/2025,1,1200,0.00,0.00,0.00,0.00,7.80,0.40,14.18,1.33,0.00,5.50,23.70,1200,0,0%,04/03/2025,2122,17.93,1,Corral 3 y 4
19/05/2025,2,1385,0.00,0.00,0.00,0.00,7.80,0.40,14.18,1.33,0.00,5.50,23.70,1385,15,1%,04/03/2025,2150,28.3,1,Corral 5 y 6
19/05/2025,3,875,0.00,0.00,0.00,0.00,7.80,0.40,14.18,1.33,0.00,5.50,23.70,875,25,3%,04/03/2025,2165,8.36,1,Corral 5 y 6
19/05/2025,4,1400,0.00,0.00,0.00,0.00,7.80,0.40,14.18,1.33,0.00,5.50,23.70,1400,0,0%,04/03/2025,5767,16.73,1,Corral 1 y 2
19/05/2025,5,930,0.00,0.00,0.00,0.00,7.80,0.40,14.18,1.33,0.00,5.50,23.70,930,20,2%,04/03/2025,6050,14.07,1,Corral 5 y 6
19/05/2025,6,900,0.00,0.00,0.00,0.00,7.80,0.40,14.18,1.33,0.00,5.50,23.70,900,100,10%,04/03/2025,6054,35.04,2,Corral 3 y 4
20/05/2025,1,1165,0.00,0.00,0.00,0.00,7.80,0.40,14.18,1.33,0.00,5.50,23.70,1165,35,3%,04/03/2025,6092,22.87,1,Corral 1 y 2
20/05/2025,2,1400,0.00,0.00,0.00,0.00,7.80,0.40,14.18,1.33,0.00,5.50,23.70,1400,0,0%,04/03/2025,6124,9.15,1,Corral 5 y 6
20/05/2025,3,885,0.00,0.00,0.00,0.00,7.80,0.40,14.18,1.33,0.00,5.50,23.70,885,15,2%,04/03/2025,6131,21.68,1,Corral 1 y 2
20/05/2025,4,1390,0.00,0.00,0.00,0.00,7.80,0.40,14.18,1.33,0.00,5.50,23.70,1390,10,1%,04/03/2025,6137,13.55,1,Corral 3 y 4
20/05/2025,5,950,0.00,0.00,0.00,0.00,7.80,0.40,14.18,1.33,0.00,5.50,23.70,950,0,0%,04/03/2025,6161,20.32,1,Corral 3 y 4
20/05/2025,6,975,0.00,0.00,0.00,0.00,7.80,0.40,14.18,1.33,0.00,5.50,23.70,975,25,3%,04/03/2025,6164,27.63,1,Corral 3 y 4
21/05/2025,1,1165,0.00,0.00,0.00,0.00,7.80,0.40,14.18,1.33,0.00,5.50,23.70,1165,35,3%,04/03/2025,6178,17.58,1,Corral 3 y 4
21/05/2025,2,1400,0.00,0.00,0.00,0.00,7.80,0.40,14.18,1.33,0.00,5.50,23.70,1400,0,0%,04/03/2025,6193,28.27,1,Corral 5 y 6
21/05/2025,3,880,0.00,0.00,0.00,0.00,7.80,0.40,14.18,1.33,0.00,5.50,23.70,880,20,2%,04/03/2025,6226,14.82,1,Corral 1 y 2
21/05/2025,4,1400,0.00,0.00,0.00,0.00,7.80,0.40,14.18,1.33,0.00,5.50,23.70,1400,0,0%,04/03/2025,6258,22.14,1,Corral 1 y 2
21/05/2025,5,950,0.00,0.00,0.00,0.00,7.80,0.40,14.18,1.33,0.00,5.50,23.70,950,,0%,04/03/2025,8703,26.95,2,Corral 1 y 2
21/05/2025,6,960,0.00,0.00,0.00,0.00,7.80,0.40,14.18,1.33,0.00,5.50,23.70,960,40,4%,04/03/2025,8707,36.68,2,Corral 3 y 4
22/05/2025,1,1180,0.00,0.00,0.00,0.00,7.80,0.40,14.18,1.33,0.00,5.50,23.70,1180,20,2%,04/03/2025,8708,15.74,2,Corral 5 y 6
22/05/2025,2,1165,0.00,0.00,0.00,0.00,7.80,0.40,14.18,1.33,0.00,5.50,23.70,1165,35,3%,04/03/2025,8710,23.18,1,Corral 3 y 4
22/05/2025,3,985,0.00,0.00,0.00,0.00,7.80,0.40,14.18,1.33,0.00,5.50,23.70,985,15,2%,04/03/2025,8711,20.18,1,Corral 1 y 2
22/05/2025,4,1180,0.00,0.00,0.00,0.00,7.80,0.40,14.18,1.33,0.00,5.50,23.70,1180,20,2%,04/03/2025,8712,11.43,1,Corral 1 y 2
22/05/2025,5,915,0.00,0.00,0.00,0.00,7.80,0.40,14.18,1.33,0.00,5.50,23.70,915,35,4%,04/03/2025,8714,0,1,Corral 1 y 2
22/05/2025,6,950,0.00,0.00,0.00,0.00,7.80,0.40,14.18,1.33,0.00,5.50,23.70,950,50,5%,04/03/2025,8715,22.8,2,Corral 3 y 4
23/05/2025,1,1175,0.00,0.00,0.00,0.00,7.80,0.40,14.18,1.33,0.00,5.50,23.70,1175,25,2%,04/03/2025,8732,6.18,1,Corral 1 y 2
23/05/2025,2,1170,0.00,0.00,0.00,0.00,7.80,0.40,14.18,1.33,0.00,5.50,23.70,1170,30,3%,04/03/2025,8761,19.39,1,Corral 3 y 4
23/05/2025,3,950,0.00,0.00,0.00,0.00,7.80,0.40,14.18,1.33,0.00,5.50,23.70,950,50,5%,05/03/2025,1204,12.84,1,Corral 5 y 6
23/05/2025,4,1185,0.00,0.00,0.00,0.00,7.80,0.40,14.18,1.33,0.00,5.50,23.70,1185,15,1%,05/03/2025,1213,13.6,1,Corral 1 y 2
23/05/2025,5,950,0.00,0.00,0.00,0.00,7.80,0.40,14.18,1.33,0.00,5.50,23.70,950,,0%,05/03/2025,1225,13.63,1,Corral 1 y 2
23/05/2025,6,965,0.00,0.00,0.00,0.00,7.80,0.40,14.18,1.33,0.00,5.50,23.70,965,35,4%,05/03/2025,1228,14.49,1,Corral 3 y 4
24/05/2025,1,1175,0.00,0.00,0.00,0.00,7.80,0.40,14.18,1.33,0.00,5.50,23.70,1175,25,2%,05/03/2025,1236,10.96,2,Corral 3 y 4
24/05/2025,2,1150,0.00,0.00,0.00,0.00,7.80,0.40,14.18,1.33,0.00,5.50,23.70,1150,50,4%,05/03/2025,1242,27.19,2,Corral 3 y 4
24/05/2025,3,970,0.00,0.00,0.00,0.00,7.80,0.40,14.18,1.33,0.00,5.50,23.70,970,30,3%,05/03/2025,1243,12.62,1,Corral 3 y 4
24/05/2025,4,1175,0.00,0.00,0.00,0.00,7.80,0.40,14.18,1.33,0.00,5.50,23.70,1175,25,2%,05/03/2025,1560,18.28,1,Corral 1 y 2
24/05/2025,5,920,0.00,0.00,0.00,0.00,7.80,0.40,14.18,1.33,0.00,5.50,23.70,920,30,3%,05/03/2025,1567,16.69,1,Corral 3 y 4
24/05/2025,6,950,0.00,0.00,0.00,0.00,7.80,0.40,14.18,1.33,0.00,5.50,23.70,950,50,5%,05/03/2025,1577,20.61,1,Corral 3 y 4
25/05/2025,1,1175,0.00,0.00,0.00,0.00,7.80,0.40,14.18,1.33,0.00,5.50,23.70,1175,25,2%,05/03/2025,1590,36.14,2,Corral 1 y 2
25/05/2025,2,1370,0.00,0.00,0.00,0.00,7.80,0.40,14.18,1.33,0.00,5.50,23.70,1370,30,2%,05/03/2025,1638,26.85,1,Corral 1 y 2
25/05/2025,3,975,0.00,0.00,0.00,0.00,7.80,0.40,14.18,1.33,0.00,5.50,23.70,975,25,3%,05/03/2025,1644,18.4,1,Corral 1 y 2
25/05/2025,4,1570,0.00,0.00,0.00,0.00,7.80,0.40,14.18,1.33,0.00,5.50,23.70,1570,30,2%,05/03/2025,2070,22.49,2,Corral 3 y 4
25/05/2025,5,900,0.00,0.00,0.00,0.00,7.80,0.40,14.18,1.33,0.00,5.50,23.70,900,50,5%,05/03/2025,2074,13.1,1,Corral 3 y 4
25/05/2025,6,935,0.00,0.00,0.00,0.00,7.80,0.40,14.18,1.33,0.00,5.50,23.70,935,65,7%,05/03/2025,2082,15.76,1,Corral 3 y 4
26/05/2025,1,1185,0.00,0.00,0.00,0.00,7.80,0.40,14.18,1.33,0.00,5.50,23.70,1185,15,1%,05/03/2025,2108,11.69,1,Corral 5 y 6
26/05/2025,2,1190,0.00,0.00,0.00,0.00,7.80,0.40,14.18,1.33,0.00,5.50,23.70,1190,10,1%,05/03/2025,2110,14.77,1,Corral 1 y 2
26/05/2025,3,910,0.00,0.00,0.00,0.00,7.80,0.40,14.18,1.33,0.00,5.50,23.70,910,90,9%,05/03/2025,2119,14.99,1,Corral 3 y 4
26/05/2025,4,1180,0.00,0.00,0.00,0.00,7.80,0.40,14.18,1.33,0.00,5.50,23.70,1180,20,2%,05/03/2025,2122,20.71,1,Corral 3 y 4
26/05/2025,5,880,0.00,0.00,0.00,0.00,7.80,0.40,14.18,1.33,0.00,5.50,23.70,880,70,7%,05/03/2025,2150,23.72,1,Corral 5 y 6
26/05/2025,6,900,0.00,0.00,0.00,0.00,7.80,0.40,14.18,1.33,0.00,5.50,23.70,900,100,10%,05/03/2025,2165,13.03,2,Corral 5 y 6
27/05/2025,1,1195,0.00,0.00,0.00,0.00,7.80,0.40,14.18,1.33,0.00,5.50,23.70,1195,5,0%,05/03/2025,5767,22.2,1,Corral 3 y 4
27/05/2025,2,1385,0.00,0.00,0.00,0.00,7.80,0.40,14.18,1.33,0.00,5.50,23.70,1385,15,1%,05/03/2025,6012,29.01,2,Corral 1 y 2
27/05/2025,3,990,0.00,0.00,0.00,0.00,7.80,0.40,14.18,1.33,0.00,5.50,23.70,990,10,1%,05/03/2025,6050,26.4,2,Corral 5 y 6
27/05/2025,4,1390,0.00,0.00,0.00,0.00,7.80,0.40,14.18,1.33,0.00,5.50,23.70,1390,10,1%,05/03/2025,6054,30.17,2,Corral 3 y 4
27/05/2025,5,925,0.00,0.00,0.00,0.00,7.80,0.40,14.18,1.33,0.00,5.50,23.70,925,25,3%,05/03/2025,6062,20.33,1,Corral 5 y 6
27/05/2025,6,980,0.00,0.00,0.00,0.00,7.80,0.40,14.18,1.33,0.00,5.50,23.70,980,20,2%,05/03/2025,6070,18.25,1,Corral 5 y 6
28/05/2025,1,1170,0.00,0.00,0.00,0.00,7.80,0.40,14.18,1.33,0.00,5.50,23.70,1170,30,3%,05/03/2025,6092,30.38,2,Corral 1 y 2
28/05/2025,2,1445,0.00,0.00,0.00,0.00,7.80,0.40,14.18,1.33,0.00,5.50,23.70,1445,45,3%,05/03/2025,6131,18.04,1,Corral 1 y 2
28/05/2025,3,990,0.00,0.00,0.00,0.00,7.80,0.40,14.18,1.33,0.00,5.50,23.70,990,60,6%,05/03/2025,6134,22.22,1,Corral 5 y 6
28/05/2025,4,1490,0.00,0.00,0.00,0.00,7.80,0.40,14.18,1.33,0.00,5.50,23.70,1490,0,0%,05/03/2025,6137,23.94,1,Corral 5 y 6
28/05/2025,5,1033,0.00,0.00,0.00,0.00,7.80,0.40,14.18,1.33,0.00,5.50,23.70,1033,35,3%,05/03/2025,6154,14.94,1,Corral 1 y 2
28/05/2025,6,1010,0.00,0.00,0.00,0.00,7.80,0.40,14.18,1.33,0.00,5.50,23.70,1010,40,4%,05/03/2025,6161,12.5,1,Corral 3 y 4
29/05/2025,1,1185,0.00,0.00,0.00,0.00,7.80,0.40,14.18,1.33,0.00,5.50,23.70,1185,15,1%,05/03/2025,6164,20.92,1,Corral 3 y 4
29/05/2025,2,1350,0.00,0.00,0.00,0.00,7.80,0.40,14.18,1.33,0.00,5.50,23.70,1350,50,4%,05/03/2025,6178,21.77,1,Corral 3 y 4
29/05/2025,3,940,0.00,0.00,0.00,0.00,7.80,0.40,14.18,1.33,0.00,5.50,23.70,940,60,6%,05/03/2025,6193,24.7,1,Corral 5 y 6
29/05/2025,4,1565,0.00,0.00,0.00,0.00,7.80,0.40,14.18,1.33,0.00,5.50,23.70,1565,35,2%,05/03/2025,6197,22.61,1,Corral 1 y 2
29/05/2025,5,905,0.00,0.00,0.00,0.00,7.80,0.40,14.18,1.33,0.00,5.50,23.70,905,45,5%,05/03/2025,6226,18.83,1,Corral 1 y 2
29/05/2025,6,910,0.00,0.00,0.00,0.00,7.80,0.40,14.18,1.33,0.00,5.50,23.70,910,90,9%,05/03/2025,6258,15.35,1,Corral 1 y 2
30/05/2025,1,1160,0.00,0.00,0.00,0.00,7.80,0.40,14.18,1.33,0.00,5.50,23.70,1160,40,3%,05/03/2025,8703,16.1,1,Corral 1 y 2
30/05/2025,2,1365,0.00,0.00,0.00,0.00,7.80,0.40,14.18,1.33,0.00,5.50,23.70,1365,35,3%,05/03/2025,8707,18.81,2,Corral 3 y 4
30/05/2025,3,930,0.00,0.00,0.00,0.00,7.80,0.40,14.18,1.33,0.00,5.50,23.70,930,70,7%,05/03/2025,8708,17.85,2,Corral 5 y 6
30/05/2025,4,1585,0.00,0.00,0.00,0.00,7.80,0.40,14.18,1.33,0.00,5.50,23.70,1585,15,1%,05/03/2025,8710,37.12,2,Corral 3 y 4
30/05/2025,5,900,0.00,0.00,0.00,0.00,7.80,0.40,14.18,1.33,0.00,5.50,23.70,900,50,5%,05/03/2025,8712,9.66,1,Corral 1 y 2
30/05/2025,6,970,0.00,0.00,0.00,0.00,7.80,0.40,14.18,1.33,0.00,5.50,23.70,970,30,3%,05/03/2025,8715,14.38,1,Corral 3 y 4
31/05/2025,1,1165,0.00,0.00,0.00,0.00,7.80,0.40,14.18,1.33,0.00,5.50,23.70,1165,35,3%,05/03/2025,8732,10.87,1,Corral 5 y 6
31/05/2025,2,1480,0.00,0.00,0.00,0.00,7.80,0.40,14.18,1.33,0.00,5.50,23.70,1480,20,1%,05/03/2025,8739,9.91,1,Corral 1 y 2
31/05/2025,3,960,0.00,0.00,0.00,0.00,7.80,0.40,14.18,1.33,0.00,5.50,23.70,960,40,4%,05/03/2025,8755,11.32,1,Corral 5 y 6
31/05/2025,4,1565,0.00,0.00,0.00,0.00,7.80,0.40,14.18,1.33,0.00,5.50,23.70,1565,35,2%,05/03/2025,8761,22.65,1,Corral 3 y 4
31/05/2025,5,900,0.00,0.00,0.00,0.00,7.80,0.40,14.18,1.33,0.00,5.50,23.70,900,50,5%,06/03/2025,1204,11.28,1,Corral 5 y 6
31/05/2025,6,965,0.00,0.00,0.00,0.00,7.80,0.40,14.18,1.33,0.00,5.50,23.70,965,35,4%,06/03/2025,1216,12.48,1,Corral 3 y 4
01/06/2025,1,1175,0.00,0.00,0.00,0.00,10.00,0.30,7.83,1.40,4.00,3.00,23.50,1175,25,2%,06/03/2025,1225,24,2,Corral 1 y 2
01/06/2025,2,1380,0.00,0.00,0.00,0.00,10.00,0.30,7.83,1.40,4.00,3.00,23.50,1380,20,1%,06/03/2025,1228,22.16,2,Corral 3 y 4
01/06/2025,3,955,0.00,0.00,0.00,0.00,10.00,0.30,7.83,1.40,4.00,3.00,23.50,955,45,5%,06/03/2025,1235,12.45,1,Corral 1 y 2
01/06/2025,4,1590,0.00,0.00,0.00,0.00,10.00,0.30,7.83,1.40,4.00,3.00,23.50,1590,10,1%,06/03/2025,1236,12.26,1,Corral 3 y 4
01/06/2025,5,920,0.00,0.00,0.00,0.00,10.00,0.30,7.83,1.40,4.00,3.00,23.50,920,30,3%,06/03/2025,1242,17.31,1,Corral 3 y 4
01/06/2025,6,935,0.00,0.00,0.00,0.00,10.00,0.30,7.83,1.40,4.00,3.00,23.50,935,65,7%,06/03/2025,1243,2.62,1,Corral 3 y 4
02/06/2025,1,1200,0.00,0.00,0.00,0.00,10.00,0.30,7.83,1.40,4.00,3.00,23.50,1200,0,0%,06/03/2025,1555,27.48,2,Corral 1 y 2
02/06/2025,2,1390,0.00,0.00,0.00,0.00,10.00,0.30,7.83,1.40,4.00,3.00,23.50,1390,10,1%,06/03/2025,1560,16.89,1,Corral 1 y 2
02/06/2025,3,980,0.00,0.00,0.00,0.00,10.00,0.30,7.83,1.40,4.00,3.00,23.50,980,20,2%,06/03/2025,1567,27.36,2,Corral 3 y 4
02/06/2025,4,1600,0.00,0.00,0.00,0.00,10.00,0.30,7.83,1.40,4.00,3.00,23.50,1600,0,0%,06/03/2025,1577,35.92,2,Corral 3 y 4
02/06/2025,5,925,0.00,0.00,0.00,0.00,10.00,0.30,7.83,1.40,4.00,3.00,23.50,925,25,3%,06/03/2025,2070,12.67,1,Corral 3 y 4
02/06/2025,6,1000,0.00,0.00,0.00,0.00,10.00,0.30,7.83,1.40,4.00,3.00,23.50,1000,0,0%,06/03/2025,2074,8.8,1,Corral 3 y 4
03/06/2025,1,1255,0.00,0.00,0.00,0.00,10.00,0.30,7.83,1.40,4.00,3.00,23.50,1255,45,3%,06/03/2025,2076,21.67,2,Corral 1 y 2
03/06/2025,2,1480,0.00,0.00,0.00,0.00,10.00,0.30,7.83,1.40,4.00,3.00,23.50,1480,0,0%,06/03/2025,2082,21.42,2,Corral 3 y 4
03/06/2025,3,1100,0.00,0.00,0.00,0.00,10.00,0.30,7.83,1.40,4.00,3.00,23.50,1100,0,0%,06/03/2025,2087,20.33,1,Corral 3 y 4
03/06/2025,4,1500,0.00,0.00,0.00,0.00,10.00,0.30,7.83,1.40,4.00,3.00,23.50,1500,0,0%,06/03/2025,2108,27.21,1,Corral 5 y 6
03/06/2025,5,955,0.00,0.00,0.00,0.00,10.00,0.30,7.83,1.40,4.00,3.00,23.50,955,0,0%,06/03/2025,2110,21.09,1,Corral 1 y 2
03/06/2025,6,1200,0.00,0.00,0.00,0.00,10.00,0.30,7.83,1.40,4.00,3.00,23.50,1200,0,0%,06/03/2025,2119,18.57,1,Corral 3 y 4
04/06/2025,1,1165,0.00,0.00,0.00,0.00,10.00,0.30,7.83,1.40,4.00,3.00,23.50,1165,35,3%,06/03/2025,2122,18.24,1,Corral 3 y 4
04/06/2025,2,1400,0.00,0.00,0.00,0.00,10.00,0.30,7.83,1.40,4.00,3.00,23.50,1400,0,0%,06/03/2025,2150,19.5,1,Corral 5 y 6
04/06/2025,3,960,0.00,0.00,0.00,0.00,10.00,0.30,7.83,1.40,4.00,3.00,23.50,960,40,4%,06/03/2025,5767,19.88,1,Corral 3 y 4
04/06/2025,4,1525,0.00,0.00,0.00,0.00,10.00,0.30,7.83,1.40,4.00,3.00,23.50,1525,25,2%,06/03/2025,6054,15.4,1,Corral 3 y 4
04/06/2025,5,945,0.00,0.00,0.00,0.00,10.00,0.30,7.83,1.40,4.00,3.00,23.50,945,0,0%,06/03/2025,6062,10.83,1,Corral 5 y 6
04/06/2025,6,1100,0.00,0.00,0.00,0.00,10.00,0.30,7.83,1.40,4.00,3.00,23.50,1100,0,0%,06/03/2025,6070,24.55,1,Corral 5 y 6
05/06/2025,1,1260,0.00,0.00,0.00,0.00,10.00,0.30,7.83,1.40,4.00,3.00,23.50,1260,40,3%,06/03/2025,6092,22.75,1,Corral 1 y 2
05/06/2025,2,1485,0.00,0.00,0.00,0.00,10.00,0.30,7.83,1.40,4.00,3.00,23.50,1485,15,1%,06/03/2025,6131,19.5,1,Corral 1 y 2
05/06/2025,3,1065,0.00,0.00,0.00,0.00,10.00,0.30,7.83,1.40,4.00,3.00,23.50,1065,35,3%,06/03/2025,6134,13.86,1,Corral 5 y 6
05/06/2025,4,1650,0.00,0.00,0.00,0.00,10.00,0.30,7.83,1.40,4.00,3.00,23.50,1650,50,3%,06/03/2025,6137,8.23,1,Corral 5 y 6
05/06/2025,5,1080,0.00,0.00,0.00,0.00,10.00,0.30,7.83,1.40,4.00,3.00,23.50,1080,20,2%,06/03/2025,6154,41.4,2,Corral 1 y 2
05/06/2025,6,1240,0.00,0.00,0.00,0.00,10.00,0.30,7.83,1.40,4.00,3.00,23.50,1240,60,5%,06/03/2025,6161,34.26,2,Corral 3 y 4
06/06/2025,1,1105,0.00,0.00,0.00,0.00,10.00,0.30,7.83,1.40,4.00,3.00,23.50,1105,45,4%,06/03/2025,6164,27.7,2,Corral 3 y 4
06/06/2025,2,1320,0.00,0.00,0.00,0.00,10.00,0.30,7.83,1.40,4.00,3.00,23.50,1320,30,2%,06/03/2025,6193,24.23,1,Corral 5 y 6
06/06/2025,3,900,0.00,0.00,0.00,0.00,10.00,0.30,7.83,1.40,4.00,3.00,23.50,900,50,5%,06/03/2025,6194,17.41,1,Corral 5 y 6
06/06/2025,4,1525,0.00,0.00,0.00,0.00,10.00,0.30,7.83,1.40,4.00,3.00,23.50,1525,25,2%,06/03/2025,6197,17.17,1,Corral 1 y 2
06/06/2025,5,970,0.00,0.00,0.00,0.00,10.00,0.30,7.83,1.40,4.00,3.00,23.50,970,30,3%,06/03/2025,6226,15.08,1,Corral 1 y 2
06/06/2025,6,1185,0.00,0.00,0.00,0.00,10.00,0.30,7.83,1.40,4.00,3.00,23.50,1185,65,5%,06/03/2025,6258,13.24,1,Corral 1 y 2
07/06/2025,1,1225,0.00,0.00,0.00,0.00,10.00,0.30,7.83,1.40,4.00,3.00,23.50,1225,75,6%,06/03/2025,8703,11.79,1,Corral 1 y 2
07/06/2025,2,1450,0.00,0.00,0.00,0.00,10.00,0.30,7.83,1.40,4.00,3.00,23.50,1450,50,3%,06/03/2025,8705,16.06,1,Corral 5 y 6
07/06/2025,3,1055,0.00,0.00,0.00,0.00,10.00,0.30,7.83,1.40,4.00,3.00,23.50,1055,45,4%,06/03/2025,8707,8.76,1,Corral 3 y 4
07/06/2025,4,1620,0.00,0.00,0.00,0.00,10.00,0.30,7.83,1.40,4.00,3.00,23.50,1620,80,5%,06/03/2025,8708,12.83,2,Corral 5 y 6
07/06/2025,5,990,0.00,0.00,0.00,0.00,10.00,0.30,7.83,1.40,4.00,3.00,23.50,990,110,10%,06/03/2025,8710,17.1,1,Corral 3 y 4
07/06/2025,6,1225,0.00,0.00,0.00,0.00,10.00,0.30,7.83,1.40,4.00,3.00,23.50,1225,75,6%,06/03/2025,8711,23.92,1,Corral 1 y 2
08/06/2025,1,1215,0.00,0.00,0.00,0.00,10.00,0.30,7.83,1.40,4.00,3.00,23.50,1215,35,3%,06/03/2025,8712,13.77,1,Corral 1 y 2
08/06/2025,2,1300,0.00,0.00,0.00,0.00,10.00,0.30,7.83,1.40,4.00,3.00,23.50,1300,50,4%,06/03/2025,8714,23.08,1,Corral 1 y 2
08/06/2025,3,970,0.00,0.00,0.00,0.00,10.00,0.30,7.83,1.40,4.00,3.00,23.50,970,30,3%,06/03/2025,8715,18.77,1,Corral 3 y 4
08/06/2025,4,1505,0.00,0.00,0.00,0.00,10.00,0.30,7.83,1.40,4.00,3.00,23.50,1505,45,3%,06/03/2025,8732,18.51,2,Corral 5 y 6
08/06/2025,5,980,0.00,0.00,0.00,0.00,10.00,0.30,7.83,1.40,4.00,3.00,23.50,980,20,2%,06/03/2025,8755,7.88,1,Corral 5 y 6
08/06/2025,6,1285,0.00,0.00,0.00,0.00,10.00,0.30,7.83,1.40,4.00,3.00,23.50,1285,15,1%,06/03/2025,8761,32.24,2,Corral 3 y 4
09/06/2025,1,1280,0.00,0.00,0.00,0.00,10.00,0.30,7.83,1.40,4.00,3.00,23.50,1280,20,2%,01/04/2025,1204,16.71,1,Corral 1 y 2
09/06/2025,2,1385,0.00,0.00,0.00,0.00,10.00,0.30,7.83,1.40,4.00,3.00,23.50,1385,15,1%,01/04/2025,1216,14,1,Corral 1 y 2
09/06/2025,3,955,0.00,0.00,0.00,0.00,10.00,0.30,7.83,1.40,4.00,3.00,23.50,955,45,5%,01/04/2025,1225,7.11,1,Corral 1 y 2
09/06/2025,4,1570,0.00,0.00,0.00,0.00,10.00,0.30,7.83,1.40,4.00,3.00,23.50,1570,30,2%,01/04/2025,1228,23.45,2,Corral 3 y 4
09/06/2025,5,1070,0.00,0.00,0.00,0.00,10.00,0.30,7.83,1.40,4.00,3.00,23.50,1070,30,3%,01/04/2025,1235,14.37,1,Corral 3 y 4
09/06/2025,6,1290,0.00,0.00,0.00,0.00,10.00,0.30,7.83,1.40,4.00,3.00,23.50,1290,10,1%,01/04/2025,1236,13.9,1,Corral 5 y 6
10/06/2025,1,1300,0.00,0.00,0.00,0.00,10.00,0.30,7.83,1.40,4.00,3.00,23.50,1300,0,0%,01/04/2025,1242,27.54,2,Corral 3 y 4
10/06/2025,2,1375,0.00,0.00,0.00,0.00,10.00,0.30,7.83,1.40,4.00,3.00,23.50,1375,25,2%,01/04/2025,1243,31.52,2,Corral 5 y 6
10/06/2025,3,950,0.00,0.00,0.00,0.00,10.00,0.30,7.83,1.40,4.00,3.00,23.50,950,50,5%,01/04/2025,1555,46.99,2,Corral 1 y 2
10/06/2025,4,1535,0.00,0.00,0.00,0.00,10.00,0.30,7.83,1.40,4.00,3.00,23.50,1535,65,4%,01/04/2025,1560,44.65,2,Corral 1 y 2
10/06/2025,5,1070,0.00,0.00,0.00,0.00,10.00,0.30,7.83,1.40,4.00,3.00,23.50,1070,30,3%,01/04/2025,1567,23.11,1,Corral 3 y 4
10/06/2025,6,1255,0.00,0.00,0.00,0.00,10.00,0.30,7.83,1.40,4.00,3.00,23.50,1255,45,3%,01/04/2025,1577,47.28,2,Corral 3 y 4
11/06/2025,1,1285,0.00,0.00,0.00,0.00,10.00,0.30,7.83,1.40,4.00,3.00,23.50,1285,15,1%,01/04/2025,1617,46.77,2,Corral 5 y 6
11/06/2025,2,1370,0.00,0.00,0.00,0.00,10.00,0.30,7.83,1.40,4.00,3.00,23.50,1370,30,2%,01/04/2025,1638,41.71,2,Corral 1 y 2
11/06/2025,3,890,0.00,0.00,0.00,0.00,10.00,0.30,7.83,1.40,4.00,3.00,23.50,890,110,11%,01/04/2025,1644,23.13,1,Corral 1 y 2
11/06/2025,4,1575,0.00,0.00,0.00,0.00,10.00,0.30,7.83,1.40,4.00,3.00,23.50,1575,25,2%,01/04/2025,2070,20.6,2,Corral 3 y 4
11/06/2025,5,990,0.00,0.00,0.00,0.00,10.00,0.30,7.83,1.40,4.00,3.00,23.50,990,10,1%,01/04/2025,2074,29.27,2,Corral 5 y 6
11/06/2025,6,1240,0.00,0.00,0.00,0.00,10.00,0.30,7.83,1.40,4.00,3.00,23.50,1240,60,5%,01/04/2025,2076,37.13,2,Corral 5 y 6
12/06/2025,1,1275,0.00,0.00,0.00,0.00,10.00,0.30,7.83,1.40,4.00,3.00,23.50,1275,25,2%,01/04/2025,2082,32.34,2,Corral 3 y 4
12/06/2025,2,1370,0.00,0.00,0.00,0.00,10.00,0.30,7.83,1.40,4.00,3.00,23.50,1370,30,2%,01/04/2025,2087,43.6,2,Corral 1 y 2
12/06/2025,3,985,0.00,0.00,0.00,0.00,10.00,0.30,7.83,1.40,4.00,3.00,23.50,985,15,2%,01/04/2025,2108,32.74,2,Corral 3 y 4
12/06/2025,4,1380,0.00,0.00,0.00,0.00,10.00,0.30,7.83,1.40,4.00,3.00,23.50,1380,70,5%,01/04/2025,2119,18.12,1,Corral 1 y 2
12/06/2025,5,960,0.00,0.00,0.00,0.00,10.00,0.30,7.83,1.40,4.00,3.00,23.50,960,40,4%,01/04/2025,2122,28.88,1,Corral 1 y 2
12/06/2025,6,1235,0.00,0.00,0.00,0.00,10.00,0.30,7.83,1.40,4.00,3.00,23.50,1235,65,5%,01/04/2025,2165,19.51,1,Corral 5 y 6
13/06/2025,1,1260,0.00,0.00,0.00,0.00,10.00,0.30,7.83,1.40,4.00,3.00,23.50,1260,40,3%,01/04/2025,5767,17.16,1,Corral 3 y 4
13/06/2025,2,1365,0.00,0.00,0.00,0.00,10.00,0.30,7.83,1.40,4.00,3.00,23.50,1365,35,3%,01/04/2025,5981,10.19,1,Corral 5 y 6
13/06/2025,3,930,0.00,0.00,0.00,0.00,10.00,0.30,7.83,1.40,4.00,3.00,23.50,930,70,7%,01/04/2025,6012,18.15,1,Corral 1 y 2
13/06/2025,4,1545,0.00,0.00,0.00,0.00,10.00,0.30,7.83,1.40,4.00,3.00,23.50,1545,55,3%,01/04/2025,6050,19.92,1,Corral 3 y 4
13/06/2025,5,980,0.00,0.00,0.00,0.00,10.00,0.30,7.83,1.40,4.00,3.00,23.50,980,20,2%,01/04/2025,6054,40.84,2,Corral 5 y 6
13/06/2025,6,1270,0.00,0.00,0.00,0.00,10.00,0.30,7.83,1.40,4.00,3.00,23.50,1270,30,2%,01/04/2025,6070,47.7,2,Corral 1 y 2
14/06/2025,1,1275,0.00,0.00,0.00,0.00,10.00,0.30,7.83,1.40,4.00,3.00,23.50,1275,25,2%,01/04/2025,6092,28.41,2,Corral 1 y 2
14/06/2025,2,1385,0.00,0.00,0.00,0.00,10.00,0.30,7.83,1.40,4.00,3.00,23.50,1385,15,1%,01/04/2025,6098,11.28,1,Corral 5 y 6
14/06/2025,3,970,0.00,0.00,0.00,0.00,10.00,0.30,7.83,1.40,4.00,3.00,23.50,970,30,3%,01/04/2025,6124,34.2,2,Corral 5 y 6
14/06/2025,4,1560,0.00,0.00,0.00,0.00,10.00,0.30,7.83,1.40,4.00,3.00,23.50,1560,40,3%,01/04/2025,6131,39.16,2,Corral 1 y 2
14/06/2025,5,935,0.00,0.00,0.00,0.00,10.00,0.30,7.83,1.40,4.00,3.00,23.50,935,65,7%,01/04/2025,6134,37.65,2,Corral 1 y 2
14/06/2025,6,1280,0.00,0.00,0.00,0.00,10.00,0.30,7.83,1.40,4.00,3.00,23.50,1280,20,2%,01/04/2025,6137,19.96,2,Corral 1 y 2
15/06/2025,1,1280,0.00,0.00,0.00,0.00,10.00,0.30,7.83,1.40,4.00,3.00,23.50,1280,20,2%,01/04/2025,6161,32.16,2,Corral 3 y 4
15/06/2025,2,1365,0.00,0.00,0.00,0.00,10.00,0.30,7.83,1.40,4.00,3.00,23.50,1365,35,3%,01/04/2025,6164,13.75,1,Corral 3 y 4
15/06/2025,3,1150,0.00,0.00,0.00,0.00,10.00,0.30,7.83,1.40,4.00,3.00,23.50,1150,50,4%,01/04/2025,6178,20.86,1,Corral 1 y 2
15/06/2025,4,1565,0.00,0.00,0.00,0.00,10.00,0.30,7.83,1.40,4.00,3.00,23.50,1565,35,2%,01/04/2025,6193,21.99,1,Corral 3 y 4
15/06/2025,5,960,0.00,0.00,0.00,0.00,10.00,0.30,7.83,1.40,4.00,3.00,23.50,960,40,4%,01/04/2025,6194,36.86,2,Corral 3 y 4
15/06/2025,6,1300,0.00,0.00,0.00,0.00,10.00,0.30,7.83,1.40,4.00,3.00,23.50,1300,0,0%,01/04/2025,6197,19.94,1,Corral 1 y 2
16/06/2025,1,1270,0.00,0.00,0.00,0.00,10.00,0.30,7.83,1.40,4.00,3.00,23.50,1270,30,2%,01/04/2025,6226,25.83,2,Corral 1 y 2
16/06/2025,2,1390,0.00,0.00,0.00,0.00,10.00,0.30,7.83,1.40,4.00,3.00,23.50,1390,10,1%,01/04/2025,6258,31.66,2,Corral 1 y 2
16/06/2025,3,975,0.00,0.00,0.00,0.00,10.00,0.30,7.83,1.40,4.00,3.00,23.50,975,25,3%,01/04/2025,8703,25.27,2,Corral 1 y 2
16/06/2025,4,1600,0.00,0.00,0.00,0.00,10.00,0.30,7.83,1.40,4.00,3.00,23.50,1600,0,0%,01/04/2025,8705,15.94,1,Corral 1 y 2
16/06/2025,5,850,0.00,0.00,0.00,0.00,10.00,0.30,7.83,1.40,4.00,3.00,23.50,850,150,15%,01/04/2025,8707,18.6,1,Corral 3 y 4
16/06/2025,6,1320,0.00,0.00,0.00,0.00,10.00,0.30,7.83,1.40,4.00,3.00,23.50,1320,80,6%,01/04/2025,8708,13.44,2,Corral 5 y 6
17/06/2025,1,1265,0.00,0.00,0.00,0.00,10.00,0.30,7.83,1.40,4.00,3.00,23.50,1265,35,3%,01/04/2025,8710,11.12,1,Corral 5 y 6
17/06/2025,2,1350,0.00,0.00,0.00,0.00,10.00,0.30,7.83,1.40,4.00,3.00,23.50,1350,50,4%,01/04/2025,8711,17.04,1,Corral 1 y 2
17/06/2025,3,985,0.00,0.00,0.00,0.00,10.00,0.30,7.83,1.40,4.00,3.00,23.50,985,15,2%,01/04/2025,8714,28.02,2,Corral 1 y 2
17/06/2025,4,1510,0.00,0.00,0.00,0.00,10.00,0.30,7.83,1.40,4.00,3.00,23.50,1510,40,3%,02/04/2025,1204,18,1,Corral 5 y 6
17/06/2025,5,1000,0.00,0.00,0.00,0.00,10.00,0.30,7.83,1.40,4.00,3.00,23.50,1000,0,0%,02/04/2025,1213,10.77,1,Corral 1 y 2
17/06/2025,6,1400,0.00,0.00,0.00,0.00,10.00,0.30,7.83,1.40,4.00,3.00,23.50,1400,0,0%,02/04/2025,1216,16.84,1,Corral 5 y 6
18/06/2025,1,1235,0.00,0.00,0.00,0.00,10.00,0.30,7.83,1.40,4.00,3.00,23.50,1235,65,5%,02/04/2025,1225,19.35,2,Corral 5 y 6
18/06/2025,2,1360,0.00,0.00,0.00,0.00,10.00,0.30,7.83,1.40,4.00,3.00,23.50,1360,40,3%,02/04/2025,1228,15.99,1,Corral 3 y 4
18/06/2025,3,975,0.00,0.00,0.00,0.00,10.00,0.30,7.83,1.40,4.00,3.00,23.50,975,25,3%,02/04/2025,1236,14.42,1,Corral 5 y 6
18/06/2025,4,1550,0.00,0.00,0.00,0.00,10.00,0.30,7.83,1.40,4.00,3.00,23.50,1550,50,3%,02/04/2025,1242,20.88,1,Corral 3 y 4
18/06/2025,5,965,0.00,0.00,0.00,0.00,10.00,0.30,7.83,1.40,4.00,3.00,23.50,965,35,4%,02/04/2025,1555,26.79,1,Corral 1 y 2
18/06/2025,6,1400,0.00,0.00,0.00,0.00,10.00,0.30,7.83,1.40,4.00,3.00,23.50,1400,0,0%,02/04/2025,1560,44.31,2,Corral 1 y 2
19/06/2025,1,1300,0.00,0.00,0.00,0.00,10.00,0.30,7.83,1.40,4.00,3.00,23.50,1300,0,0%,02/04/2025,1567,19.08,1,Corral 3 y 4
19/06/2025,2,1400,0.00,0.00,0.00,0.00,10.00,0.30,7.83,1.40,4.00,3.00,23.50,1400,0,0%,02/04/2025,1577,45.58,2,Corral 3 y 4
19/06/2025,3,1000,0.00,0.00,0.00,0.00,10.00,0.30,7.83,1.40,4.00,3.00,23.50,1000,0,0%,02/04/2025,1590,26.55,2,Corral 3 y 4
19/06/2025,4,1365,0.00,0.00,0.00,0.00,10.00,0.30,7.83,1.40,4.00,3.00,23.50,1365,135,9%,02/04/2025,1617,21.29,1,Corral 5 y 6
19/06/2025,5,800,0.00,0.00,0.00,0.00,10.00,0.30,7.83,1.40,4.00,3.00,23.50,800,200,20%,02/04/2025,1638,21.35,1,Corral 1 y 2
19/06/2025,6,1400,0.00,0.00,0.00,0.00,10.00,0.30,7.83,1.40,4.00,3.00,23.50,1400,0,0%,02/04/2025,1644,17.43,1,Corral 1 y 2
20/06/2025,1,1255,0.00,0.00,0.00,0.00,10.00,0.30,7.83,1.40,4.00,3.00,23.50,1255,45,3%,02/04/2025,2070,23.01,2,Corral 3 y 4
20/06/2025,2,1390,0.00,0.00,0.00,0.00,10.00,0.30,7.83,1.40,4.00,3.00,23.50,1390,10,1%,02/04/2025,2074,28.41,2,Corral 5 y 6
20/06/2025,3,975,0.00,0.00,0.00,0.00,10.00,0.30,7.83,1.40,4.00,3.00,23.50,975,25,3%,02/04/2025,2076,31.01,2,Corral 5 y 6
20/06/2025,4,1600,0.00,0.00,0.00,0.00,10.00,0.30,7.83,1.40,4.00,3.00,23.50,1600,0,0%,02/04/2025,2082,28.15,2,Corral 3 y 4
20/06/2025,5,1000,0.00,0.00,0.00,0.00,10.00,0.30,7.83,1.40,4.00,3.00,23.50,1000,0,0%,02/04/2025,2087,13,1,Corral 1 y 2
20/06/2025,6,1385,0.00,0.00,0.00,0.00,10.00,0.30,7.83,1.40,4.00,3.00,23.50,1385,15,1%,02/04/2025,2108,25.42,1,Corral 3 y 4
21/06/2025,1,1270,0.00,0.00,0.00,0.00,10.00,0.30,7.83,1.40,4.00,3.00,23.50,1270,30,2%,02/04/2025,2110,25.37,1,Corral 3 y 4
21/06/2025,2,1375,0.00,0.00,0.00,0.00,10.00,0.30,7.83,1.40,4.00,3.00,23.50,1375,25,2%,02/04/2025,2122,20.29,1,Corral 1 y 2
21/06/2025,3,985,0.00,0.00,0.00,0.00,10.00,0.30,7.83,1.40,4.00,3.00,23.50,985,15,2%,02/04/2025,2150,11.65,1,Corral 3 y 4
21/06/2025,4,1570,0.00,0.00,0.00,0.00,10.00,0.30,7.83,1.40,4.00,3.00,23.50,1570,30,2%,02/04/2025,2165,18.95,1,Corral 5 y 6
21/06/2025,5,935,0.00,0.00,0.00,0.00,10.00,0.30,7.83,1.40,4.00,3.00,23.50,935,65,7%,02/04/2025,5767,36.27,2,Corral 3 y 4
21/06/2025,6,1965,0.00,0.00,0.00,0.00,10.00,0.30,7.83,1.40,4.00,3.00,23.50,1965,35,2%,02/04/2025,6050,25.41,2,Corral 3 y 4
22/06/2025,1,1215,0.00,0.00,0.00,0.00,10.00,0.30,7.83,1.40,4.00,3.00,23.50,1215,85,7%,02/04/2025,6054,32.07,2,Corral 5 y 6
22/06/2025,2,1370,0.00,0.00,0.00,0.00,10.00,0.30,7.83,1.40,4.00,3.00,23.50,1370,30,2%,02/04/2025,6062,32.86,2,Corral 3 y 4
22/06/2025,3,985,0.00,0.00,0.00,0.00,10.00,0.30,7.83,1.40,4.00,3.00,23.50,985,15,2%,02/04/2025,6070,34.02,2,Corral 1 y 2
22/06/2025,4,1575,0.00,0.00,0.00,0.00,10.00,0.30,7.83,1.40,4.00,3.00,23.50,1575,25,2%,02/04/2025,6092,35.33,2,Corral 1 y 2
22/06/2025,5,960,0.00,0.00,0.00,0.00,10.00,0.30,7.83,1.40,4.00,3.00,23.50,960,40,4%,02/04/2025,6124,17.45,2,Corral 5 y 6
22/06/2025,6,1885,0.00,0.00,0.00,0.00,10.00,0.30,7.83,1.40,4.00,3.00,23.50,1885,115,6%,02/04/2025,6131,20.72,1,Corral 1 y 2
23/06/2025,1,1175,0.00,0.00,0.00,0.00,10.00,0.30,7.83,1.40,4.00,3.00,23.50,1175,100,8%,02/04/2025,6134,21.84,1,Corral 1 y 2
23/06/2025,2,1370,0.00,0.00,0.00,0.00,10.00,0.30,7.83,1.40,4.00,3.00,23.50,1370,30,2%,02/04/2025,6137,18.1,2,Corral 1 y 2
23/06/2025,3,1040,0.00,0.00,0.00,0.00,10.00,0.30,7.83,1.40,4.00,3.00,23.50,1040,10,1%,02/04/2025,6161,15.69,1,Corral 3 y 4
23/06/2025,4,1435,0.00,0.00,0.00,0.00,10.00,0.30,7.83,1.40,4.00,3.00,23.50,1435,15,1%,02/04/2025,6164,26.46,2,Corral 3 y 4
23/06/2025,5,667,0.00,0.00,0.00,0.00,10.00,0.30,7.83,1.40,4.00,3.00,23.50,667,250,27%,02/04/2025,6178,20.39,1,Corral 1 y 2
23/06/2025,6,2000,0.00,0.00,0.00,0.00,10.00,0.30,7.83,1.40,4.00,3.00,23.50,2000,0,0%,02/04/2025,6193,34.65,2,Corral 3 y 4
24/06/2025,1,1300,0.00,0.00,0.00,0.00,10.00,0.30,7.83,1.40,4.00,3.00,23.50,1300,0,0%,02/04/2025,6194,24.29,1,Corral 3 y 4
24/06/2025,2,1400,0.00,0.00,0.00,0.00,10.00,0.30,7.83,1.40,4.00,3.00,23.50,1400,0,0%,02/04/2025,6197,19.91,1,Corral 1 y 2
24/06/2025,3,1035,0.00,0.00,0.00,0.00,10.00,0.30,7.83,1.40,4.00,3.00,23.50,1035,65,6%,02/04/2025,6226,26.55,1,Corral 1 y 2
24/06/2025,4,1630,0.00,0.00,0.00,0.00,10.00,0.30,7.83,1.40,4.00,3.00,23.50,1630,20,1%,02/04/2025,6258,33.52,2,Corral 1 y 2
24/06/2025,5,1000,0.00,0.00,0.00,0.00,10.00,0.30,7.83,1.40,4.00,3.00,23.50,1000,0,0%,02/04/2025,8703,11.51,1,Corral 1 y 2
24/06/2025,6,1315,0.00,0.00,0.00,0.00,10.00,0.30,7.83,1.40,4.00,3.00,23.50,1315,85,6%,02/04/2025,8705,16.4,1,Corral 1 y 2
25/06/2025,1,2650,0.00,0.00,0.00,0.00,10.00,0.30,7.83,1.40,4.00,3.00,23.50,2650,,0%,02/04/2025,8707,13.14,1,Corral 3 y 4
25/06/2025,2,,0.00,0.00,0.00,0.00,10.00,0.30,7.83,1.40,4.00,3.00,23.50,0,,#¡DIV/0!,02/04/2025,8708,19.35,2,Corral 1 y 2
25/06/2025,3,1050,0.00,0.00,0.00,0.00,10.00,0.30,7.83,1.40,4.00,3.00,23.50,1050,,0%,02/04/2025,8710,21.25,2,Corral 3 y 4
25/06/2025,4,1450,0.00,0.00,0.00,0.00,10.00,0.30,7.83,1.40,4.00,3.00,23.50,1450,,0%,02/04/2025,8712,10.64,1,Corral 5 y 6
25/06/2025,5,930,0.00,0.00,0.00,0.00,10.00,0.30,7.83,1.40,4.00,3.00,23.50,930,,0%,02/04/2025,8715,15.09,1,Corral 5 y 6
25/06/2025,6,2250,0.00,0.00,0.00,0.00,10.00,0.30,7.83,1.40,4.00,3.00,23.50,2250,,0%,02/04/2025,8732,17.29,2,Corral 1 y 2
26/06/2025,1,2635,0.00,0.00,0.00,0.00,10.00,0.30,7.83,1.40,4.00,3.00,23.50,2635,,1%,02/04/2025,8755,9.07,1,Corral 5 y 6
26/06/2025,2,,0.00,0.00,0.00,0.00,10.00,0.30,7.83,1.40,4.00,3.00,23.50,0,,#¡DIV/0!,02/04/2025,8761,11.67,1,Corral 1 y 2
26/06/2025,3,1230,0.00,0.00,0.00,0.00,10.00,0.30,7.83,1.40,4.00,3.00,23.50,1230,,2%,03/04/2025,1204,22.58,1,Corral 5 y 6
26/06/2025,4,1340,0.00,0.00,0.00,0.00,10.00,0.30,7.83,1.40,4.00,3.00,23.50,1340,,4%,03/04/2025,1213,7.72,1,Corral 1 y 2
26/06/2025,5,915,0.00,0.00,0.00,0.00,10.00,0.30,7.83,1.40,4.00,3.00,23.50,915,,9%,03/04/2025,1216,26.45,2,Corral 3 y 4
26/06/2025,6,2180,0.00,0.00,0.00,0.00,10.00,0.30,7.83,1.40,4.00,3.00,23.50,2180,,2%,03/04/2025,1225,18.82,1,Corral 5 y 6
27/06/2025,1,2545,0.00,0.00,0.00,0.00,10.00,0.30,7.83,1.40,4.00,3.00,23.50,2545,,2%,03/04/2025,1228,28.24,2,Corral 3 y 4
27/06/2025,2,,0.00,0.00,0.00,0.00,10.00,0.30,7.83,1.40,4.00,3.00,23.50,0,,#¡DIV/0!,03/04/2025,1235,23.16,2,Corral 3 y 4
27/06/2025,3,1170,0.00,0.00,0.00,0.00,10.00,0.30,7.83,1.40,4.00,3.00,23.50,1170,,3%,03/04/2025,1236,8.25,1,Corral 3 y 4
27/06/2025,4,1355,0.00,0.00,0.00,0.00,10.00,0.30,7.83,1.40,4.00,3.00,23.50,1355,,3%,03/04/2025,1242,18.18,1,Corral 3 y 4
27/06/2025,5,970,0.00,0.00,0.00,0.00,10.00,0.30,7.83,1.40,4.00,3.00,23.50,970,,3%,03/04/2025,1243,19.72,1,Corral 3 y 4
27/06/2025,6,2130,0.00,0.00,0.00,0.00,10.00,0.30,7.83,1.40,4.00,3.00,23.50,2130,,3%,03/04/2025,1555,31.6,2,Corral 1 y 2
28/06/2025,1,2570,0.00,0.00,0.00,0.00,10.00,0.30,7.83,1.40,4.00,3.00,23.50,2570,,1%,03/04/2025,1560,14.63,1,Corral 1 y 2
28/06/2025,2,,0.00,0.00,0.00,0.00,10.00,0.30,7.83,1.40,4.00,3.00,23.50,0,,#¡DIV/0!,03/04/2025,1567,18.21,1,Corral 3 y 4
28/06/2025,3,1185,0.00,0.00,0.00,0.00,10.00,0.30,7.83,1.40,4.00,3.00,23.50,1185,,1%,03/04/2025,1577,16.4,1,Corral 3 y 4
28/06/2025,4,1365,0.00,0.00,0.00,0.00,10.00,0.30,7.83,1.40,4.00,3.00,23.50,1365,,3%,03/04/2025,1590,45.54,2,Corral 3 y 4
28/06/2025,5,980,0.00,0.00,0.00,0.00,10.00,0.30,7.83,1.40,4.00,3.00,23.50,980,,2%,03/04/2025,1638,19.84,1,Corral 1 y 2
28/06/2025,6,2075,0.00,0.00,0.00,0.00,10.00,0.30,7.83,1.40,4.00,3.00,23.50,2075,,6%,03/04/2025,1644,26.07,2,Corral 1 y 2
29/06/2025,1,2565,0.00,0.00,0.00,0.00,10.00,0.30,7.83,1.40,4.00,3.00,23.50,2565,,1%,03/04/2025,2070,31.73,2,Corral 3 y 4
29/06/2025,2,,0.00,0.00,0.00,0.00,10.00,0.30,7.83,1.40,4.00,3.00,23.50,0,,#¡DIV/0!,03/04/2025,2074,14.47,1,Corral 3 y 4
29/06/2025,3,1180,0.00,0.00,0.00,0.00,10.00,0.30,7.83,1.40,4.00,3.00,23.50,1180,,2%,03/04/2025,2076,36.45,2,Corral 1 y 2
29/06/2025,4,1335,0.00,0.00,0.00,0.00,10.00,0.30,7.83,1.40,4.00,3.00,23.50,1335,,5%,03/04/2025,2082,19.07,1,Corral 3 y 4
29/06/2025,5,950,0.00,0.00,0.00,0.00,10.00,0.30,7.83,1.40,4.00,3.00,23.50,950,,5%,03/04/2025,2087,16.43,1,Corral 5 y 6
29/06/2025,6,2040,0.00,0.00,0.00,0.00,10.00,0.30,7.83,1.40,4.00,3.00,23.50,2040,,7%,03/04/2025,2108,28.33,1,Corral 5 y 6
30/06/2025,1,2650,0.00,0.00,0.00,0.00,10.00,0.30,7.83,1.40,4.00,3.00,23.50,2650,,0%,03/04/2025,2110,34.25,2,Corral 3 y 4
30/06/2025,2,,0.00,0.00,0.00,0.00,10.00,0.30,7.83,1.40,4.00,3.00,23.50,0,,#¡DIV/0!,03/04/2025,2119,27.12,1,Corral 3 y 4
30/06/2025,3,1300,0.00,0.00,0.00,0.00,10.00,0.30,7.83,1.40,4.00,3.00,23.50,1300,,0%,03/04/2025,2122,30.96,2,Corral 3 y 4
30/06/2025,4,1400,0.00,0.00,0.00,0.00,10.00,0.30,7.83,1.40,4.00,3.00,23.50,1400,,0%,03/04/2025,2150,23.71,1,Corral 5 y 6
30/06/2025,5,900,0.00,0.00,0.00,0.00,10.00,0.30,7.83,1.40,4.00,3.00,23.50,900,,0%,03/04/2025,2165,24.14,1,Corral 5 y 6
30/06/2025,6,900,0.00,0.00,0.00,0.00,10.00,0.30,7.83,1.40,4.00,3.00,23.50,900,,0%,03/04/2025,5767,18.29,1,Corral 1 y 2
01/07/2025,1,2565,0.00,0.00,0.00,0.00,10.00,0.30,7.83,1.40,4.00,3.00,23.50,2565,35,1%,03/04/2025,6012,15.52,1,Corral 1 y 2
01/07/2025,2,,0.00,0.00,0.00,0.00,10.00,0.30,7.83,1.40,4.00,3.00,23.50,0,0,,03/04/2025,6050,10.26,1,Corral 3 y 4
01/07/2025,3,990,0.00,0.00,0.00,0.00,10.00,0.30,7.83,1.40,4.00,3.00,23.50,990,10,1%,03/04/2025,6054,9.02,1,Corral 3 y 4
01/07/2025,4,1500,0.00,0.00,0.00,0.00,10.00,0.30,7.83,1.40,4.00,3.00,23.50,1500,100,6%,03/04/2025,6062,35.26,2,Corral 3 y 4
01/07/2025,5,910,0.00,0.00,0.00,0.00,10.00,0.30,7.83,1.40,4.00,3.00,23.50,910,90,9%,03/04/2025,6092,27.4,2,Corral 1 y 2
01/07/2025,6,1680,0.00,0.00,0.00,0.00,10.00,0.30,7.83,1.40,4.00,3.00,23.50,1680,120,7%,03/04/2025,6124,13.27,1,Corral 5 y 6
02/07/2025,1,2600,0.00,0.00,0.00,0.00,10.00,0.30,7.83,1.40,4.00,3.00,23.50,2600,0,0%,03/04/2025,6131,15.34,1,Corral 1 y 2
02/07/2025,2,,0.00,0.00,0.00,0.00,10.00,0.30,7.83,1.40,4.00,3.00,23.50,0,0,,03/04/2025,6134,29.17,1,Corral 5 y 6
02/07/2025,3,1000,0.00,0.00,0.00,0.00,10.00,0.30,7.83,1.40,4.00,3.00,23.50,1000,0,0%,03/04/2025,6137,37.62,2,Corral 3 y 4
02/07/2025,4,1570,0.00,0.00,0.00,0.00,10.00,0.30,7.83,1.40,4.00,3.00,23.50,1570,30,2%,03/04/2025,6161,15.54,1,Corral 3 y 4
02/07/2025,5,985,0.00,0.00,0.00,0.00,10.00,0.30,7.83,1.40,4.00,3.00,23.50,985,15,2%,03/04/2025,6164,38.82,3,Corral 3 y 4
02/07/2025,6,1750,0.00,0.00,0.00,0.00,10.00,0.30,7.83,1.40,4.00,3.00,23.50,1750,50,3%,03/04/2025,6178,28.53,2,Corral 3 y 4
03/07/2025,1,2550,0.00,0.00,0.00,0.00,10.00,0.30,7.83,1.40,4.00,3.00,23.50,2550,0,0%,03/04/2025,6193,27.35,1,Corral 5 y 6
03/07/2025,2,,0.00,0.00,0.00,0.00,10.00,0.30,7.83,1.40,4.00,3.00,23.50,0,0,#¡DIV/0!,03/04/2025,6194,18.68,1,Corral 1 y 2
03/07/2025,3,990,0.00,0.00,0.00,0.00,10.00,0.30,7.83,1.40,4.00,3.00,23.50,990,10,1%,03/04/2025,6197,34.1,2,Corral 1 y 2
03/07/2025,4,1620,0.00,0.00,0.00,0.00,10.00,0.30,7.83,1.40,4.00,3.00,23.50,1620,80,5%,03/04/2025,6226,33.81,2,Corral 1 y 2
03/07/2025,5,980,0.00,0.00,0.00,0.00,10.00,0.30,7.83,1.40,4.00,3.00,23.50,980,20,2%,03/04/2025,6258,33.37,2,Corral 1 y 2
03/07/2025,6,1700,0.00,0.00,0.00,0.00,10.00,0.30,7.83,1.40,4.00,3.00,23.50,1700,100,6%,03/04/2025,8703,16.58,1,Corral 1 y 2
04/07/2025,1,2500,0.00,0.00,0.00,0.00,10.00,0.30,7.83,1.40,4.00,3.00,23.50,2500,0,0%,03/04/2025,8705,17.37,2,Corral 1 y 2
04/07/2025,2,,0.00,0.00,0.00,0.00,10.00,0.30,7.83,1.40,4.00,3.00,23.50,0,0,#¡DIV/0!,03/04/2025,8707,28.6,2,Corral 3 y 4
04/07/2025,3,1000,0.00,0.00,0.00,0.00,10.00,0.30,7.83,1.40,4.00,3.00,23.50,1000,0,0%,03/04/2025,8708,29.55,2,Corral 5 y 6
04/07/2025,4,1700,0.00,0.00,0.00,0.00,10.00,0.30,7.83,1.40,4.00,3.00,23.50,1700,0,0%,03/04/2025,8710,19.07,1,Corral 3 y 4
04/07/2025,5,1000,0.00,0.00,0.00,0.00,10.00,0.30,7.83,1.40,4.00,3.00,23.50,1000,0,0%,03/04/2025,8711,29.41,2,Corral 1 y 2
04/07/2025,6,1800,0.00,0.00,0.00,0.00,10.00,0.30,7.83,1.40,4.00,3.00,23.50,1800,0,0%,03/04/2025,8712,21.38,2,Corral 1 y 2
05/07/2025,1,2850,0.00,0.00,0.00,0.00,10.00,0.30,7.83,1.40,4.00,3.00,23.50,2850,0,0%,03/04/2025,8714,26.12,2,Corral 1 y 2
05/07/2025,2,,0.00,0.00,0.00,0.00,10.00,0.30,7.83,1.40,4.00,3.00,23.50,0,0,#¡DIV/0!,03/04/2025,8715,20.68,1,Corral 5 y 6
05/07/2025,3,1200,0.00,0.00,0.00,0.00,10.00,0.30,7.83,1.40,4.00,3.00,23.50,1200,0,0%,03/04/2025,8732,16.07,2,Corral 1 y 2
05/07/2025,4,1800,0.00,0.00,0.00,0.00,10.00,0.30,7.83,1.40,4.00,3.00,23.50,1800,0,0%,03/04/2025,8755,15.89,2,Corral 3 y 4
05/07/2025,5,1165,0.00,0.00,0.00,0.00,10.00,0.30,7.83,1.40,4.00,3.00,23.50,1165,35,3%,03/04/2025,8761,15.78,1,Corral 1 y 2
05/07/2025,6,1700,0.00,0.00,0.00,0.00,10.00,0.30,7.83,1.40,4.00,3.00,23.50,1700,100,6%,04/04/2025,1213,7.57,1,Corral 1 y 2
06/07/2025,1,2700,0.00,0.00,0.00,0.00,10.00,0.30,7.83,1.40,4.00,3.00,23.50,2700,300,10%,04/04/2025,1216,12.78,1,Corral 3 y 4
06/07/2025,2,,0.00,0.00,0.00,0.00,10.00,0.30,7.83,1.40,4.00,3.00,23.50,0,0,#¡DIV/0!,04/04/2025,1225,13.71,1,Corral 1 y 2
06/07/2025,3,1075,0.00,0.00,0.00,0.00,10.00,0.30,7.83,1.40,4.00,3.00,23.50,1075,25,2%,04/04/2025,1228,28.08,2,Corral 3 y 4
06/07/2025,4,1720,0.00,0.00,0.00,0.00,10.00,0.30,7.83,1.40,4.00,3.00,23.50,1720,80,4%,04/04/2025,1235,12.47,1,Corral 3 y 4
06/07/2025,5,1090,0.00,0.00,0.00,0.00,10.00,0.30,7.83,1.40,4.00,3.00,23.50,1090,10,1%,04/04/2025,1236,12.91,1,Corral 3 y 4
06/07/2025,6,1650,0.00,0.00,0.00,0.00,10.00,0.30,7.83,1.40,4.00,3.00,23.50,1650,150,8%,04/04/2025,1242,14,1,Corral 3 y 4
07/07/2025,1,2650,0.00,0.00,0.00,0.00,10.00,0.30,7.83,1.40,4.00,3.00,23.50,2650,150,5%,04/04/2025,1243,15.26,1,Corral 3 y 4
07/07/2025,2,,0.00,0.00,0.00,0.00,10.00,0.30,7.83,1.40,4.00,3.00,23.50,0,0,#¡DIV/0!,04/04/2025,1555,29.66,3,Corral 1 y 2
07/07/2025,3,1120,0.00,0.00,0.00,0.00,10.00,0.30,7.83,1.40,4.00,3.00,23.50,1120,80,7%,04/04/2025,1560,15.76,1,Corral 1 y 2
07/07/2025,4,1680,0.00,0.00,0.00,0.00,10.00,0.30,7.83,1.40,4.00,3.00,23.50,1680,120,7%,04/04/2025,1567,26.57,2,Corral 3 y 4
07/07/2025,5,950,0.00,0.00,0.00,0.00,10.00,0.30,7.83,1.40,4.00,3.00,23.50,950,50,5%,04/04/2025,1577,20.33,1,Corral 3 y 4
07/07/2025,6,1100,0.00,0.00,0.00,0.00,10.00,0.30,7.83,1.40,4.00,3.00,23.50,1100,200,15%,04/04/2025,1590,18.55,1,Corral 1 y 2
08/07/2025,1,2115,0.00,0.00,0.00,0.00,10.00,0.30,7.83,1.40,4.00,3.00,23.50,2115,35,2%,04/04/2025,1638,28.81,2,Corral 1 y 2
08/07/2025,2,,0.00,0.00,0.00,0.00,10.00,0.30,7.83,1.40,4.00,3.00,23.50,0,0,#¡DIV/0!,04/04/2025,1644,14.7,1,Corral 1 y 2
08/07/2025,3,1070,0.00,0.00,0.00,0.00,10.00,0.30,7.83,1.40,4.00,3.00,23.50,1070,30,3%,04/04/2025,2070,13.3,1,Corral 3 y 4
08/07/2025,4,1535,0.00,0.00,0.00,0.00,10.00,0.30,7.83,1.40,4.00,3.00,23.50,1535,65,4%,04/04/2025,2074,8.78,1,Corral 3 y 4
08/07/2025,5,980,0.00,0.00,0.00,0.00,10.00,0.30,7.83,1.40,4.00,3.00,23.50,980,20,2%,04/04/2025,2076,13.17,1,Corral 1 y 2
08/07/2025,6,1605,0.00,0.00,0.00,0.00,10.00,0.30,7.83,1.40,4.00,3.00,23.50,1605,45,3%,04/04/2025,2082,19.22,1,Corral 3 y 4
09/07/2025,1,2385,0.00,0.00,0.00,0.00,10.00,0.30,7.83,1.40,4.00,3.00,23.50,2385,115,5%,04/04/2025,2087,25.62,1,Corral 3 y 4
09/07/2025,2,,0.00,0.00,0.00,0.00,10.00,0.30,7.83,1.40,4.00,3.00,23.50,0,0,#¡DIV/0!,04/04/2025,2108,29.59,1,Corral 5 y 6
09/07/2025,3,1070,0.00,0.00,0.00,0.00,10.00,0.30,7.83,1.40,4.00,3.00,23.50,1070,30,3%,04/04/2025,2110,17.09,1,Corral 1 y 2
09/07/2025,4,1375,0.00,0.00,0.00,0.00,10.00,0.30,7.83,1.40,4.00,3.00,23.50,1375,75,5%,04/04/2025,2119,17.72,1,Corral 3 y 4
09/07/2025,5,950,0.00,0.00,0.00,0.00,10.00,0.30,7.83,1.40,4.00,3.00,23.50,950,50,5%,04/04/2025,2122,23.39,1,Corral 3 y 4
09/07/2025,6,1680,0.00,0.00,0.00,0.00,10.00,0.30,7.83,1.40,4.00,3.00,23.50,1680,120,7%,04/04/2025,2150,25.61,1,Corral 5 y 6
10/07/2025,1,2255,0.00,0.00,0.00,0.00,10.00,0.30,7.83,1.40,4.00,3.00,23.50,2255,145,6%,04/04/2025,2165,25.98,1,Corral 5 y 6
10/07/2025,2,,0.00,0.00,0.00,0.00,10.00,0.30,7.83,1.40,4.00,3.00,23.50,0,0,#¡DIV/0!,04/04/2025,5767,16.86,1,Corral 1 y 2
10/07/2025,3,955,0.00,0.00,0.00,0.00,10.00,0.30,7.83,1.40,4.00,3.00,23.50,955,45,5%,04/04/2025,6012,14.34,1,Corral 1 y 2
10/07/2025,4,1350,0.00,0.00,0.00,0.00,10.00,0.30,7.83,1.40,4.00,3.00,23.50,1350,90,6%,04/04/2025,6050,34.95,1,Corral 5 y 6
10/07/2025,5,785,0.00,0.00,0.00,0.00,10.00,0.30,7.83,1.40,4.00,3.00,23.50,785,75,9%,04/04/2025,6054,47.32,2,Corral 3 y 4
10/07/2025,6,1555,0.00,0.00,0.00,0.00,10.00,0.30,7.83,1.40,4.00,3.00,23.50,1555,125,7%,04/04/2025,6062,18.73,1,Corral 5 y 6
11/07/2025,1,2140,0.00,0.00,0.00,0.00,10.00,0.30,7.83,1.40,4.00,3.00,23.50,2140,60,3%,04/04/2025,6070,29.85,1,Corral 5 y 6
11/07/2025,2,,0.00,0.00,0.00,0.00,10.00,0.30,7.83,1.40,4.00,3.00,23.50,0,0,#¡DIV/0!,04/04/2025,6092,22.3,2,Corral 1 y 2
11/07/2025,3,905,0.00,0.00,0.00,0.00,10.00,0.30,7.83,1.40,4.00,3.00,23.50,905,95,10%,04/04/2025,6124,26.31,2,Corral 5 y 6
11/07/2025,4,1165,0.00,0.00,0.00,0.00,10.00,0.30,7.83,1.40,4.00,3.00,23.50,1165,235,17%,04/04/2025,6131,9.95,1,Corral 1 y 2
11/07/2025,5,890,0.00,0.00,0.00,0.00,10.00,0.30,7.83,1.40,4.00,3.00,23.50,890,110,11%,04/04/2025,6134,31.55,1,Corral 5 y 6
11/07/2025,6,1375,0.00,0.00,0.00,0.00,10.00,0.30,7.83,1.40,4.00,3.00,23.50,1375,225,14%,04/04/2025,6137,11.83,1,Corral 3 y 4
12/07/2025,1,2015,0.00,0.00,0.00,0.00,10.00,0.30,7.83,1.40,4.00,3.00,23.50,2015,85,4%,04/04/2025,6161,16.13,1,Corral 3 y 4
12/07/2025,2,,0.00,0.00,0.00,0.00,10.00,0.30,7.83,1.40,4.00,3.00,23.50,0,0,#¡DIV/0!,04/04/2025,6164,17.71,1,Corral 3 y 4
12/07/2025,3,940,0.00,0.00,0.00,0.00,10.00,0.30,7.83,1.40,4.00,3.00,23.50,940,60,6%,04/04/2025,6178,13.27,1,Corral 3 y 4
12/07/2025,4,1130,0.00,0.00,0.00,0.00,10.00,0.30,7.83,1.40,4.00,3.00,23.50,1130,170,13%,04/04/2025,6193,24.3,1,Corral 5 y 6
12/07/2025,5,845,0.00,0.00,0.00,0.00,10.00,0.30,7.83,1.40,4.00,3.00,23.50,845,105,11%,04/04/2025,6197,16.46,1,Corral 1 y 2
12/07/2025,6,1355,0.00,0.00,0.00,0.00,10.00,0.30,7.83,1.40,4.00,3.00,23.50,1355,145,10%,04/04/2025,6226,18.77,1,Corral 1 y 2
13/07/2025,1,1975,0.00,0.00,0.00,0.00,10.00,0.30,7.83,1.40,4.00,3.00,23.50,1975,25,1%,04/04/2025,6258,16.35,1,Corral 1 y 2
13/07/2025,2,,0.00,0.00,0.00,0.00,10.00,0.30,7.83,1.40,4.00,3.00,23.50,0,0,#¡DIV/0!,04/04/2025,8703,12.61,1,Corral 1 y 2
13/07/2025,3,740,0.00,0.00,0.00,0.00,10.00,0.30,7.83,1.40,4.00,3.00,23.50,740,160,18%,04/04/2025,8707,20.86,1,Corral 3 y 4
13/07/2025,4,1055,0.00,0.00,0.00,0.00,10.00,0.30,7.83,1.40,4.00,3.00,23.50,1055,245,19%,04/04/2025,8708,12.57,1,Corral 5 y 6
13/07/2025,5,805,0.00,0.00,0.00,0.00,10.00,0.30,7.83,1.40,4.00,3.00,23.50,805,95,11%,04/04/2025,8710,21.46,1,Corral 3 y 4
13/07/2025,6,1060,0.00,0.00,0.00,0.00,10.00,0.30,7.83,1.40,4.00,3.00,23.50,1060,340,24%,04/04/2025,8711,10.06,1,Corral 1 y 2
14/07/2025,1,2300,0.00,0.00,0.00,0.00,10.00,0.30,7.83,1.40,4.00,3.00,23.50,2300,,0%,04/04/2025,8712,10.58,1,Corral 1 y 2
14/07/2025,2,,0.00,0.00,0.00,0.00,10.00,0.30,7.83,1.40,4.00,3.00,23.50,0,,#¡DIV/0!,04/04/2025,8714,13.05,2,Corral 1 y 2
14/07/2025,3,950,0.00,0.00,0.00,0.00,10.00,0.30,7.83,1.40,4.00,3.00,23.50,950,,0%,04/04/2025,8715,28.84,2,Corral 3 y 4
14/07/2025,4,1350,0.00,0.00,0.00,0.00,10.00,0.30,7.83,1.40,4.00,3.00,23.50,1350,,0%,04/04/2025,8732,4.74,2,Corral 1 y 2
14/07/2025,5,950,0.00,0.00,0.00,0.00,10.00,0.30,7.83,1.40,4.00,3.00,23.50,950,,0%,04/04/2025,8761,40.88,2,Corral 3 y 4
14/07/2025,6,1600,0.00,0.00,0.00,0.00,10.00,0.30,7.83,1.40,4.00,3.00,23.50,1600,,0%,05/04/2025,1204,14.07,1,Corral 5 y 6
15/07/2025,1,2215,0.00,0.00,0.00,0.00,10.00,0.30,7.83,1.40,4.00,3.00,23.50,2215,85,4%,05/04/2025,1213,13.64,1,Corral 1 y 2
15/07/2025,2,,0.00,0.00,0.00,0.00,10.00,0.30,7.83,1.40,4.00,3.00,23.50,0,0,#¡DIV/0!,05/04/2025,1216,19.47,1,Corral 3 y 4
15/07/2025,3,950,0.00,0.00,0.00,0.00,10.00,0.30,7.83,1.40,4.00,3.00,23.50,950,0,0%,05/04/2025,1225,21.78,1,Corral 1 y 2
15/07/2025,4,1225,0.00,0.00,0.00,0.00,10.00,0.30,7.83,1.40,4.00,3.00,23.50,1225,125,9%,05/04/2025,1228,15.23,1,Corral 3 y 4
15/07/2025,5,820,0.00,0.00,0.00,0.00,10.00,0.30,7.83,1.40,4.00,3.00,23.50,820,130,14%,05/04/2025,1236,9.71,1,Corral 3 y 4
15/07/2025,6,1425,0.00,0.00,0.00,0.00,10.00,0.30,7.83,1.40,4.00,3.00,23.50,1425,175,11%,05/04/2025,1242,23.02,1,Corral 3 y 4
16/07/2025,1,2165,0.00,0.00,0.00,0.00,10.00,0.30,7.83,1.40,4.00,3.00,23.50,2165,35,2%,05/04/2025,1243,11.15,1,Corral 3 y 4
16/07/2025,2,,0.00,0.00,0.00,0.00,10.00,0.30,7.83,1.40,4.00,3.00,23.50,0,0,#¡DIV/0!,05/04/2025,1555,20.36,1,Corral 1 y 2
16/07/2025,3,980,0.00,0.00,0.00,0.00,10.00,0.30,7.83,1.40,4.00,3.00,23.50,980,20,2%,05/04/2025,1560,28.45,1,Corral 1 y 2
16/07/2025,4,1360,0.00,0.00,0.00,0.00,10.00,0.30,7.83,1.40,4.00,3.00,23.50,1360,40,3%,05/04/2025,1567,23.1,1,Corral 3 y 4
16/07/2025,5,845,0.00,0.00,0.00,0.00,10.00,0.30,7.83,1.40,4.00,3.00,23.50,845,55,6%,05/04/2025,1577,31.48,2,Corral 3 y 4
16/07/2025,6,1425,0.00,0.00,0.00,0.00,10.00,0.30,7.83,1.40,4.00,3.00,23.50,1425,75,5%,05/04/2025,1590,27.96,1,Corral 1 y 2
17/07/2025,1,2225,0.00,0.00,0.00,0.00,10.00,0.30,7.83,1.40,4.00,3.00,23.50,2225,25,1%,05/04/2025,2070,20.44,1,Corral 3 y 4
17/07/2025,2,,0.00,0.00,0.00,0.00,10.00,0.30,7.83,1.40,4.00,3.00,23.50,0,0,#¡DIV/0!,05/04/2025,2074,18.94,1,Corral 3 y 4
17/07/2025,3,1000,0.00,0.00,0.00,0.00,10.00,0.30,7.83,1.40,4.00,3.00,23.50,1000,0,0%,05/04/2025,2082,18.71,1,Corral 3 y 4
17/07/2025,4,1330,0.00,0.00,0.00,0.00,10.00,0.30,7.83,1.40,4.00,3.00,23.50,1330,90,6%,05/04/2025,2087,29.62,1,Corral 3 y 4
17/07/2025,5,845,0.00,0.00,0.00,0.00,10.00,0.30,7.83,1.40,4.00,3.00,23.50,845,35,4%,05/04/2025,2108,24.72,1,Corral 5 y 6
17/07/2025,6,1570,0.00,0.00,0.00,0.00,10.00,0.30,7.83,1.40,4.00,3.00,23.50,1570,40,2%,05/04/2025,2119,17.43,1,Corral 3 y 4
18/07/2025,1,2265,0.00,0.00,0.00,0.00,10.00,0.30,7.83,1.40,4.00,3.00,23.50,2265,35,2%,05/04/2025,2122,21.46,1,Corral 3 y 4
18/07/2025,2,,0.00,0.00,0.00,0.00,10.00,0.30,7.83,1.40,4.00,3.00,23.50,0,0,#¡DIV/0!,05/04/2025,2150,30.9,2,Corral 5 y 6
18/07/2025,3,970,0.00,0.00,0.00,0.00,10.00,0.30,7.83,1.40,4.00,3.00,23.50,970,30,3%,05/04/2025,2165,18.27,1,Corral 5 y 6
18/07/2025,4,1385,0.00,0.00,0.00,0.00,10.00,0.30,7.83,1.40,4.00,3.00,23.50,1385,55,4%,05/04/2025,5767,41.89,2,Corral 3 y 4
18/07/2025,5,820,0.00,0.00,0.00,0.00,10.00,0.30,7.83,1.40,4.00,3.00,23.50,820,40,5%,05/04/2025,6050,12.18,1,Corral 5 y 6
18/07/2025,6,1630,0.00,0.00,0.00,0.00,10.00,0.30,7.83,1.40,4.00,3.00,23.50,1630,90,5%,05/04/2025,6054,38.42,2,Corral 3 y 4
19/07/2025,1,2260,0.00,0.00,0.00,0.00,10.00,0.30,7.83,1.40,4.00,3.00,23.50,2260,40,2%,05/04/2025,6062,18.81,1,Corral 5 y 6
19/07/2025,2,,0.00,0.00,0.00,0.00,10.00,0.30,7.83,1.40,4.00,3.00,23.50,0,0,#¡DIV/0!,05/04/2025,6070,25.47,2,Corral 5 y 6
19/07/2025,3,985,0.00,0.00,0.00,0.00,10.00,0.30,7.83,1.40,4.00,3.00,23.50,985,15,2%,05/04/2025,6092,21.74,1,Corral 1 y 2
19/07/2025,4,1385,0.00,0.00,0.00,0.00,10.00,0.30,7.83,1.40,4.00,3.00,23.50,1385,35,2%,05/04/2025,6134,12.13,1,Corral 5 y 6
19/07/2025,5,840,0.00,0.00,0.00,0.00,10.00,0.30,7.83,1.40,4.00,3.00,23.50,840,20,2%,05/04/2025,6137,13.99,1,Corral 5 y 6
19/07/2025,6,1625,0.00,0.00,0.00,0.00,10.00,0.30,7.83,1.40,4.00,3.00,23.50,1625,75,4%,05/04/2025,6154,16.34,1,Corral 1 y 2
20/07/2025,1,2195,0.00,0.00,0.00,0.00,10.00,0.30,7.83,1.40,4.00,3.00,23.50,2195,105,5%,05/04/2025,6161,33.59,2,Corral 3 y 4
20/07/2025,2,,0.00,0.00,0.00,0.00,10.00,0.30,7.83,1.40,4.00,3.00,23.50,0,0,#¡DIV/0!,05/04/2025,6164,40.43,2,Corral 3 y 4
20/07/2025,3,975,0.00,0.00,0.00,0.00,10.00,0.30,7.83,1.40,4.00,3.00,23.50,975,25,3%,05/04/2025,6178,24.66,1,Corral 3 y 4
20/07/2025,4,1370,0.00,0.00,0.00,0.00,10.00,0.30,7.83,1.40,4.00,3.00,23.50,1370,70,5%,05/04/2025,6193,17.43,1,Corral 5 y 6
20/07/2025,5,830,0.00,0.00,0.00,0.00,10.00,0.30,7.83,1.40,4.00,3.00,23.50,830,30,3%,05/04/2025,6226,31.66,1,Corral 1 y 2
20/07/2025,6,1635,0.00,0.00,0.00,0.00,10.00,0.30,7.83,1.40,4.00,3.00,23.50,1635,65,4%,05/04/2025,6258,22.12,1,Corral 1 y 2
21/07/2025,1,2202,0.00,0.00,0.00,0.00,10.00,0.30,7.83,1.40,4.00,3.00,23.50,2202,98,4%,05/04/2025,8707,12,1,Corral 3 y 4
21/07/2025,2,,0.00,0.00,0.00,0.00,10.00,0.30,7.83,1.40,4.00,3.00,23.50,0,0,#¡DIV/0!,05/04/2025,8708,15,2,Corral 5 y 6
21/07/2025,3,980,0.00,0.00,0.00,0.00,10.00,0.30,7.83,1.40,4.00,3.00,23.50,980,20,2%,05/04/2025,8710,31.99,2,Corral 3 y 4
21/07/2025,4,1385,0.00,0.00,0.00,0.00,10.00,0.30,7.83,1.40,4.00,3.00,23.50,1385,55,4%,05/04/2025,8712,14.84,1,Corral 1 y 2
21/07/2025,5,835,0.00,0.00,0.00,0.00,10.00,0.30,7.83,1.40,4.00,3.00,23.50,835,25,3%,05/04/2025,8715,23.12,1,Corral 3 y 4
21/07/2025,6,1640,0.00,0.00,0.00,0.00,10.00,0.30,7.83,1.40,4.00,3.00,23.50,1640,60,4%,05/04/2025,8732,13.31,1,Corral 5 y 6
22/07/2025,1,-125,0.00,0.00,0.00,0.00,10.00,0.30,7.83,1.40,4.00,3.00,23.50,-125,125,#¡DIV/0!,05/04/2025,8755,7.97,1,Corral 5 y 6
22/07/2025,2,,0.00,0.00,0.00,0.00,10.00,0.30,7.83,1.40,4.00,3.00,23.50,0,0,#¡DIV/0!,05/04/2025,8761,25.69,1,Corral 3 y 4
22/07/2025,3,-40,0.00,0.00,0.00,0.00,10.00,0.30,7.83,1.40,4.00,3.00,23.50,-40,40,#¡DIV/0!,06/04/2025,1204,10.88,1,Corral 5 y 6
22/07/2025,4,-115,0.00,0.00,0.00,0.00,10.00,0.30,7.83,1.40,4.00,3.00,23.50,-115,115,#¡DIV/0!,06/04/2025,1213,13.94,1,Corral 1 y 2
22/07/2025,5,-95,0.00,0.00,0.00,0.00,10.00,0.30,7.83,1.40,4.00,3.00,23.50,-95,95,#¡DIV/0!,06/04/2025,1216,12.83,1,Corral 3 y 4
22/07/2025,6,-170,0.00,0.00,0.00,0.00,10.00,0.30,7.83,1.40,4.00,3.00,23.50,-170,170,#¡DIV/0!,06/04/2025,1225,9.23,1,Corral 1 y 2
23/07/2025,1,2005,0.00,0.00,0.00,0.00,10.00,0.30,7.83,1.40,4.00,3.00,23.50,2005,195,9%,06/04/2025,1228,22.42,2,Corral 3 y 4
23/07/2025,2,,0.00,0.00,0.00,0.00,10.00,0.30,7.83,1.40,4.00,3.00,23.50,0,0,#¡DIV/0!,06/04/2025,1235,30.2,2,Corral 1 y 2
23/07/2025,3,875,0.00,0.00,0.00,0.00,10.00,0.30,7.83,1.40,4.00,3.00,23.50,875,25,3%,06/04/2025,1236,16.17,2,Corral 3 y 4
23/07/2025,4,1115,0.00,0.00,0.00,0.00,10.00,0.30,7.83,1.40,4.00,3.00,23.50,1115,285,20%,06/04/2025,1242,16.04,1,Corral 3 y 4
23/07/2025,5,665,0.00,0.00,0.00,0.00,10.00,0.30,7.83,1.40,4.00,3.00,23.50,665,135,17%,06/04/2025,1243,28.38,2,Corral 3 y 4
23/07/2025,6,1165,0.00,0.00,0.00,0.00,10.00,0.30,7.83,1.40,4.00,3.00,23.50,1165,335,22%,06/04/2025,1555,29.93,2,Corral 1 y 2
24/07/2025,1,1965,0.00,0.00,0.00,0.00,10.00,0.30,7.83,1.40,4.00,3.00,23.50,1965,35,2%,06/04/2025,1560,32.57,2,Corral 1 y 2
24/07/2025,2,,0.00,0.00,0.00,0.00,10.00,0.30,7.83,1.40,4.00,3.00,23.50,0,0,#¡DIV/0!,06/04/2025,1567,20.88,2,Corral 3 y 4
24/07/2025,3,880,0.00,0.00,0.00,0.00,10.00,0.30,7.83,1.40,4.00,3.00,23.50,880,20,2%,06/04/2025,1577,26.12,2,Corral 3 y 4
24/07/2025,4,1315,0.00,0.00,0.00,0.00,10.00,0.30,7.83,1.40,4.00,3.00,23.50,1315,85,6%,06/04/2025,1590,25.86,2,Corral 1 y 2
24/07/2025,5,775,0.00,0.00,0.00,0.00,10.00,0.30,7.83,1.40,4.00,3.00,23.50,775,25,3%,06/04/2025,1638,12.55,1,Corral 1 y 2
24/07/2025,6,1290,0.00,0.00,0.00,0.00,10.00,0.30,7.83,1.40,4.00,3.00,23.50,1290,110,8%,06/04/2025,1644,2.85,1,Corral 1 y 2
25/07/2025,1,1970,0.00,0.00,0.00,0.00,10.00,0.30,7.83,1.40,4.00,3.00,23.50,1970,30,2%,06/04/2025,2070,24.16,2,Corral 3 y 4
25/07/2025,2,,0.00,0.00,0.00,0.00,10.00,0.30,7.83,1.40,4.00,3.00,23.50,0,0,#¡DIV/0!,06/04/2025,2074,18.92,2,Corral 3 y 4
25/07/2025,3,885,0.00,0.00,0.00,0.00,10.00,0.30,7.83,1.40,4.00,3.00,23.50,885,15,2%,06/04/2025,2076,7.98,1,Corral 1 y 2
25/07/2025,4,1325,0.00,0.00,0.00,0.00,10.00,0.30,7.83,1.40,4.00,3.00,23.50,1325,75,5%,06/04/2025,2082,25.65,2,Corral 3 y 4
25/07/2025,5,760,0.00,0.00,0.00,0.00,10.00,0.30,7.83,1.40,4.00,3.00,23.50,760,40,5%,06/04/2025,2087,17.87,1,Corral 3 y 4
25/07/2025,6,1290,0.00,0.00,0.00,0.00,10.00,0.30,7.83,1.40,4.00,3.00,23.50,1290,110,8%,06/04/2025,2108,14.47,1,Corral 5 y 6
26/07/2025,1,1935,0.00,0.00,0.00,0.00,10.00,0.30,7.83,1.40,4.00,3.00,23.50,1935,65,3%,06/04/2025,2110,13.36,1,Corral 1 y 2
26/07/2025,2,,0.00,0.00,0.00,0.00,10.00,0.30,7.83,1.40,4.00,3.00,23.50,0,0,#¡DIV/0!,06/04/2025,2119,18.71,1,Corral 3 y 4
26/07/2025,3,875,0.00,0.00,0.00,0.00,10.00,0.30,7.83,1.40,4.00,3.00,23.50,875,25,3%,06/04/2025,2122,16.88,1,Corral 3 y 4
26/07/2025,4,1350,0.00,0.00,0.00,0.00,10.00,0.30,7.83,1.40,4.00,3.00,23.50,1350,50,4%,06/04/2025,5767,19.42,1,Corral 3 y 4
26/07/2025,5,765,0.00,0.00,0.00,0.00,10.00,0.30,7.83,1.40,4.00,3.00,23.50,765,35,4%,06/04/2025,6012,12.63,1,Corral 1 y 2
26/07/2025,6,1310,0.00,0.00,0.00,0.00,10.00,0.30,7.83,1.40,4.00,3.00,23.50,1310,90,6%,06/04/2025,6054,15.93,1,Corral 3 y 4
27/07/2025,1,1965,0.00,0.00,0.00,0.00,10.00,0.30,7.83,1.40,4.00,3.00,23.50,1965,35,2%,06/04/2025,6062,12.34,1,Corral 5 y 6
27/07/2025,2,,0.00,0.00,0.00,0.00,10.00,0.30,7.83,1.40,4.00,3.00,23.50,0,0,#¡DIV/0!,06/04/2025,6070,12.93,1,Corral 5 y 6
27/07/2025,3,880,0.00,0.00,0.00,0.00,10.00,0.30,7.83,1.40,4.00,3.00,23.50,880,20,2%,06/04/2025,6092,17.25,1,Corral 1 y 2
27/07/2025,4,1335,0.00,0.00,0.00,0.00,10.00,0.30,7.83,1.40,4.00,3.00,23.50,1335,65,5%,06/04/2025,6131,14.21,1,Corral 1 y 2
27/07/2025,5,670,0.00,0.00,0.00,0.00,10.00,0.30,7.83,1.40,4.00,3.00,23.50,670,130,16%,06/04/2025,6134,13.2,1,Corral 5 y 6
27/07/2025,6,1285,0.00,0.00,0.00,0.00,10.00,0.30,7.83,1.40,4.00,3.00,23.50,1285,115,8%,06/04/2025,6137,27.79,2,Corral 5 y 6
28/07/2025,1,2090,0.00,0.00,0.00,0.00,10.00,0.30,7.83,1.40,4.00,3.00,23.50,2090,10,0%,06/04/2025,6154,22.58,2,Corral 1 y 2
28/07/2025,2,1000,0.00,0.00,0.00,0.00,10.00,0.30,7.83,1.40,4.00,3.00,23.50,1000,0,0%,06/04/2025,6161,21.65,2,Corral 3 y 4
28/07/2025,3,900,0.00,0.00,0.00,0.00,10.00,0.30,7.83,1.40,4.00,3.00,23.50,900,0,0%,06/04/2025,6164,22.65,2,Corral 3 y 4
28/07/2025,4,1380,0.00,0.00,0.00,0.00,10.00,0.30,7.83,1.40,4.00,3.00,23.50,1380,20,1%,06/04/2025,6178,10.46,1,Corral 3 y 4
28/07/2025,5,700,0.00,0.00,0.00,0.00,10.00,0.30,7.83,1.40,4.00,3.00,23.50,700,100,13%,06/04/2025,6193,16.32,1,Corral 5 y 6
28/07/2025,6,1365,0.00,0.00,0.00,0.00,10.00,0.30,7.83,1.40,4.00,3.00,23.50,1365,35,3%,06/04/2025,6194,10.3,1,Corral 5 y 6
29/07/2025,1,2125,0.00,0.00,0.00,0.00,10.00,0.30,7.83,1.40,4.00,3.00,23.50,2125,75,3%,06/04/2025,6197,30.52,2,Corral 1 y 2
29/07/2025,2,,0.00,0.00,0.00,0.00,10.00,0.30,7.83,1.40,4.00,3.00,23.50,0,0,#¡DIV/0!,06/04/2025,6226,31.21,2,Corral 1 y 2
29/07/2025,3,850,0.00,0.00,0.00,0.00,10.00,0.30,7.83,1.40,4.00,3.00,23.50,850,50,6%,06/04/2025,6258,12.56,1,Corral 1 y 2
29/07/2025,4,1460,0.00,0.00,0.00,0.00,10.00,0.30,7.83,1.40,4.00,3.00,23.50,1460,40,3%,06/04/2025,8703,14.22,1,Corral 1 y 2
29/07/2025,5,775,0.00,0.00,0.00,0.00,10.00,0.30,7.83,1.40,4.00,3.00,23.50,775,25,3%,06/04/2025,8705,13.75,1,Corral 5 y 6
29/07/2025,6,1500,0.00,0.00,0.00,0.00,10.00,0.30,7.83,1.40,4.00,3.00,23.50,1500,0,0%,06/04/2025,8707,16.4,1,Corral 3 y 4
30/07/2025,1,1945,0.00,0.00,0.00,0.00,10.00,0.30,7.83,1.40,4.00,3.00,23.50,1945,55,3%,06/04/2025,8708,10.96,1,Corral 5 y 6
30/07/2025,2,,0.00,0.00,0.00,0.00,10.00,0.30,7.83,1.40,4.00,3.00,23.50,0,0,#¡DIV/0!,06/04/2025,8710,12.08,1,Corral 3 y 4
30/07/2025,3,970,0.00,0.00,0.00,0.00,10.00,0.30,7.83,1.40,4.00,3.00,23.50,970,30,3%,06/04/2025,8711,13.6,1,Corral 1 y 2
30/07/2025,4,1335,0.00,0.00,0.00,0.00,10.00,0.30,7.83,1.40,4.00,3.00,23.50,1335,65,5%,06/04/2025,8712,13.53,1,Corral 1 y 2
30/07/2025,5,775,0.00,0.00,0.00,0.00,10.00,0.30,7.83,1.40,4.00,3.00,23.50,775,25,3%,06/04/2025,8714,18.32,1,Corral 1 y 2
30/07/2025,6,1320,0.00,0.00,0.00,0.00,10.00,0.30,7.83,1.40,4.00,3.00,23.50,1320,80,6%,06/04/2025,8715,13.62,1,Corral 3 y 4
31/07/2025,1,1930,0.00,0.00,0.00,0.00,10.00,0.30,7.83,1.40,4.00,3.00,23.50,1930,70,4%,06/04/2025,8732,8.05,1,Corral 5 y 6
31/07/2025,2,,0.00,0.00,0.00,0.00,10.00,0.30,7.83,1.40,4.00,3.00,23.50,0,0,#¡DIV/0!,06/04/2025,8739,6.6,1,Corral 1 y 2
31/07/2025,3,980,0.00,0.00,0.00,0.00,10.00,0.30,7.83,1.40,4.00,3.00,23.50,980,20,2%,06/04/2025,8755,10.93,1,Corral 5 y 6
31/07/2025,4,1350,0.00,0.00,0.00,0.00,10.00,0.30,7.83,1.40,4.00,3.00,23.50,1350,50,4%,06/04/2025,8761,29.59,2,Corral 3 y 4
31/07/2025,5,765,0.00,0.00,0.00,0.00,10.00,0.30,7.83,1.40,4.00,3.00,23.50,765,35,4%,09/04/2025,1510,8.41,1,Corral 5 y 6
31/07/2025,6,1365,0.00,0.00,0.00,0.00,10.00,0.30,7.83,1.40,4.00,3.00,23.50,1365,35,3%,01/05/2025,1204,21.02,1,Corral 1 y 2
01/08/2025,1,1930,0.50,2.00,2.00,8.77,0.00,0.30,6.85,1.40,3.00,2.00,24.80,1930,105,4%,01/05/2025,1216,11.43,1,Corral 1 y 2
01/08/2025,2,,0.50,2.00,2.00,8.77,0.00,0.30,6.85,1.40,3.00,2.00,24.80,0,0,#¡DIV/0!,01/05/2025,1225,7.92,1,Corral 1 y 2
01/08/2025,3,980,0.50,2.00,2.00,8.77,0.00,0.30,6.85,1.40,3.00,2.00,24.80,980,60,2%,01/05/2025,1228,22.08,2,Corral 3 y 4
01/08/2025,4,1350,0.50,2.00,2.00,8.77,0.00,0.30,6.85,1.40,3.00,2.00,24.80,1350,165,4%,01/05/2025,1235,9.91,1,Corral 3 y 4
01/08/2025,5,765,0.50,2.00,2.00,8.77,0.00,0.30,6.85,1.40,3.00,2.00,24.80,765,0,4%,01/05/2025,1236,18.8,2,Corral 5 y 6
01/08/2025,6,1365,0.50,2.00,2.00,8.77,0.00,0.30,6.85,1.40,3.00,2.00,24.80,1365,55,3%,01/05/2025,1242,14.46,1,Corral 3 y 4
02/08/2025,1,1380,0.50,2.00,2.00,8.77,0.00,0.30,6.85,1.40,3.00,2.00,24.80,1380,70,1%,01/05/2025,1243,14.49,1,Corral 5 y 6
02/08/2025,2,655,0.50,2.00,2.00,8.77,0.00,0.30,6.85,1.40,3.00,2.00,24.80,655,35,6%,01/05/2025,1555,28.4,2,Corral 1 y 2
02/08/2025,3,985,0.50,2.00,2.00,8.77,0.00,0.30,6.85,1.40,3.00,2.00,24.80,985,40,2%,01/05/2025,1560,44.62,2,Corral 1 y 2
02/08/2025,4,1370,0.50,2.00,2.00,8.77,0.00,0.30,6.85,1.40,3.00,2.00,24.80,1370,120,2%,01/05/2025,1567,38.71,2,Corral 3 y 4
02/08/2025,5,775,0.50,2.00,2.00,8.77,0.00,0.30,6.85,1.40,3.00,2.00,24.80,775,0,3%,01/05/2025,1577,18.92,1,Corral 3 y 4
02/08/2025,6,1400,0.50,2.00,2.00,8.77,0.00,0.30,6.85,1.40,3.00,2.00,24.80,1400,35,0%,01/05/2025,1617,23.53,1,Corral 5 y 6
03/08/2025,1,1270,0.50,2.00,2.00,8.77,0.00,0.30,6.85,1.40,3.00,2.00,24.80,1270,85,15%,01/05/2025,1638,30.77,1,Corral 1 y 2
03/08/2025,2,625,0.50,2.00,2.00,8.77,0.00,0.30,6.85,1.40,3.00,2.00,24.80,625,0,11%,01/05/2025,1644,22.67,1,Corral 1 y 2
03/08/2025,3,990,0.50,2.00,2.00,8.77,0.00,0.30,6.85,1.40,3.00,2.00,24.80,990,65,10%,01/05/2025,2070,23.27,2,Corral 3 y 4
03/08/2025,4,1375,0.50,2.00,2.00,8.77,0.00,0.30,6.85,1.40,3.00,2.00,24.80,1375,80,8%,01/05/2025,2074,17.93,1,Corral 5 y 6
03/08/2025,5,685,0.50,2.00,2.00,8.77,0.00,0.30,6.85,1.40,3.00,2.00,24.80,685,0,14%,01/05/2025,2076,20.37,1,Corral 5 y 6
03/08/2025,6,1255,0.50,2.00,2.00,8.77,0.00,0.30,6.85,1.40,3.00,2.00,24.80,1255,25,10%,01/05/2025,2082,17.32,1,Corral 3 y 4
04/08/2025,1,1300,0.50,2.00,2.00,8.77,0.00,0.30,6.85,1.40,3.00,2.00,24.80,1300,50,7%,01/05/2025,2087,24.83,1,Corral 1 y 2
04/08/2025,2,610,0.50,2.00,2.00,8.77,0.00,0.30,6.85,1.40,3.00,2.00,24.80,610,0,13%,01/05/2025,2108,22.98,1,Corral 3 y 4
04/08/2025,3,955,0.50,2.00,2.00,8.77,0.00,0.30,6.85,1.40,3.00,2.00,24.80,955,90,5%,01/05/2025,2119,20.31,1,Corral 1 y 2
04/08/2025,4,1280,0.50,2.00,2.00,8.77,0.00,0.30,6.85,1.40,3.00,2.00,24.80,1280,100,9%,01/05/2025,2122,18.49,1,Corral 1 y 2
04/08/2025,5,710,0.50,2.00,2.00,8.77,0.00,0.30,6.85,1.40,3.00,2.00,24.80,710,0,11%,01/05/2025,2165,25.97,1,Corral 5 y 6
04/08/2025,6,1290,0.50,2.00,2.00,8.77,0.00,0.30,6.85,1.40,3.00,2.00,24.80,1290,60,8%,01/05/2025,5767,39.76,2,Corral 3 y 4
05/08/2025,1,1225,0.50,2.00,2.00,8.77,0.00,0.30,6.85,1.40,3.00,2.00,24.80,1225,75,13%,01/05/2025,5981,11.3,1,Corral 5 y 6
05/08/2025,2,645,0.50,2.00,2.00,8.77,0.00,0.30,6.85,1.40,3.00,2.00,24.80,645,0,8%,01/05/2025,6012,35.67,2,Corral 1 y 2
05/08/2025,3,890,0.50,2.00,2.00,8.77,0.00,0.30,6.85,1.40,3.00,2.00,24.80,890,65,11%,01/05/2025,6050,35.7,2,Corral 3 y 4
05/08/2025,4,1360,0.50,2.00,2.00,8.77,0.00,0.30,6.85,1.40,3.00,2.00,24.80,1360,35,3%,01/05/2025,6054,45.83,2,Corral 5 y 6
05/08/2025,5,765,0.50,2.00,2.00,8.77,0.00,0.30,6.85,1.40,3.00,2.00,24.80,765,0,4%,01/05/2025,6070,40.04,2,Corral 1 y 2
05/08/2025,6,1305,0.50,2.00,2.00,8.77,0.00,0.30,6.85,1.40,3.00,2.00,24.80,1305,65,7%,01/05/2025,6092,25.86,2,Corral 1 y 2
06/08/2025,1,1270,0.50,2.00,2.00,8.77,0.00,0.30,6.85,1.40,3.00,2.00,24.80,1270,40,9%,01/05/2025,6124,15.19,1,Corral 5 y 6
06/08/2025,2,645,0.50,2.00,2.00,8.77,0.00,0.30,6.85,1.40,3.00,2.00,24.80,645,0,8%,01/05/2025,6131,34.26,2,Corral 1 y 2
06/08/2025,3,980,0.50,2.00,2.00,8.77,0.00,0.30,6.85,1.40,3.00,2.00,24.80,980,35,2%,01/05/2025,6134,19.95,1,Corral 1 y 2
06/08/2025,4,1365,0.50,2.00,2.00,8.77,0.00,0.30,6.85,1.40,3.00,2.00,24.80,1365,110,3%,01/05/2025,6137,27.13,2,Corral 1 y 2
06/08/2025,5,785,0.50,2.00,2.00,8.77,0.00,0.30,6.85,1.40,3.00,2.00,24.80,785,90,2%,01/05/2025,6161,21.78,1,Corral 3 y 4
06/08/2025,6,1355,0.50,2.00,2.00,8.77,0.00,0.30,6.85,1.40,3.00,2.00,24.80,1355,0,3%,01/05/2025,6164,25.01,2,Corral 3 y 4
07/08/2025,1,1280,0.50,2.00,2.00,8.77,0.00,0.30,6.85,1.40,3.00,2.00,24.80,1280,135,9%,01/05/2025,6178,27.88,1,Corral 1 y 2
07/08/2025,2,675,0.50,2.00,2.00,8.77,0.00,0.30,6.85,1.40,3.00,2.00,24.80,675,85,4%,01/05/2025,6193,45.89,2,Corral 3 y 4
07/08/2025,3,970,0.50,2.00,2.00,8.77,0.00,0.30,6.85,1.40,3.00,2.00,24.80,970,0,3%,01/05/2025,6194,25.74,1,Corral 3 y 4
07/08/2025,4,1355,0.50,2.00,2.00,8.77,0.00,0.30,6.85,1.40,3.00,2.00,24.80,1355,435,3%,01/05/2025,6197,33.64,2,Corral 1 y 2
07/08/2025,5,780,0.50,2.00,2.00,8.77,0.00,0.30,6.85,1.40,3.00,2.00,24.80,780,0,3%,01/05/2025,6226,40.95,2,Corral 1 y 2
07/08/2025,6,1325,0.50,2.00,2.00,8.77,0.00,0.30,6.85,1.40,3.00,2.00,24.80,1325,85,5%,01/05/2025,6258,38.79,2,Corral 1 y 2
08/08/2025,1,1465,0.50,2.00,2.00,8.77,0.00,0.30,6.85,1.40,3.00,2.00,24.80,1465,320,2%,01/05/2025,8703,21.8,2,Corral 1 y 2
08/08/2025,2,720,0.50,2.00,2.00,8.77,0.00,0.30,6.85,1.40,3.00,2.00,24.80,720,0,10%,01/05/2025,8707,0.48,1,Corral 3 y 4
08/08/2025,3,970,0.50,2.00,2.00,8.77,0.00,0.30,6.85,1.40,3.00,2.00,24.80,970,65,3%,01/05/2025,8708,21.95,2,Corral 5 y 6
08/08/2025,4,1335,0.50,2.00,2.00,8.77,0.00,0.30,6.85,1.40,3.00,2.00,24.80,1335,115,5%,01/05/2025,8710,10.01,1,Corral 5 y 6
08/08/2025,5,780,0.50,2.00,2.00,8.77,0.00,0.30,6.85,1.40,3.00,2.00,24.80,780,0,3%,01/05/2025,8711,11.7,1,Corral 1 y 2
08/08/2025,6,1655,0.50,2.00,2.00,8.77,0.00,0.30,6.85,1.40,3.00,2.00,24.80,1655,50,3%,01/05/2025,8714,14.55,1,Corral 1 y 2
09/08/2025,1,1550,0.50,2.00,2.00,8.77,0.00,0.30,6.85,1.40,3.00,2.00,24.80,1550,95,3%,01/05/2025,8732,4.95,1,Corral 1 y 2
09/08/2025,2,665,0.50,2.00,2.00,8.77,0.00,0.30,6.85,1.40,3.00,2.00,24.80,665,0,5%,02/05/2025,1204,12.81,1,Corral 5 y 6
09/08/2025,3,980,0.50,2.00,2.00,8.77,0.00,0.30,6.85,1.40,3.00,2.00,24.80,980,60,2%,02/05/2025,1216,21.55,2,Corral 5 y 6
09/08/2025,4,1550,0.50,2.00,2.00,8.77,0.00,0.30,6.85,1.40,3.00,2.00,24.80,1550,140,3%,02/05/2025,1225,16.14,2,Corral 5 y 6
09/08/2025,5,865,0.50,2.00,2.00,8.77,0.00,0.30,6.85,1.40,3.00,2.00,24.80,865,0,4%,02/05/2025,1228,27.52,2,Corral 3 y 4
09/08/2025,6,1740,0.50,2.00,2.00,8.77,0.00,0.30,6.85,1.40,3.00,2.00,24.80,1740,35,3%,02/05/2025,1235,11.21,1,Corral 3 y 4
10/08/2025,1,1425,0.50,2.00,2.00,8.77,0.00,0.30,6.85,1.40,3.00,2.00,24.80,1425,90,5%,02/05/2025,1236,7.59,1,Corral 5 y 6
10/08/2025,2,670,0.50,2.00,2.00,8.77,0.00,0.30,6.85,1.40,3.00,2.00,24.80,670,0,4%,02/05/2025,1242,16.81,1,Corral 3 y 4
10/08/2025,3,985,0.50,2.00,2.00,8.77,0.00,0.30,6.85,1.40,3.00,2.00,24.80,985,40,2%,02/05/2025,1243,16.61,1,Corral 5 y 6
10/08/2025,4,1440,0.50,2.00,2.00,8.77,0.00,0.30,6.85,1.40,3.00,2.00,24.80,1440,95,4%,02/05/2025,1555,39.76,2,Corral 1 y 2
10/08/2025,5,880,0.50,2.00,2.00,8.77,0.00,0.30,6.85,1.40,3.00,2.00,24.80,880,0,2%,02/05/2025,1560,33.17,2,Corral 1 y 2
10/08/2025,6,1465,0.50,2.00,2.00,8.77,0.00,0.30,6.85,1.40,3.00,2.00,24.80,1465,40,2%,02/05/2025,1567,38.66,2,Corral 3 y 4
11/08/2025,1,1315,0.50,2.00,2.00,8.77,0.00,0.30,6.85,1.40,3.00,2.00,24.80,1315,90,12%,02/05/2025,1577,23.35,1,Corral 3 y 4
11/08/2025,2,968,0.50,2.00,2.00,8.77,0.00,0.30,6.85,1.40,3.00,2.00,24.80,968,0,3%,02/05/2025,1590,31.14,2,Corral 3 y 4
11/08/2025,3,913,0.50,2.00,2.00,8.77,0.00,0.30,6.85,1.40,3.00,2.00,24.80,913,65,9%,02/05/2025,1644,34.83,2,Corral 1 y 2
11/08/2025,4,1358,0.50,2.00,2.00,8.77,0.00,0.30,6.85,1.40,3.00,2.00,24.80,1358,70,3%,02/05/2025,2070,25.68,2,Corral 3 y 4
11/08/2025,5,950,0.50,2.00,2.00,8.77,0.00,0.30,6.85,1.40,3.00,2.00,24.80,950,0,5%,02/05/2025,2074,19.13,1,Corral 5 y 6
11/08/2025,6,1660,0.50,2.00,2.00,8.77,0.00,0.30,6.85,1.40,3.00,2.00,24.80,1660,55,2%,02/05/2025,2076,30.28,2,Corral 5 y 6
12/08/2025,1,1255,0.50,2.00,2.00,8.77,0.00,0.30,6.85,1.40,3.00,2.00,24.80,1255,60,16%,02/05/2025,2082,11.77,1,Corral 3 y 4
12/08/2025,2,1000,0.50,2.00,2.00,8.77,0.00,0.30,6.85,1.40,3.00,2.00,24.80,1000,0,0%,02/05/2025,2087,33.24,2,Corral 1 y 2
12/08/2025,3,905,0.50,2.00,2.00,8.77,0.00,0.30,6.85,1.40,3.00,2.00,24.80,905,50,10%,02/05/2025,2108,41.86,2,Corral 3 y 4
12/08/2025,4,1295,0.50,2.00,2.00,8.77,0.00,0.30,6.85,1.40,3.00,2.00,24.80,1295,55,8%,02/05/2025,2110,39.8,2,Corral 3 y 4
12/08/2025,5,1000,0.50,2.00,2.00,8.77,0.00,0.30,6.85,1.40,3.00,2.00,24.80,1000,0,0%,02/05/2025,2119,29.21,2,Corral 1 y 2
12/08/2025,6,1640,0.50,2.00,2.00,8.77,0.00,0.30,6.85,1.40,3.00,2.00,24.80,1640,40,4%,02/05/2025,2122,21.75,1,Corral 1 y 2
13/08/2025,1,1335,0.50,2.00,2.00,8.77,0.00,0.30,6.85,1.40,3.00,2.00,24.80,1335,125,11%,02/05/2025,2150,16.25,1,Corral 3 y 4
13/08/2025,2,1000,0.50,2.00,2.00,8.77,0.00,0.30,6.85,1.40,3.00,2.00,24.80,1000,0,0%,02/05/2025,2165,21.07,1,Corral 5 y 6
13/08/2025,3,945,0.50,2.00,2.00,8.77,0.00,0.30,6.85,1.40,3.00,2.00,24.80,945,45,6%,02/05/2025,5767,22.53,1,Corral 3 y 4
13/08/2025,4,1330,0.50,2.00,2.00,8.77,0.00,0.30,6.85,1.40,3.00,2.00,24.80,1330,15,5%,02/05/2025,6012,18.82,1,Corral 1 y 2
13/08/2025,5,965,0.50,2.00,2.00,8.77,0.00,0.30,6.85,1.40,3.00,2.00,24.80,965,30,4%,02/05/2025,6050,22.06,2,Corral 3 y 4
13/08/2025,6,1660,0.50,2.00,2.00,8.77,0.00,0.30,6.85,1.40,3.00,2.00,24.80,1660,10,2%,02/05/2025,6054,23.02,2,Corral 5 y 6
14/08/2025,1,1380,0.50,2.00,2.00,8.77,0.00,0.30,6.85,1.40,3.00,2.00,24.80,1380,200,8%,02/05/2025,6062,33.14,2,Corral 3 y 4
14/08/2025,2,1000,0.50,2.00,2.00,8.77,0.00,0.30,6.85,1.40,3.00,2.00,24.80,1000,0,0%,02/05/2025,6070,33.97,2,Corral 1 y 2
14/08/2025,3,965,0.50,2.00,2.00,8.77,0.00,0.30,6.85,1.40,3.00,2.00,24.80,965,75,4%,02/05/2025,6092,13.76,1,Corral 1 y 2
14/08/2025,4,1315,0.50,2.00,2.00,8.77,0.00,0.30,6.85,1.40,3.00,2.00,24.80,1315,105,6%,02/05/2025,6124,15.6,1,Corral 5 y 6
14/08/2025,5,1000,0.50,2.00,2.00,8.77,0.00,0.30,6.85,1.40,3.00,2.00,24.80,1000,0,0%,02/05/2025,6131,11.06,1,Corral 1 y 2
14/08/2025,6,1635,0.50,2.00,2.00,8.77,0.00,0.30,6.85,1.40,3.00,2.00,24.80,1635,35,4%,02/05/2025,6134,46.02,2,Corral 1 y 2
15/08/2025,1,1420,0.50,2.00,2.00,8.77,0.00,0.30,6.85,1.40,3.00,2.00,24.80,1420,75,5%,02/05/2025,6137,28.45,2,Corral 1 y 2
15/08/2025,2,1000,0.50,2.00,2.00,8.77,0.00,0.30,6.85,1.40,3.00,2.00,24.80,1000,0,0%,02/05/2025,6161,14.01,1,Corral 3 y 4
15/08/2025,3,975,0.50,2.00,2.00,8.77,0.00,0.30,6.85,1.40,3.00,2.00,24.80,975,25,3%,02/05/2025,6164,28.94,2,Corral 3 y 4
15/08/2025,4,1350,0.50,2.00,2.00,8.77,0.00,0.30,6.85,1.40,3.00,2.00,24.80,1350,45,4%,02/05/2025,6178,34.58,2,Corral 1 y 2
15/08/2025,5,1000,0.50,2.00,2.00,8.77,0.00,0.30,6.85,1.40,3.00,2.00,24.80,1000,0,0%,02/05/2025,6193,20.76,1,Corral 3 y 4
15/08/2025,6,1610,0.50,2.00,2.00,8.77,0.00,0.30,6.85,1.40,3.00,2.00,24.80,1610,30,5%,02/05/2025,6194,31.58,2,Corral 3 y 4
16/08/2025,1,1400,0.50,2.00,2.00,8.77,0.00,0.30,6.85,1.40,3.00,2.00,24.80,1400,95,7%,02/05/2025,6197,34.12,2,Corral 1 y 2
16/08/2025,2,1000,0.50,2.00,2.00,8.77,0.00,0.30,6.85,1.40,3.00,2.00,24.80,1000,0,0%,02/05/2025,6226,44.36,2,Corral 1 y 2
16/08/2025,3,940,0.50,2.00,2.00,8.77,0.00,0.30,6.85,1.40,3.00,2.00,24.80,940,35,6%,02/05/2025,6258,11.49,1,Corral 1 y 2
16/08/2025,4,1325,0.50,2.00,2.00,8.77,0.00,0.30,6.85,1.40,3.00,2.00,24.80,1325,18,5%,02/05/2025,8703,17.98,1,Corral 1 y 2
16/08/2025,5,1000,0.50,2.00,2.00,8.77,0.00,0.30,6.85,1.40,3.00,2.00,24.80,1000,0,0%,02/05/2025,8705,17.35,1,Corral 1 y 2
16/08/2025,6,1635,0.50,2.00,2.00,8.77,0.00,0.30,6.85,1.40,3.00,2.00,24.80,1635,32,4%,02/05/2025,8707,15.36,1,Corral 3 y 4
17/08/2025,1,1465,0.50,2.00,2.00,8.77,0.00,0.30,6.85,1.40,3.00,2.00,24.80,1465,0,2%,02/05/2025,8708,13.6,2,Corral 1 y 2
17/08/2025,2,1000,0.50,2.00,2.00,8.77,0.00,0.30,6.85,1.40,3.00,2.00,24.80,1000,79,0%,02/05/2025,8710,16.2,1,Corral 3 y 4
17/08/2025,3,935,0.50,2.00,2.00,8.77,0.00,0.30,6.85,1.40,3.00,2.00,24.80,935,65,7%,02/05/2025,8711,22.47,2,Corral 1 y 2
17/08/2025,4,1360,0.50,2.00,2.00,8.77,0.00,0.30,6.85,1.40,3.00,2.00,24.80,1360,15,3%,02/05/2025,8712,12.11,1,Corral 5 y 6
17/08/2025,5,1000,0.50,2.00,2.00,8.77,0.00,0.30,6.85,1.40,3.00,2.00,24.80,1000,0,0%,02/05/2025,8714,15.61,1,Corral 1 y 2
17/08/2025,6,,0.50,2.00,2.00,8.77,0.00,0.30,6.85,1.40,3.00,2.00,24.80,1665,25,2%,02/05/2025,8755,10.77,1,Corral 5 y 6
18/08/2025,1,1390,0.50,2.00,2.00,8.77,0.00,0.30,6.85,1.40,3.00,2.00,24.80,1390,86,7%,03/05/2025,1213,11.58,1,Corral 1 y 2
18/08/2025,2,910,0.50,2.00,2.00,8.77,0.00,0.30,6.85,1.40,3.00,2.00,24.80,910,0,9%,03/05/2025,1216,20.63,2,Corral 3 y 4
18/08/2025,3,1000,0.50,2.00,2.00,8.77,0.00,0.30,6.85,1.40,3.00,2.00,24.80,1000,60,0%,03/05/2025,1225,12.51,1,Corral 5 y 6
18/08/2025,4,1265,0.50,2.00,2.00,8.77,0.00,0.30,6.85,1.40,3.00,2.00,24.80,1265,20,10%,03/05/2025,1228,25.48,2,Corral 3 y 4
18/08/2025,5,915,0.50,2.00,2.00,8.77,0.00,0.30,6.85,1.40,3.00,2.00,24.80,915,0,9%,03/05/2025,1235,22.42,2,Corral 3 y 4
18/08/2025,6,3365,0.50,2.00,2.00,8.77,0.00,0.30,6.85,1.40,3.00,2.00,24.80,1700,35,0%,03/05/2025,1236,15.51,2,Corral 3 y 4
19/08/2025,1,1065,0.50,2.00,2.00,8.77,0.00,0.30,6.85,1.40,3.00,2.00,24.80,1065,90,29%,03/05/2025,1242,17.47,1,Corral 3 y 4
19/08/2025,2,1000,0.50,2.00,2.00,8.77,0.00,0.30,6.85,1.40,3.00,2.00,24.80,1000,0,0%,03/05/2025,1243,22.26,2,Corral 3 y 4
19/08/2025,3,915,0.50,2.00,2.00,8.77,0.00,0.30,6.85,1.40,3.00,2.00,24.80,915,75,9%,03/05/2025,1555,36.74,2,Corral 1 y 2
19/08/2025,4,1080,0.50,2.00,2.00,8.77,0.00,0.30,6.85,1.40,3.00,2.00,24.80,1080,35,23%,03/05/2025,1560,37.92,2,Corral 1 y 2
19/08/2025,5,1000,0.50,2.00,2.00,8.77,0.00,0.30,6.85,1.40,3.00,2.00,24.80,1000,0,0%,03/05/2025,1567,34.36,2,Corral 3 y 4
19/08/2025,6,1635,0.50,2.00,2.00,8.77,0.00,0.30,6.85,1.40,3.00,2.00,24.80,1635,50,4%,03/05/2025,1577,23.42,1,Corral 3 y 4
20/08/2025,1,1385,0.50,2.00,2.00,8.77,0.00,0.30,6.85,1.40,3.00,2.00,24.80,1385,65,8%,03/05/2025,1590,38.71,2,Corral 3 y 4
20/08/2025,2,1000,0.50,2.00,2.00,8.77,0.00,0.30,6.85,1.40,3.00,2.00,24.80,1000,0,0%,03/05/2025,1638,18.74,1,Corral 1 y 2
20/08/2025,3,950,0.50,2.00,2.00,8.77,0.00,0.30,6.85,1.40,3.00,2.00,24.80,950,40,5%,03/05/2025,1644,17.05,1,Corral 1 y 2
20/08/2025,4,1305,0.50,2.00,2.00,8.77,0.00,0.30,6.85,1.40,3.00,2.00,24.80,1305,,7%,03/05/2025,2070,28.09,2,Corral 3 y 4
20/08/2025,5,1000,0.50,2.00,2.00,8.77,0.00,0.30,6.85,1.40,3.00,2.00,24.80,1000,,0%,03/05/2025,2074,12.64,1,Corral 3 y 4
20/08/2025,6,1640,0.50,2.00,2.00,8.77,0.00,0.30,6.85,1.40,3.00,2.00,24.80,1640,,4%,03/05/2025,2076,20.32,2,Corral 1 y 2
21/08/2025,1,1360,0.50,2.00,2.00,8.77,0.00,0.30,6.85,1.40,3.00,2.00,24.80,1360,,9%,03/05/2025,2082,17.53,1,Corral 3 y 4
21/08/2025,2,1000,0.50,2.00,2.00,8.77,0.00,0.30,6.85,1.40,3.00,2.00,24.80,1000,,0%,03/05/2025,2108,15.5,1,Corral 5 y 6
21/08/2025,3,965,0.50,2.00,2.00,8.77,0.00,0.30,6.85,1.40,3.00,2.00,24.80,965,,4%,03/05/2025,2110,32.72,2,Corral 3 y 4
21/08/2025,4,1310,0.50,2.00,2.00,8.77,0.00,0.30,6.85,1.40,3.00,2.00,24.80,1310,,6%,03/05/2025,2119,33.51,2,Corral 3 y 4
21/08/2025,5,1000,0.50,2.00,2.00,8.77,0.00,0.30,6.85,1.40,3.00,2.00,24.80,1000,,0%,03/05/2025,2122,27.35,2,Corral 3 y 4
21/08/2025,6,1660,0.50,2.00,2.00,8.77,0.00,0.30,6.85,1.40,3.00,2.00,24.80,1660,,2%,03/05/2025,2150,25.55,1,Corral 5 y 6
22/08/2025,1,1405,0.50,2.00,2.00,8.77,0.00,0.30,6.85,1.40,3.00,2.00,24.80,1405,,6%,03/05/2025,5767,35.46,2,Corral 1 y 2
22/08/2025,2,1000,0.50,2.00,2.00,8.77,0.00,0.30,6.85,1.40,3.00,2.00,24.80,1000,,0%,03/05/2025,6012,34.05,2,Corral 1 y 2
22/08/2025,3,960,0.50,2.00,2.00,8.77,0.00,0.30,6.85,1.40,3.00,2.00,24.80,960,,4%,03/05/2025,6050,16.66,1,Corral 3 y 4
22/08/2025,4,1310,0.50,2.00,2.00,8.77,0.00,0.30,6.85,1.40,3.00,2.00,24.80,1310,,6%,03/05/2025,6054,29.48,2,Corral 3 y 4
22/08/2025,5,1000,0.50,2.00,2.00,8.77,0.00,0.30,6.85,1.40,3.00,2.00,24.80,1000,,0%,03/05/2025,6062,38.39,2,Corral 3 y 4
22/08/2025,6,1635,0.50,2.00,2.00,8.77,0.00,0.30,6.85,1.40,3.00,2.00,24.80,1635,,4%,03/05/2025,6070,26.89,1,Corral 5 y 6
23/08/2025,1,1270,0.50,2.00,2.00,8.77,0.00,0.30,6.85,1.40,3.00,2.00,24.80,1270,,5%,03/05/2025,6092,23.18,2,Corral 1 y 2
23/08/2025,2,1300,0.50,2.00,2.00,8.77,0.00,0.30,6.85,1.40,3.00,2.00,24.80,1300,,0%,03/05/2025,6124,10.8,1,Corral 5 y 6
23/08/2025,3,1285,0.50,2.00,2.00,8.77,0.00,0.30,6.85,1.40,3.00,2.00,24.80,1285,,4%,03/05/2025,6131,28.93,2,Corral 1 y 2
23/08/2025,4,1120,0.50,2.00,2.00,8.77,0.00,0.30,6.85,1.40,3.00,2.00,24.80,1120,,5%,03/05/2025,6134,32.27,1,Corral 5 y 6
23/08/2025,5,1290,0.50,2.00,2.00,8.77,0.00,0.30,6.85,1.40,3.00,2.00,24.80,1290,,0%,03/05/2025,6137,31.69,2,Corral 3 y 4
23/08/2025,6,1840,0.50,2.00,2.00,8.77,0.00,0.30,6.85,1.40,3.00,2.00,24.80,1840,,3%,03/05/2025,6161,20.33,1,Corral 3 y 4
24/08/2025,1,1285,0.50,2.00,2.00,8.77,0.00,0.30,6.85,1.40,3.00,2.00,24.80,1285,,4%,03/05/2025,6164,24.88,2,Corral 3 y 4
24/08/2025,2,1300,0.50,2.00,2.00,8.77,0.00,0.30,6.85,1.40,3.00,2.00,24.80,1300,,0%,03/05/2025,6178,35.74,2,Corral 3 y 4
24/08/2025,3,1300,0.50,2.00,2.00,8.77,0.00,0.30,6.85,1.40,3.00,2.00,24.80,1300,,3%,03/05/2025,6193,27.37,1,Corral 5 y 6
24/08/2025,4,1055,0.50,2.00,2.00,8.77,0.00,0.30,6.85,1.40,3.00,2.00,24.80,1055,,11%,03/05/2025,6194,44.95,2,Corral 1 y 2
24/08/2025,5,1290,0.50,2.00,2.00,8.77,0.00,0.30,6.85,1.40,3.00,2.00,24.80,1290,,0%,03/05/2025,6197,13.8,1,Corral 1 y 2
24/08/2025,6,1845,0.50,2.00,2.00,8.77,0.00,0.30,6.85,1.40,3.00,2.00,24.80,1845,,2%,03/05/2025,6226,19.07,1,Corral 1 y 2
25/08/2025,1,1325,0.50,2.00,2.00,8.77,0.00,0.30,6.85,1.40,3.00,2.00,24.80,1325,,1%,03/05/2025,6258,16.38,1,Corral 1 y 2
25/08/2025,2,1270,0.50,2.00,2.00,8.77,0.00,0.30,6.85,1.40,3.00,2.00,24.80,1270,,2%,03/05/2025,8703,11.9,1,Corral 1 y 2
25/08/2025,3,1330,0.50,2.00,2.00,8.77,0.00,0.30,6.85,1.40,3.00,2.00,24.80,1330,,1%,03/05/2025,8705,14.62,1,Corral 1 y 2
25/08/2025,4,980,0.50,2.00,2.00,8.77,0.00,0.30,6.85,1.40,3.00,2.00,24.80,980,,17%,03/05/2025,8707,6.97,1,Corral 3 y 4
25/08/2025,5,1290,0.50,2.00,2.00,8.77,0.00,0.30,6.85,1.40,3.00,2.00,24.80,1290,,0%,03/05/2025,8708,15.89,1,Corral 5 y 6
25/08/2025,6,1815,0.50,2.00,2.00,8.77,0.00,0.30,6.85,1.40,3.00,2.00,24.80,1815,,4%,03/05/2025,8710,31.88,2,Corral 3 y 4
26/08/2025,1,1095,0.50,2.00,2.00,8.77,0.00,0.30,6.85,1.40,3.00,2.00,24.80,1095,,9%,03/05/2025,8711,11.43,1,Corral 1 y 2
26/08/2025,2,1000,0.50,2.00,2.00,8.77,0.00,0.30,6.85,1.40,3.00,2.00,24.80,1000,,0%,03/05/2025,8712,9.38,1,Corral 1 y 2
26/08/2025,3,1265,0.50,2.00,2.00,8.77,0.00,0.30,6.85,1.40,3.00,2.00,24.80,1265,,3%,03/05/2025,8714,32.74,2,Corral 1 y 2
26/08/2025,4,1325,0.50,2.00,2.00,8.77,0.00,0.30,6.85,1.40,3.00,2.00,24.80,1325,,5%,03/05/2025,8715,24.49,1,Corral 5 y 6
26/08/2025,5,1000,0.50,2.00,2.00,8.77,0.00,0.30,6.85,1.40,3.00,2.00,24.80,1000,,0%,03/05/2025,8732,7.42,1,Corral 1 y 2
26/08/2025,6,1375,0.50,2.00,2.00,8.77,0.00,0.30,6.85,1.40,3.00,2.00,24.80,1375,,2%,03/05/2025,8755,10.08,1,Corral 3 y 4
27/08/2025,1,1295,0.50,2.00,2.00,8.77,0.00,0.30,6.85,1.40,3.00,2.00,24.80,1295,,3%,03/05/2025,8761,23.63,2,Corral 1 y 2
27/08/2025,2,1300,0.50,2.00,2.00,8.77,0.00,0.30,6.85,1.40,3.00,2.00,24.80,1300,,0%,04/05/2025,1204,18.3,1,Corral 5 y 6
27/08/2025,3,1310,0.50,2.00,2.00,8.77,0.00,0.30,6.85,1.40,3.00,2.00,24.80,1310,,2%,04/05/2025,1213,9.69,1,Corral 1 y 2
27/08/2025,4,1085,0.50,2.00,2.00,8.77,0.00,0.30,6.85,1.40,3.00,2.00,24.80,1085,,8%,04/05/2025,1216,21.41,1,Corral 3 y 4
27/08/2025,5,1280,0.50,2.00,2.00,8.77,0.00,0.30,6.85,1.40,3.00,2.00,24.80,1280,,0%,04/05/2025,1225,24.43,2,Corral 1 y 2
27/08/2025,6,1855,0.50,2.00,2.00,8.77,0.00,0.30,6.85,1.40,3.00,2.00,24.80,1855,,2%,04/05/2025,1228,15.4,1,Corral 3 y 4
28/08/2025,1,1322,0.50,2.00,2.00,8.77,0.00,0.30,6.85,1.40,3.00,2.00,24.80,1322,,1%,04/05/2025,1235,16.17,1,Corral 3 y 4
28/08/2025,2,1300,0.50,2.00,2.00,8.77,0.00,0.30,6.85,1.40,3.00,2.00,24.80,1300,,0%,04/05/2025,1236,24.08,2,Corral 3 y 4
28/08/2025,3,1308,0.50,2.00,2.00,8.77,0.00,0.30,6.85,1.40,3.00,2.00,24.80,1308,,2%,04/05/2025,1242,34.09,2,Corral 3 y 4
28/08/2025,4,1180,0.50,2.00,2.00,8.77,0.00,0.30,6.85,1.40,3.00,2.00,24.80,1180,,0%,04/05/2025,1555,35.35,2,Corral 1 y 2
28/08/2025,5,1201,0.50,2.00,2.00,8.77,0.00,0.30,6.85,1.40,3.00,2.00,24.80,1201,,6%,04/05/2025,1560,13.64,1,Corral 1 y 2
28/08/2025,6,1820,0.50,2.00,2.00,8.77,0.00,0.30,6.85,1.40,3.00,2.00,24.80,1820,,3%,04/05/2025,1567,34.46,2,Corral 3 y 4
29/08/2025,1,1325,0.50,2.00,2.00,8.77,0.00,0.30,6.85,1.40,3.00,2.00,24.80,1325,,1%,04/05/2025,1577,18.74,1,Corral 3 y 4
29/08/2025,2,1300,0.50,2.00,2.00,8.77,0.00,0.30,6.85,1.40,3.00,2.00,24.80,1300,,0%,04/05/2025,1617,8.76,1,Corral 5 y 6
29/08/2025,3,1315,0.50,2.00,2.00,8.77,0.00,0.30,6.85,1.40,3.00,2.00,24.80,1315,,2%,04/05/2025,1638,31.78,2,Corral 1 y 2
29/08/2025,4,1094,0.50,2.00,2.00,8.77,0.00,0.30,6.85,1.40,3.00,2.00,24.80,1094,,7%,04/05/2025,1644,11.17,1,Corral 1 y 2
29/08/2025,5,1300,0.50,2.00,2.00,8.77,0.00,0.30,6.85,1.40,3.00,2.00,24.80,1300,,0%,04/05/2025,2070,21.6,1,Corral 3 y 4
29/08/2025,6,1830,0.50,2.00,2.00,8.77,0.00,0.30,6.85,1.40,3.00,2.00,24.80,1830,,3%,04/05/2025,2074,9.24,1,Corral 3 y 4
30/08/2025,1,1320,0.50,2.00,2.00,8.77,0.00,0.30,6.85,1.40,3.00,2.00,24.80,1320,,1%,04/05/2025,2076,10.78,1,Corral 1 y 2
30/08/2025,2,1300,0.50,2.00,2.00,8.77,0.00,0.30,6.85,1.40,3.00,2.00,24.80,1300,,0%,04/05/2025,2082,19.47,1,Corral 3 y 4
30/08/2025,3,1305,0.50,2.00,2.00,8.77,0.00,0.30,6.85,1.40,3.00,2.00,24.80,1305,,3%,04/05/2025,2087,36.11,2,Corral 3 y 4
30/08/2025,4,1090,0.50,2.00,2.00,8.77,0.00,0.30,6.85,1.40,3.00,2.00,24.80,1090,,8%,04/05/2025,2108,15.09,1,Corral 5 y 6
30/08/2025,5,1300,0.50,2.00,2.00,8.77,0.00,0.30,6.85,1.40,3.00,2.00,24.80,1300,,0%,04/05/2025,2110,16.51,2,Corral 1 y 2
30/08/2025,6,1815,0.50,2.00,2.00,8.77,0.00,0.30,6.85,1.40,3.00,2.00,24.80,1815,,4%,04/05/2025,2119,30.85,1,Corral 3 y 4
31/08/2025,1,1305,0.50,2.00,2.00,8.77,0.00,0.30,6.85,1.40,3.00,2.00,24.80,1305,,3%,04/05/2025,2122,23.12,2,Corral 3 y 4
31/08/2025,2,1300,0.50,2.00,2.00,8.77,0.00,0.30,6.85,1.40,3.00,2.00,24.80,1300,,0%,04/05/2025,2165,19.45,1,Corral 5 y 6
31/08/2025,3,1290,0.50,2.00,2.00,8.77,0.00,0.30,6.85,1.40,3.00,2.00,24.80,1290,,4%,04/05/2025,5767,20.2,1,Corral 1 y 2
31/08/2025,4,1115,0.50,2.00,2.00,8.77,0.00,0.30,6.85,1.40,3.00,2.00,24.80,1115,,6%,04/05/2025,6012,17.83,1,Corral 1 y 2
31/08/2025,5,1300,0.50,2.00,2.00,8.77,0.00,0.30,6.85,1.40,3.00,2.00,24.80,1300,,0%,04/05/2025,6050,25.56,2,Corral 5 y 6
31/08/2025,6,1850,0.50,2.00,2.00,8.77,0.00,0.30,6.85,1.40,3.00,2.00,24.80,1850,,2%,04/05/2025,6054,28.43,2,Corral 3 y 4
01/09/2025,1,1190,0.50,2.00,2.00,8.77,0.00,0.30,6.85,1.40,3.00,2.00,24.80,1190,150,13%,04/05/2025,6062,19.68,1,Corral 5 y 6
01/09/2025,2,1300,0.50,2.00,2.00,8.77,0.00,0.30,6.85,1.40,3.00,2.00,24.80,1300,0,0%,04/05/2025,6070,23.3,1,Corral 5 y 6
01/09/2025,3,1330,0.50,2.00,2.00,8.77,0.00,0.30,6.85,1.40,3.00,2.00,24.80,1330,10,1%,04/05/2025,6092,15.95,1,Corral 1 y 2
01/09/2025,4,980,0.50,2.00,2.00,8.77,0.00,0.30,6.85,1.40,3.00,2.00,24.80,980,200,20%,04/05/2025,6124,21.09,2,Corral 5 y 6
01/09/2025,5,1300,0.50,2.00,2.00,8.77,0.00,0.30,6.85,1.40,3.00,2.00,24.80,1300,0,0%,04/05/2025,6131,17.4,1,Corral 1 y 2
01/09/2025,6,1890,0.50,2.00,2.00,8.77,0.00,0.30,6.85,1.40,3.00,2.00,24.80,1890,0,0%,04/05/2025,6134,28.44,1,Corral 5 y 6
02/09/2025,1,1315,0.50,2.00,2.00,8.77,0.00,0.30,6.85,1.40,3.00,2.00,24.80,1315,85,6%,04/05/2025,6137,10.35,1,Corral 3 y 4
02/09/2025,2,1360,0.50,2.00,2.00,8.77,0.00,0.30,6.85,1.40,3.00,2.00,24.80,1360,0,0%,04/05/2025,6161,23.08,1,Corral 3 y 4
02/09/2025,3,1170,0.50,2.00,2.00,8.77,0.00,0.30,6.85,1.40,3.00,2.00,24.80,1170,170,15%,04/05/2025,6164,30.8,2,Corral 3 y 4
02/09/2025,4,1080,0.50,2.00,2.00,8.77,0.00,0.30,6.85,1.40,3.00,2.00,24.80,1080,320,30%,04/05/2025,6193,23.52,1,Corral 5 y 6
02/09/2025,5,1198,0.50,2.00,2.00,8.77,0.00,0.30,6.85,1.40,3.00,2.00,24.80,1198,0,0%,04/05/2025,6197,14.66,1,Corral 1 y 2
02/09/2025,6,1525,0.50,2.00,2.00,8.77,0.00,0.30,6.85,1.40,3.00,2.00,24.80,1525,75,5%,04/05/2025,6226,43.67,2,Corral 1 y 2
03/09/2025,1,1285,0.50,2.00,2.00,8.77,0.00,0.30,6.85,1.40,3.00,2.00,24.80,1285,35,3%,04/05/2025,6258,15.22,1,Corral 1 y 2
03/09/2025,2,650,0.50,2.00,2.00,8.77,0.00,0.30,6.85,1.40,3.00,2.00,24.80,650,0,0%,04/05/2025,8703,15.1,1,Corral 1 y 2
03/09/2025,3,1250,0.50,2.00,2.00,8.77,0.00,0.30,6.85,1.40,3.00,2.00,24.80,1250,20,2%,04/05/2025,8705,16.67,1,Corral 5 y 6
03/09/2025,4,1085,0.50,2.00,2.00,8.77,0.00,0.30,6.85,1.40,3.00,2.00,24.80,1085,30,3%,04/05/2025,8708,5.85,1,Corral 5 y 6
03/09/2025,5,650,0.50,2.00,2.00,8.77,0.00,0.30,6.85,1.40,3.00,2.00,24.80,650,0,0%,04/05/2025,8710,13.15,1,Corral 3 y 4
03/09/2025,6,1740,0.50,2.00,2.00,8.77,0.00,0.30,6.85,1.40,3.00,2.00,24.80,1740,55,3%,04/05/2025,8711,20.35,1,Corral 1 y 2
04/09/2025,1,1270,0.50,2.00,2.00,8.77,0.00,0.30,6.85,1.40,3.00,2.00,24.80,1270,30,2%,04/05/2025,8712,22.14,2,Corral 1 y 2
04/09/2025,2,1110,0.50,2.00,2.00,8.77,0.00,0.30,6.85,1.40,3.00,2.00,24.80,1110,0,0%,04/05/2025,8714,16.74,2,Corral 1 y 2
04/09/2025,3,1180,0.50,2.00,2.00,8.77,0.00,0.30,6.85,1.40,3.00,2.00,24.80,1180,20,2%,04/05/2025,8715,26.65,2,Corral 3 y 4
04/09/2025,4,1035,0.50,2.00,2.00,8.77,0.00,0.30,6.85,1.40,3.00,2.00,24.80,1035,15,1%,04/05/2025,8732,11.71,1,Corral 5 y 6
04/09/2025,5,1110,0.50,2.00,2.00,8.77,0.00,0.30,6.85,1.40,3.00,2.00,24.80,1110,0,0%,04/05/2025,8755,13.27,1,Corral 5 y 6
04/09/2025,6,1710,0.50,2.00,2.00,8.77,0.00,0.30,6.85,1.40,3.00,2.00,24.80,1710,40,2%,04/05/2025,8761,18.83,1,Corral 3 y 4
05/09/2025,1,1250,0.50,2.00,2.00,8.77,0.00,0.30,6.85,1.40,3.00,2.00,24.80,1250,50,4%,05/05/2025,1204,29.34,2,Corral 5 y 6
05/09/2025,2,1100,0.50,2.00,2.00,8.77,0.00,0.30,6.85,1.40,3.00,2.00,24.80,1100,0,0%,05/05/2025,1216,19.08,2,Corral 3 y 4
05/09/2025,3,1135,0.50,2.00,2.00,8.77,0.00,0.30,6.85,1.40,3.00,2.00,24.80,1135,65,6%,05/05/2025,1225,14.23,1,Corral 1 y 2
05/09/2025,4,995,0.50,2.00,2.00,8.77,0.00,0.30,6.85,1.40,3.00,2.00,24.80,995,55,6%,05/05/2025,1228,13.61,1,Corral 3 y 4
05/09/2025,5,1100,0.50,2.00,2.00,8.77,0.00,0.30,6.85,1.40,3.00,2.00,24.80,1100,0,0%,05/05/2025,1235,19.31,2,Corral 1 y 2
05/09/2025,6,1760,0.50,2.00,2.00,8.77,0.00,0.30,6.85,1.40,3.00,2.00,24.80,1760,40,2%,05/05/2025,1236,14.43,1,Corral 3 y 4
06/09/2025,1,1225,0.50,2.00,2.00,8.77,0.00,0.30,6.85,1.40,3.00,2.00,24.80,1225,75,6%,05/05/2025,1242,23.73,1,Corral 3 y 4
06/09/2025,2,1100,0.50,2.00,2.00,8.77,0.00,0.30,6.85,1.40,3.00,2.00,24.80,1100,0,0%,05/05/2025,1243,29.85,2,Corral 3 y 4
06/09/2025,3,1160,0.50,2.00,2.00,8.77,0.00,0.30,6.85,1.40,3.00,2.00,24.80,1160,40,3%,05/05/2025,1555,17.98,1,Corral 1 y 2
06/09/2025,4,970,0.50,2.00,2.00,8.77,0.00,0.30,6.85,1.40,3.00,2.00,24.80,970,80,8%,05/05/2025,1560,8.71,1,Corral 1 y 2
06/09/2025,5,1100,0.50,2.00,2.00,8.77,0.00,0.30,6.85,1.40,3.00,2.00,24.80,1100,0,0%,05/05/2025,1567,22.67,1,Corral 3 y 4
06/09/2025,6,1740,0.50,2.00,2.00,8.77,0.00,0.30,6.85,1.40,3.00,2.00,24.80,1740,60,3%,05/05/2025,1577,20.09,1,Corral 3 y 4
07/09/2025,1,1225,0.50,2.00,2.00,8.77,0.00,0.30,6.85,1.40,3.00,2.00,24.80,1225,75,6%,05/05/2025,1590,11.57,1,Corral 1 y 2
07/09/2025,2,1100,0.50,2.00,2.00,8.77,0.00,0.30,6.85,1.40,3.00,2.00,24.80,1100,0,0%,05/05/2025,1638,23.26,1,Corral 1 y 2
07/09/2025,3,1185,0.50,2.00,2.00,8.77,0.00,0.30,6.85,1.40,3.00,2.00,24.80,1185,15,1%,05/05/2025,2070,18.36,1,Corral 3 y 4
07/09/2025,4,1000,0.50,2.00,2.00,8.77,0.00,0.30,6.85,1.40,3.00,2.00,24.80,1000,50,5%,05/05/2025,2074,11.14,1,Corral 3 y 4
07/09/2025,5,1100,0.50,2.00,2.00,8.77,0.00,0.30,6.85,1.40,3.00,2.00,24.80,1100,0,0%,05/05/2025,2076,10.35,1,Corral 1 y 2
07/09/2025,6,1760,0.50,2.00,2.00,8.77,0.00,0.30,6.85,1.40,3.00,2.00,24.80,1760,40,2%,05/05/2025,2082,15.92,1,Corral 3 y 4
08/09/2025,1,1210,0.50,2.00,2.00,8.77,0.00,0.30,6.85,1.40,3.00,2.00,24.80,1210,90,7%,05/05/2025,2087,32.06,2,Corral 3 y 4
08/09/2025,2,1120,0.50,2.00,2.00,8.77,0.00,0.30,6.85,1.40,3.00,2.00,24.80,1120,0,0%,05/05/2025,2108,26.09,1,Corral 5 y 6
08/09/2025,3,1190,0.50,2.00,2.00,8.77,0.00,0.30,6.85,1.40,3.00,2.00,24.80,1190,10,1%,05/05/2025,2110,32.12,2,Corral 1 y 2
08/09/2025,4,1025,0.50,2.00,2.00,8.77,0.00,0.30,6.85,1.40,3.00,2.00,24.80,1025,25,2%,05/05/2025,2119,18.98,1,Corral 3 y 4
08/09/2025,5,1120,0.50,2.00,2.00,8.77,0.00,0.30,6.85,1.40,3.00,2.00,24.80,1120,0,0%,05/05/2025,2122,20.11,1,Corral 3 y 4
08/09/2025,6,1600,0.50,2.00,2.00,8.77,0.00,0.30,6.85,1.40,3.00,2.00,24.80,1600,100,6%,05/05/2025,2150,27.87,2,Corral 5 y 6
09/09/2025,1,1235,0.50,2.00,2.00,8.77,0.00,0.30,6.85,1.40,3.00,2.00,24.80,1235,65,5%,05/05/2025,2165,16.96,1,Corral 5 y 6
09/09/2025,2,1120,0.50,2.00,2.00,8.77,0.00,0.30,6.85,1.40,3.00,2.00,24.80,1120,0,0%,05/05/2025,5767,40.98,2,Corral 3 y 4
09/09/2025,3,1170,0.50,2.00,2.00,8.77,0.00,0.30,6.85,1.40,3.00,2.00,24.80,1170,30,3%,05/05/2025,6012,11.93,1,Corral 1 y 2
09/09/2025,4,1030,0.50,2.00,2.00,8.77,0.00,0.30,6.85,1.40,3.00,2.00,24.80,1030,45,4%,05/05/2025,6050,14.84,1,Corral 5 y 6
09/09/2025,5,1120,0.50,2.00,2.00,8.77,0.00,0.30,6.85,1.40,3.00,2.00,24.80,1120,0,0%,05/05/2025,6054,26.41,2,Corral 3 y 4
09/09/2025,6,1650,0.50,2.00,2.00,8.77,0.00,0.30,6.85,1.40,3.00,2.00,24.80,1650,50,3%,05/05/2025,6062,24.92,1,Corral 5 y 6
10/09/2025,1,1195,0.50,2.00,2.00,8.77,0.00,0.30,6.85,1.40,3.00,2.00,24.80,1195,105,9%,05/05/2025,6070,19.33,1,Corral 5 y 6
10/09/2025,2,1120,0.50,2.00,2.00,8.77,0.00,0.30,6.85,1.40,3.00,2.00,24.80,1120,0,0%,05/05/2025,6092,33.55,2,Corral 1 y 2
10/09/2025,3,1175,0.50,2.00,2.00,8.77,0.00,0.30,6.85,1.40,3.00,2.00,24.80,1175,25,2%,05/05/2025,6131,18.45,1,Corral 1 y 2
10/09/2025,4,980,0.50,2.00,2.00,8.77,0.00,0.30,6.85,1.40,3.00,2.00,24.80,980,120,12%,05/05/2025,6134,21.99,1,Corral 5 y 6
10/09/2025,5,1120,0.50,2.00,2.00,8.77,0.00,0.30,6.85,1.40,3.00,2.00,24.80,1120,0,0%,05/05/2025,6137,21.83,1,Corral 5 y 6
10/09/2025,6,1640,0.50,2.00,2.00,8.77,0.00,0.30,6.85,1.40,3.00,2.00,24.80,1640,60,4%,05/05/2025,6154,11.57,1,Corral 1 y 2
11/09/2025,1,1170,0.50,2.00,2.00,8.77,0.00,0.30,6.85,1.40,3.00,2.00,24.80,1170,60,5%,05/05/2025,6161,20.57,1,Corral 3 y 4
11/09/2025,2,1180,0.50,2.00,2.00,8.77,0.00,0.30,6.85,1.40,3.00,2.00,24.80,1180,0,0%,05/05/2025,6164,22.08,1,Corral 3 y 4
11/09/2025,3,1015,0.50,2.00,2.00,8.77,0.00,0.30,6.85,1.40,3.00,2.00,24.80,1015,25,2%,05/05/2025,6178,24.03,1,Corral 3 y 4
11/09/2025,4,960,0.50,2.00,2.00,8.77,0.00,0.30,6.85,1.40,3.00,2.00,24.80,960,115,12%,05/05/2025,6193,24.03,1,Corral 5 y 6
11/09/2025,5,1040,0.50,2.00,2.00,8.77,0.00,0.30,6.85,1.40,3.00,2.00,24.80,1040,0,0%,05/05/2025,6197,18.88,1,Corral 1 y 2
11/09/2025,6,1755,0.50,2.00,2.00,8.77,0.00,0.30,6.85,1.40,3.00,2.00,24.80,1755,45,3%,05/05/2025,6226,43.35,2,Corral 1 y 2
12/09/2025,1,1155,0.50,2.00,2.00,8.77,0.00,0.30,6.85,1.40,3.00,2.00,24.80,1155,75,6%,05/05/2025,6258,35.81,2,Corral 1 y 2
12/09/2025,2,960,0.50,2.00,2.00,8.77,0.00,0.30,6.85,1.40,3.00,2.00,24.80,960,0,0%,05/05/2025,8703,15.2,1,Corral 1 y 2
12/09/2025,3,1150,0.50,2.00,2.00,8.77,0.00,0.30,6.85,1.40,3.00,2.00,24.80,1150,30,3%,05/05/2025,8705,19.3,1,Corral 5 y 6
12/09/2025,4,985,0.50,2.00,2.00,8.77,0.00,0.30,6.85,1.40,3.00,2.00,24.80,985,55,6%,05/05/2025,8707,8.39,1,Corral 3 y 4
12/09/2025,5,900,0.50,2.00,2.00,8.77,0.00,0.30,6.85,1.40,3.00,2.00,24.80,900,0,0%,05/05/2025,8708,12.98,1,Corral 5 y 6
12/09/2025,6,1760,0.50,2.00,2.00,8.77,0.00,0.30,6.85,1.40,3.00,2.00,24.80,1760,40,2%,05/05/2025,8710,37.19,3,Corral 3 y 4
13/09/2025,1,1190,0.50,2.00,2.00,8.77,0.00,0.30,6.85,1.40,3.00,2.00,24.80,1190,40,3%,05/05/2025,8711,18.81,1,Corral 1 y 2
13/09/2025,2,960,0.50,2.00,2.00,8.77,0.00,0.30,6.85,1.40,3.00,2.00,24.80,960,0,0%,05/05/2025,8712,14.15,1,Corral 1 y 2
13/09/2025,3,1155,0.50,2.00,2.00,8.77,0.00,0.30,6.85,1.40,3.00,2.00,24.80,1155,25,2%,05/05/2025,8714,19.78,1,Corral 1 y 2
13/09/2025,4,975,0.50,2.00,2.00,8.77,0.00,0.30,6.85,1.40,3.00,2.00,24.80,975,65,7%,05/05/2025,8715,18.16,1,Corral 3 y 4
13/09/2025,5,900,0.50,2.00,2.00,8.77,0.00,0.30,6.85,1.40,3.00,2.00,24.80,900,0,0%,05/05/2025,8732,13.02,1,Corral 5 y 6
13/09/2025,6,1765,0.50,2.00,2.00,8.77,0.00,0.30,6.85,1.40,3.00,2.00,24.80,1765,35,2%,05/05/2025,8739,6.74,1,Corral 1 y 2
14/09/2025,1,1260,0.50,2.00,2.00,8.77,0.00,0.30,6.85,1.40,3.00,2.00,24.80,1260,40,3%,05/05/2025,8755,9.52,1,Corral 5 y 6
14/09/2025,2,980,0.50,2.00,2.00,8.77,0.00,0.30,6.85,1.40,3.00,2.00,24.80,980,0,0%,05/05/2025,8761,26.11,1,Corral 3 y 4
14/09/2025,3,1175,0.50,2.00,2.00,8.77,0.00,0.30,6.85,1.40,3.00,2.00,24.80,1175,25,2%,06/05/2025,1204,19.03,1,Corral 5 y 6
14/09/2025,4,1005,0.50,2.00,2.00,8.77,0.00,0.30,6.85,1.40,3.00,2.00,24.80,1005,65,6%,06/05/2025,1213,13.93,1,Corral 1 y 2
14/09/2025,5,900,0.50,2.00,2.00,8.77,0.00,0.30,6.85,1.40,3.00,2.00,24.80,900,0,0%,06/05/2025,1216,12.26,1,Corral 3 y 4
14/09/2025,6,1765,0.50,2.00,2.00,8.77,0.00,0.30,6.85,1.40,3.00,2.00,24.80,1765,35,2%,06/05/2025,1225,21.56,2,Corral 1 y 2
15/09/2025,1,1460,0.50,2.00,2.00,8.77,0.00,0.30,6.85,1.40,3.00,2.00,24.80,1460,40,3%,06/05/2025,1228,24.82,2,Corral 3 y 4
15/09/2025,2,490,0.50,2.00,2.00,8.77,0.00,0.30,6.85,1.40,3.00,2.00,24.80,490,0,0%,06/05/2025,1235,10.33,1,Corral 1 y 2
15/09/2025,3,1165,0.50,2.00,2.00,8.77,0.00,0.30,6.85,1.40,3.00,2.00,24.80,1165,35,3%,06/05/2025,1236,14.02,1,Corral 3 y 4
15/09/2025,4,1000,0.50,2.00,2.00,8.77,0.00,0.30,6.85,1.40,3.00,2.00,24.80,1000,60,6%,06/05/2025,1242,24.28,2,Corral 3 y 4
15/09/2025,5,490,0.50,2.00,2.00,8.77,0.00,0.30,6.85,1.40,3.00,2.00,24.80,490,0,0%,06/05/2025,1243,23.46,2,Corral 3 y 4
15/09/2025,6,1820,0.50,2.00,2.00,8.77,0.00,0.30,6.85,1.40,3.00,2.00,24.80,1820,180,10%,06/05/2025,1555,20.69,1,Corral 1 y 2
16/09/2025,1,1200,0.50,2.00,2.00,8.77,0.00,0.30,6.85,1.40,3.00,2.00,24.80,1200,100,8%,06/05/2025,1560,23.88,2,Corral 1 y 2
16/09/2025,2,438,0.50,2.00,2.00,8.77,0.00,0.30,6.85,1.40,3.00,2.00,24.80,438,50,11%,06/05/2025,1567,24.03,2,Corral 3 y 4
16/09/2025,3,1105,0.50,2.00,2.00,8.77,0.00,0.30,6.85,1.40,3.00,2.00,24.80,1105,95,9%,06/05/2025,1577,26.68,2,Corral 3 y 4
16/09/2025,4,1080,0.50,2.00,2.00,8.77,0.00,0.30,6.85,1.40,3.00,2.00,24.80,1080,120,11%,06/05/2025,1590,25.2,2,Corral 1 y 2
16/09/2025,5,388,0.50,2.00,2.00,8.77,0.00,0.30,6.85,1.40,3.00,2.00,24.80,388,100,26%,06/05/2025,1638,18.76,1,Corral 1 y 2
16/09/2025,6,1750,0.50,2.00,2.00,8.77,0.00,0.30,6.85,1.40,3.00,2.00,24.80,1750,50,3%,06/05/2025,1644,4.27,1,Corral 1 y 2
17/09/2025,1,1405,0.50,2.00,2.00,8.77,0.00,0.30,6.85,1.40,3.00,2.00,24.80,1405,95,7%,06/05/2025,2070,20.69,1,Corral 3 y 4
17/09/2025,2,490,0.50,2.00,2.00,8.77,0.00,0.30,6.85,1.40,3.00,2.00,24.80,490,0,0%,06/05/2025,2074,12.19,1,Corral 3 y 4
17/09/2025,3,1130,0.50,2.00,2.00,8.77,0.00,0.30,6.85,1.40,3.00,2.00,24.80,1130,70,6%,06/05/2025,2076,21.92,2,Corral 1 y 2
17/09/2025,4,1025,0.50,2.00,2.00,8.77,0.00,0.30,6.85,1.40,3.00,2.00,24.80,1025,35,3%,06/05/2025,2082,13.29,1,Corral 3 y 4
17/09/2025,5,490,0.50,2.00,2.00,8.77,0.00,0.30,6.85,1.40,3.00,2.00,24.80,490,0,0%,06/05/2025,2087,39.18,2,Corral 3 y 4
17/09/2025,6,,0.50,2.00,2.00,8.77,0.00,0.30,6.85,1.40,3.00,2.00,24.80,1970,30,2%,06/05/2025,2110,29.39,2,Corral 1 y 2
18/09/2025,1,1380,0.50,2.00,2.00,8.77,0.00,0.30,6.85,1.40,3.00,2.00,24.80,1380,120,9%,06/05/2025,2119,15.16,1,Corral 3 y 4
18/09/2025,2,490,0.50,2.00,2.00,8.77,0.00,0.30,6.85,1.40,3.00,2.00,24.80,490,0,0%,06/05/2025,2122,5.86,1,Corral 3 y 4
18/09/2025,3,1115,0.50,2.00,2.00,8.77,0.00,0.30,6.85,1.40,3.00,2.00,24.80,1115,85,8%,06/05/2025,2150,22.91,2,Corral 5 y 6
18/09/2025,4,955,0.50,2.00,2.00,8.77,0.00,0.30,6.85,1.40,3.00,2.00,24.80,955,105,11%,06/05/2025,5767,34.54,2,Corral 3 y 4
18/09/2025,5,490,0.50,2.00,2.00,8.77,0.00,0.30,6.85,1.40,3.00,2.00,24.80,490,0,0%,06/05/2025,6012,17.27,1,Corral 1 y 2
18/09/2025,6,3970,0.50,2.00,2.00,8.77,0.00,0.30,6.85,1.40,3.00,2.00,24.80,2000,0,0%,06/05/2025,6054,18.98,1,Corral 3 y 4
19/09/2025,1,1420,0.50,2.00,2.00,8.77,0.00,0.30,6.85,1.40,3.00,2.00,24.80,1420,80,6%,06/05/2025,6062,31.71,1,Corral 5 y 6
19/09/2025,2,490,0.50,2.00,2.00,8.77,0.00,0.30,6.85,1.40,3.00,2.00,24.80,490,0,0%,06/05/2025,6070,24.31,1,Corral 5 y 6
19/09/2025,3,1180,0.50,2.00,2.00,8.77,0.00,0.30,6.85,1.40,3.00,2.00,24.80,1180,20,2%,06/05/2025,6092,14.31,1,Corral 1 y 2
19/09/2025,4,1045,0.50,2.00,2.00,8.77,0.00,0.30,6.85,1.40,3.00,2.00,24.80,1045,15,1%,06/05/2025,6131,18.34,1,Corral 1 y 2
19/09/2025,5,490,0.50,2.00,2.00,8.77,0.00,0.30,6.85,1.40,3.00,2.00,24.80,490,0,0%,06/05/2025,6134,22.65,1,Corral 5 y 6
19/09/2025,6,1990,0.50,2.00,2.00,8.77,0.00,0.30,6.85,1.40,3.00,2.00,24.80,1990,10,1%,06/05/2025,6137,17.06,1,Corral 5 y 6
20/09/2025,1,1425,0.50,2.00,2.00,8.77,0.00,0.30,6.85,1.40,3.00,2.00,24.80,1425,75,5%,06/05/2025,6154,28.92,2,Corral 1 y 2
20/09/2025,2,490,0.50,2.00,2.00,8.77,0.00,0.30,6.85,1.40,3.00,2.00,24.80,490,0,0%,06/05/2025,6161,29.52,2,Corral 3 y 4
20/09/2025,3,1160,0.50,2.00,2.00,8.77,0.00,0.30,6.85,1.40,3.00,2.00,24.80,1160,40,3%,06/05/2025,6164,33.81,2,Corral 3 y 4
20/09/2025,4,1025,0.50,2.00,2.00,8.77,0.00,0.30,6.85,1.40,3.00,2.00,24.80,1025,35,3%,06/05/2025,6178,16.94,1,Corral 3 y 4
20/09/2025,5,490,0.50,2.00,2.00,8.77,0.00,0.30,6.85,1.40,3.00,2.00,24.80,490,0,0%,06/05/2025,6194,14.25,1,Corral 5 y 6
20/09/2025,6,1945,0.50,2.00,2.00,8.77,0.00,0.30,6.85,1.40,3.00,2.00,24.80,1945,55,3%,06/05/2025,6197,21.33,1,Corral 1 y 2
21/09/2025,1,1420,0.50,2.00,2.00,8.77,0.00,0.30,6.85,1.40,3.00,2.00,24.80,1420,80,6%,06/05/2025,6226,20.08,1,Corral 1 y 2
21/09/2025,2,490,0.50,2.00,2.00,8.77,0.00,0.30,6.85,1.40,3.00,2.00,24.80,490,0,0%,06/05/2025,6258,13.08,1,Corral 1 y 2
21/09/2025,3,1065,0.50,2.00,2.00,8.77,0.00,0.30,6.85,1.40,3.00,2.00,24.80,1065,135,13%,06/05/2025,8703,22.9,2,Corral 1 y 2
21/09/2025,4,995,0.50,2.00,2.00,8.77,0.00,0.30,6.85,1.40,3.00,2.00,24.80,995,65,7%,06/05/2025,8705,11.31,1,Corral 5 y 6
21/09/2025,5,490,0.50,2.00,2.00,8.77,0.00,0.30,6.85,1.40,3.00,2.00,24.80,490,0,0%,06/05/2025,8707,20.84,1,Corral 3 y 4
21/09/2025,6,1860,0.50,2.00,2.00,8.77,0.00,0.30,6.85,1.40,3.00,2.00,24.80,1860,140,8%,06/05/2025,8708,23.63,3,Corral 5 y 6
22/09/2025,1,1420,0.50,2.00,2.00,8.77,0.00,0.30,6.85,1.40,3.00,2.00,24.80,1420,80,6%,06/05/2025,8710,27.36,2,Corral 3 y 4
22/09/2025,2,490,0.50,2.00,2.00,8.77,0.00,0.30,6.85,1.40,3.00,2.00,24.80,490,0,0%,06/05/2025,8711,15.97,1,Corral 1 y 2
22/09/2025,3,1070,0.50,2.00,2.00,8.77,0.00,0.30,6.85,1.40,3.00,2.00,24.80,1070,130,12%,06/05/2025,8712,14.05,1,Corral 1 y 2
22/09/2025,4,960,0.50,2.00,2.00,8.77,0.00,0.30,6.85,1.40,3.00,2.00,24.80,960,100,10%,06/05/2025,8714,36.51,2,Corral 1 y 2
22/09/2025,5,490,0.50,2.00,2.00,8.77,0.00,0.30,6.85,1.40,3.00,2.00,24.80,490,0,0%,06/05/2025,8715,28.55,2,Corral 3 y 4
22/09/2025,6,1780,0.50,2.00,2.00,8.77,0.00,0.30,6.85,1.40,3.00,2.00,24.80,1780,220,12%,06/05/2025,8732,9.22,1,Corral 5 y 6
23/09/2025,1,1410,0.50,2.00,2.00,8.77,0.00,0.30,6.85,1.40,3.00,2.00,24.80,1410,90,6%,06/05/2025,8739,9.06,1,Corral 1 y 2
23/09/2025,2,490,0.50,2.00,2.00,8.77,0.00,0.30,6.85,1.40,3.00,2.00,24.80,490,0,0%,06/05/2025,8755,18.12,2,Corral 5 y 6
23/09/2025,3,1140,0.50,2.00,2.00,8.77,0.00,0.30,6.85,1.40,3.00,2.00,24.80,1140,60,5%,06/05/2025,8761,22.65,1,Corral 3 y 4
23/09/2025,4,875,0.50,2.00,2.00,8.77,0.00,0.30,6.85,1.40,3.00,2.00,24.80,875,185,21%,09/05/2025,1510,6.38,1,Corral 5 y 6
23/09/2025,5,490,0.50,2.00,2.00,8.77,0.00,0.30,6.85,1.40,3.00,2.00,24.80,490,0,0%,01/06/2025,1204,3.87,1,Corral 1 y 2
23/09/2025,6,1955,0.50,2.00,2.00,8.77,0.00,0.30,6.85,1.40,3.00,2.00,24.80,1955,45,2%,01/06/2025,1213,12.09,1,Corral 1 y 2
24/09/2025,1,1465,0.50,2.00,2.00,8.77,0.00,0.30,6.85,1.40,3.00,2.00,24.80,1465,35,2%,01/06/2025,1216,17.15,1,Corral 1 y 2
24/09/2025,2,490,0.50,2.00,2.00,8.77,0.00,0.30,6.85,1.40,3.00,2.00,24.80,490,0,0%,01/06/2025,1225,6.5,1,Corral 1 y 2
24/09/2025,3,1160,0.50,2.00,2.00,8.77,0.00,0.30,6.85,1.40,3.00,2.00,24.80,1160,40,3%,01/06/2025,1228,24.08,2,Corral 3 y 4
24/09/2025,4,1060,0.50,2.00,2.00,8.77,0.00,0.30,6.85,1.40,3.00,2.00,24.80,1060,0,0%,01/06/2025,1235,16.24,1,Corral 3 y 4
24/09/2025,5,490,0.50,2.00,2.00,8.77,0.00,0.30,6.85,1.40,3.00,2.00,24.80,490,0,0%,01/06/2025,1236,8.51,1,Corral 5 y 6
24/09/2025,6,2000,0.50,2.00,2.00,8.77,0.00,0.30,6.85,1.40,3.00,2.00,24.80,2000,0,0%,01/06/2025,1242,29.84,2,Corral 3 y 4
25/09/2025,1,1410,0.50,2.00,2.00,8.77,0.00,0.30,6.85,1.40,3.00,2.00,24.80,1410,90,6%,01/06/2025,1243,13.55,1,Corral 5 y 6
25/09/2025,2,490,0.50,2.00,2.00,8.77,0.00,0.30,6.85,1.40,3.00,2.00,24.80,490,0,0%,01/06/2025,1555,35.05,2,Corral 1 y 2
25/09/2025,3,1140,0.50,2.00,2.00,8.77,0.00,0.30,6.85,1.40,3.00,2.00,24.80,1140,60,5%,01/06/2025,1560,33.57,1,Corral 1 y 2
25/09/2025,4,875,0.50,2.00,2.00,8.77,0.00,0.30,6.85,1.40,3.00,2.00,24.80,875,185,21%,01/06/2025,1567,20.09,1,Corral 3 y 4
25/09/2025,5,490,0.50,2.00,2.00,8.77,0.00,0.30,6.85,1.40,3.00,2.00,24.80,490,0,0%,01/06/2025,1577,44.15,2,Corral 3 y 4
25/09/2025,6,1955,0.50,2.00,2.00,8.77,0.00,0.30,6.85,1.40,3.00,2.00,24.80,1955,45,2%,01/06/2025,1617,13.17,1,Corral 5 y 6
,,,,,,,,,,,,,,,,,01/06/2025,1638,28.12,1,Corral 1 y 2
,,,,,,,,,,,,,,,,,01/06/2025,1644,15.99,1,Corral 1 y 2
,,,,,,,,,,,,,,,,,01/06/2025,2070,22.12,1,Corral 3 y 4
,,,,,,,,,,,,,,,,,01/06/2025,2074,16.99,1,Corral 5 y 6
,,,,,,,,,,,,,,,,,01/06/2025,2082,21.43,1,Corral 3 y 4
,,,,,,,,,,,,,,,,,01/06/2025,2087,24.72,1,Corral 1 y 2
,,,,,,,,,,,,,,,,,01/06/2025,2108,14.12,1,Corral 3 y 4
,,,,,,,,,,,,,,,,,01/06/2025,2119,27.61,2,Corral 1 y 2
,,,,,,,,,,,,,,,,,01/06/2025,2122,21.56,1,Corral 1 y 2
,,,,,,,,,,,,,,,,,01/06/2025,2165,39.54,2,Corral 5 y 6
,,,,,,,,,,,,,,,,,01/06/2025,5767,34.71,2,Corral 3 y 4
,,,,,,,,,,,,,,,,,01/06/2025,5981,5.7,1,Corral 5 y 6
,,,,,,,,,,,,,,,,,01/06/2025,6012,35.07,2,Corral 1 y 2
,,,,,,,,,,,,,,,,,01/06/2025,6050,34.01,2,Corral 3 y 4
,,,,,,,,,,,,,,,,,01/06/2025,6054,41.52,2,Corral 5 y 6
,,,,,,,,,,,,,,,,,01/06/2025,6070,16.26,1,Corral 1 y 2
,,,,,,,,,,,,,,,,,01/06/2025,6092,16.8,1,Corral 1 y 2
,,,,,,,,,,,,,,,,,01/06/2025,6098,15.52,1,Corral 5 y 6
,,,,,,,,,,,,,,,,,01/06/2025,6131,44.11,2,Corral 1 y 2
,,,,,,,,,,,,,,,,,01/06/2025,6134,25.63,2,Corral 1 y 2
,,,,,,,,,,,,,,,,,01/06/2025,6137,15.9,1,Corral 1 y 2
,,,,,,,,,,,,,,,,,01/06/2025,6161,25.79,2,Corral 3 y 4
,,,,,,,,,,,,,,,,,01/06/2025,6164,56.29,3,Corral 3 y 4
,,,,,,,,,,,,,,,,,01/06/2025,6178,25.74,1,Corral 1 y 2
,,,,,,,,,,,,,,,,,01/06/2025,6193,26.1,1,Corral 3 y 4
,,,,,,,,,,,,,,,,,01/06/2025,6194,27.33,1,Corral 3 y 4
,,,,,,,,,,,,,,,,,01/06/2025,6197,26.13,1,Corral 1 y 2
,,,,,,,,,,,,,,,,,01/06/2025,6226,32.06,2,Corral 1 y 2
,,,,,,,,,,,,,,,,,01/06/2025,6258,35.14,2,Corral 1 y 2
,,,,,,,,,,,,,,,,,01/06/2025,8703,22.45,2,Corral 1 y 2
,,,,,,,,,,,,,,,,,01/06/2025,8705,16.18,1,Corral 1 y 2
,,,,,,,,,,,,,,,,,01/06/2025,8707,31.26,2,Corral 3 y 4
,,,,,,,,,,,,,,,,,01/06/2025,8708,8.13,1,Corral 5 y 6
,,,,,,,,,,,,,,,,,01/06/2025,8710,11.16,1,Corral 5 y 6
,,,,,,,,,,,,,,,,,01/06/2025,8711,9.46,1,Corral 1 y 2
,,,,,,,,,,,,,,,,,01/06/2025,8714,15.58,1,Corral 1 y 2
,,,,,,,,,,,,,,,,,01/06/2025,8732,5.73,1,Corral 1 y 2
,,,,,,,,,,,,,,,,,02/06/2025,1213,14.13,1,Corral 1 y 2
,,,,,,,,,,,,,,,,,02/06/2025,1216,16.74,1,Corral 5 y 6
,,,,,,,,,,,,,,,,,02/06/2025,1225,12.3,2,Corral 5 y 6
,,,,,,,,,,,,,,,,,02/06/2025,1228,25.26,2,Corral 3 y 4
,,,,,,,,,,,,,,,,,02/06/2025,1235,29.49,2,Corral 3 y 4
,,,,,,,,,,,,,,,,,02/06/2025,1236,19.26,2,Corral 5 y 6
,,,,,,,,,,,,,,,,,02/06/2025,1242,18.27,1,Corral 3 y 4
,,,,,,,,,,,,,,,,,02/06/2025,1243,16.82,1,Corral 5 y 6
,,,,,,,,,,,,,,,,,02/06/2025,1555,35.08,2,Corral 1 y 2
,,,,,,,,,,,,,,,,,02/06/2025,1560,28.47,1,Corral 1 y 2
,,,,,,,,,,,,,,,,,02/06/2025,1567,36.81,2,Corral 3 y 4
,,,,,,,,,,,,,,,,,02/06/2025,1577,36.28,2,Corral 3 y 4
,,,,,,,,,,,,,,,,,02/06/2025,1590,18.75,1,Corral 3 y 4
,,,,,,,,,,,,,,,,,02/06/2025,1617,38.2,2,Corral 5 y 6
,,,,,,,,,,,,,,,,,02/06/2025,1644,14.41,1,Corral 1 y 2
,,,,,,,,,,,,,,,,,02/06/2025,2070,30.86,2,Corral 3 y 4
,,,,,,,,,,,,,,,,,02/06/2025,2074,28.2,2,Corral 5 y 6
,,,,,,,,,,,,,,,,,02/06/2025,2076,27.01,2,Corral 5 y 6
,,,,,,,,,,,,,,,,,02/06/2025,2082,18.97,1,Corral 3 y 4
,,,,,,,,,,,,,,,,,02/06/2025,2087,37.24,2,Corral 1 y 2
,,,,,,,,,,,,,,,,,02/06/2025,2108,35.05,2,Corral 3 y 4
,,,,,,,,,,,,,,,,,02/06/2025,2110,16.56,1,Corral 3 y 4
,,,,,,,,,,,,,,,,,02/06/2025,2119,30.95,2,Corral 1 y 2
,,,,,,,,,,,,,,,,,02/06/2025,2122,22.04,1,Corral 1 y 2
,,,,,,,,,,,,,,,,,02/06/2025,2150,34.22,2,Corral 3 y 4
,,,,,,,,,,,,,,,,,02/06/2025,2165,19.76,1,Corral 5 y 6
,,,,,,,,,,,,,,,,,02/06/2025,5767,22.26,1,Corral 3 y 4
,,,,,,,,,,,,,,,,,02/06/2025,6012,23.3,1,Corral 1 y 2
,,,,,,,,,,,,,,,,,02/06/2025,6050,36.73,2,Corral 3 y 4
,,,,,,,,,,,,,,,,,02/06/2025,6054,40.46,2,Corral 5 y 6
,,,,,,,,,,,,,,,,,02/06/2025,6062,27.95,1,Corral 3 y 4
,,,,,,,,,,,,,,,,,02/06/2025,6070,38.14,2,Corral 1 y 2
,,,,,,,,,,,,,,,,,02/06/2025,6092,16.69,1,Corral 1 y 2
,,,,,,,,,,,,,,,,,02/06/2025,6124,21.74,2,Corral 5 y 6
,,,,,,,,,,,,,,,,,02/06/2025,6131,17.59,1,Corral 1 y 2
,,,,,,,,,,,,,,,,,02/06/2025,6134,47.82,2,Corral 1 y 2
,,,,,,,,,,,,,,,,,02/06/2025,6137,19.85,1,Corral 1 y 2
,,,,,,,,,,,,,,,,,02/06/2025,6161,30.59,2,Corral 3 y 4
,,,,,,,,,,,,,,,,,02/06/2025,6164,22.25,1,Corral 3 y 4
,,,,,,,,,,,,,,,,,02/06/2025,6178,42.19,2,Corral 1 y 2
,,,,,,,,,,,,,,,,,02/06/2025,6193,38.17,2,Corral 3 y 4
,,,,,,,,,,,,,,,,,02/06/2025,6194,27.3,2,Corral 3 y 4
,,,,,,,,,,,,,,,,,02/06/2025,6197,39.13,2,Corral 1 y 2
,,,,,,,,,,,,,,,,,02/06/2025,6226,37.69,2,Corral 1 y 2
,,,,,,,,,,,,,,,,,02/06/2025,6258,24.82,2,Corral 1 y 2
,,,,,,,,,,,,,,,,,02/06/2025,8703,17.59,1,Corral 1 y 2
,,,,,,,,,,,,,,,,,02/06/2025,8705,16.66,1,Corral 1 y 2
,,,,,,,,,,,,,,,,,02/06/2025,8707,21.75,1,Corral 3 y 4
,,,,,,,,,,,,,,,,,02/06/2025,8708,13.34,1,Corral 1 y 2
,,,,,,,,,,,,,,,,,02/06/2025,8710,15.58,1,Corral 3 y 4
,,,,,,,,,,,,,,,,,02/06/2025,8711,13.22,1,Corral 1 y 2
,,,,,,,,,,,,,,,,,02/06/2025,8712,10.07,1,Corral 5 y 6
,,,,,,,,,,,,,,,,,02/06/2025,8714,30.53,2,Corral 1 y 2
,,,,,,,,,,,,,,,,,02/06/2025,8715,10.86,1,Corral 5 y 6
,,,,,,,,,,,,,,,,,02/06/2025,8732,7.58,1,Corral 1 y 2
,,,,,,,,,,,,,,,,,02/06/2025,8755,9.33,1,Corral 5 y 6
,,,,,,,,,,,,,,,,,02/06/2025,8761,17.68,1,Corral 1 y 2
,,,,,,,,,,,,,,,,,03/06/2025,1204,23.26,1,Corral 5 y 6
,,,,,,,,,,,,,,,,,03/06/2025,1213,20.19,1,Corral 1 y 2
,,,,,,,,,,,,,,,,,03/06/2025,1216,16.73,1,Corral 3 y 4
,,,,,,,,,,,,,,,,,03/06/2025,1225,20.33,2,Corral 1 y 2
,,,,,,,,,,,,,,,,,03/06/2025,1228,14.62,1,Corral 3 y 4
,,,,,,,,,,,,,,,,,03/06/2025,1235,26.05,2,Corral 3 y 4
,,,,,,,,,,,,,,,,,03/06/2025,1236,12.93,1,Corral 3 y 4
,,,,,,,,,,,,,,,,,03/06/2025,1242,20.28,1,Corral 3 y 4
,,,,,,,,,,,,,,,,,03/06/2025,1243,30.42,2,Corral 3 y 4
,,,,,,,,,,,,,,,,,03/06/2025,1555,33.32,2,Corral 1 y 2
,,,,,,,,,,,,,,,,,03/06/2025,1560,39.71,2,Corral 1 y 2
,,,,,,,,,,,,,,,,,03/06/2025,1567,32.56,2,Corral 3 y 4
,,,,,,,,,,,,,,,,,03/06/2025,1577,21.21,1,Corral 3 y 4
,,,,,,,,,,,,,,,,,03/06/2025,1590,38.71,2,Corral 3 y 4
,,,,,,,,,,,,,,,,,03/06/2025,1617,12.07,1,Corral 5 y 6
,,,,,,,,,,,,,,,,,03/06/2025,1638,19.3,1,Corral 1 y 2
,,,,,,,,,,,,,,,,,03/06/2025,1644,18.44,1,Corral 1 y 2
,,,,,,,,,,,,,,,,,03/06/2025,2070,15.38,1,Corral 3 y 4
,,,,,,,,,,,,,,,,,03/06/2025,2074,17.04,1,Corral 3 y 4
,,,,,,,,,,,,,,,,,03/06/2025,2076,28.19,2,Corral 1 y 2
,,,,,,,,,,,,,,,,,03/06/2025,2082,13.28,1,Corral 3 y 4
,,,,,,,,,,,,,,,,,03/06/2025,2087,23.71,2,Corral 1 y 2
,,,,,,,,,,,,,,,,,03/06/2025,2108,22.42,1,Corral 5 y 6
,,,,,,,,,,,,,,,,,03/06/2025,2110,19.53,1,Corral 3 y 4
,,,,,,,,,,,,,,,,,03/06/2025,2119,34.8,2,Corral 3 y 4
,,,,,,,,,,,,,,,,,03/06/2025,2122,16.82,1,Corral 3 y 4
,,,,,,,,,,,,,,,,,03/06/2025,2150,24.49,1,Corral 5 y 6
,,,,,,,,,,,,,,,,,03/06/2025,2165,9.91,1,Corral 5 y 6
,,,,,,,,,,,,,,,,,03/06/2025,5767,21.29,1,Corral 1 y 2
,,,,,,,,,,,,,,,,,03/06/2025,6012,19.76,1,Corral 1 y 2
,,,,,,,,,,,,,,,,,03/06/2025,6050,18.72,1,Corral 3 y 4
,,,,,,,,,,,,,,,,,03/06/2025,6054,22.22,2,Corral 3 y 4
,,,,,,,,,,,,,,,,,03/06/2025,6062,47.96,2,Corral 3 y 4
,,,,,,,,,,,,,,,,,03/06/2025,6070,24.22,1,Corral 5 y 6
,,,,,,,,,,,,,,,,,03/06/2025,6092,19.2,1,Corral 1 y 2
,,,,,,,,,,,,,,,,,03/06/2025,6124,11.44,1,Corral 5 y 6
,,,,,,,,,,,,,,,,,03/06/2025,6131,14.68,1,Corral 1 y 2
,,,,,,,,,,,,,,,,,03/06/2025,6134,23.82,1,Corral 5 y 6
,,,,,,,,,,,,,,,,,03/06/2025,6137,23.48,2,Corral 3 y 4
,,,,,,,,,,,,,,,,,03/06/2025,6161,15.17,1,Corral 3 y 4
,,,,,,,,,,,,,,,,,03/06/2025,6164,21.99,2,Corral 3 y 4
,,,,,,,,,,,,,,,,,03/06/2025,6178,38.86,2,Corral 3 y 4
,,,,,,,,,,,,,,,,,03/06/2025,6193,18.05,1,Corral 5 y 6
,,,,,,,,,,,,,,,,,03/06/2025,6194,29.78,1,Corral 1 y 2
,,,,,,,,,,,,,,,,,03/06/2025,6197,24.47,2,Corral 1 y 2
,,,,,,,,,,,,,,,,,03/06/2025,6226,27.21,2,Corral 1 y 2
,,,,,,,,,,,,,,,,,03/06/2025,6258,32.93,2,Corral 1 y 2
,,,,,,,,,,,,,,,,,03/06/2025,8703,27.43,2,Corral 1 y 2
,,,,,,,,,,,,,,,,,03/06/2025,8705,15.58,1,Corral 1 y 2
,,,,,,,,,,,,,,,,,03/06/2025,8707,24.18,2,Corral 3 y 4
,,,,,,,,,,,,,,,,,03/06/2025,8708,22.93,2,Corral 5 y 6
,,,,,,,,,,,,,,,,,03/06/2025,8710,22.78,2,Corral 3 y 4
,,,,,,,,,,,,,,,,,03/06/2025,8711,22.51,2,Corral 1 y 2
,,,,,,,,,,,,,,,,,03/06/2025,8712,13.11,1,Corral 1 y 2
,,,,,,,,,,,,,,,,,03/06/2025,8714,28.22,2,Corral 1 y 2
,,,,,,,,,,,,,,,,,03/06/2025,8715,14.37,1,Corral 3 y 4
,,,,,,,,,,,,,,,,,03/06/2025,8732,11.97,1,Corral 1 y 2
,,,,,,,,,,,,,,,,,03/06/2025,8755,8.25,1,Corral 3 y 4
,,,,,,,,,,,,,,,,,03/06/2025,8761,18.63,1,Corral 1 y 2
,,,,,,,,,,,,,,,,,04/06/2025,1216,19.98,1,Corral 3 y 4
,,,,,,,,,,,,,,,,,04/06/2025,1225,20.3,1,Corral 1 y 2
,,,,,,,,,,,,,,,,,04/06/2025,1228,13.33,1,Corral 3 y 4
,,,,,,,,,,,,,,,,,04/06/2025,1235,11.37,1,Corral 3 y 4
,,,,,,,,,,,,,,,,,04/06/2025,1236,16.56,1,Corral 3 y 4
,,,,,,,,,,,,,,,,,04/06/2025,1242,23.78,1,Corral 3 y 4
,,,,,,,,,,,,,,,,,04/06/2025,1243,10.62,1,Corral 3 y 4
,,,,,,,,,,,,,,,,,04/06/2025,1555,36.06,2,Corral 1 y 2
,,,,,,,,,,,,,,,,,04/06/2025,1567,14.57,1,Corral 3 y 4
,,,,,,,,,,,,,,,,,04/06/2025,1577,13.65,1,Corral 3 y 4
,,,,,,,,,,,,,,,,,04/06/2025,1644,8.53,1,Corral 1 y 2
,,,,,,,,,,,,,,,,,04/06/2025,2070,27.8,1,Corral 3 y 4
,,,,,,,,,,,,,,,,,04/06/2025,2074,17.71,1,Corral 3 y 4
,,,,,,,,,,,,,,,,,04/06/2025,2076,21.71,1,Corral 1 y 2
,,,,,,,,,,,,,,,,,04/06/2025,2087,35.61,1,Corral 3 y 4
,,,,,,,,,,,,,,,,,04/06/2025,2110,16.22,1,Corral 1 y 2
,,,,,,,,,,,,,,,,,04/06/2025,6012,15.06,1,Corral 1 y 2
,,,,,,,,,,,,,,,,,04/06/2025,6050,10.31,1,Corral 5 y 6
,,,,,,,,,,,,,,,,,04/06/2025,6054,28.14,1,Corral 3 y 4
,,,,,,,,,,,,,,,,,04/06/2025,6092,18.09,1,Corral 1 y 2
,,,,,,,,,,,,,,,,,04/06/2025,6131,10.82,1,Corral 1 y 2
,,,,,,,,,,,,,,,,,04/06/2025,6134,28.26,1,Corral 5 y 6
,,,,,,,,,,,,,,,,,04/06/2025,6137,15.73,1,Corral 5 y 6
,,,,,,,,,,,,,,,,,04/06/2025,6161,26.58,2,Corral 3 y 4
,,,,,,,,,,,,,,,,,04/06/2025,6164,23.34,1,Corral 3 y 4
,,,,,,,,,,,,,,,,,04/06/2025,6226,25.51,1,Corral 1 y 2
,,,,,,,,,,,,,,,,,04/06/2025,6258,18.52,1,Corral 1 y 2
,,,,,,,,,,,,,,,,,04/06/2025,8708,15.72,1,Corral 5 y 6
,,,,,,,,,,,,,,,,,04/06/2025,8712,13.82,1,Corral 1 y 2
,,,,,,,,,,,,,,,,,04/06/2025,8714,28.7,2,Corral 1 y 2
,,,,,,,,,,,,,,,,,04/06/2025,8732,9.83,1,Corral 5 y 6
,,,,,,,,,,,,,,,,,05/06/2025,1204,21.95,1,Corral 5 y 6
,,,,,,,,,,,,,,,,,05/06/2025,1213,17.3,1,Corral 1 y 2
,,,,,,,,,,,,,,,,,05/06/2025,1216,35.5,2,Corral 3 y 4
,,,,,,,,,,,,,,,,,05/06/2025,1225,10.86,1,Corral 1 y 2
,,,,,,,,,,,,,,,,,05/06/2025,1228,13.75,1,Corral 3 y 4
,,,,,,,,,,,,,,,,,05/06/2025,1235,10.92,1,Corral 1 y 2
,,,,,,,,,,,,,,,,,05/06/2025,1236,12.21,1,Corral 3 y 4
,,,,,,,,,,,,,,,,,05/06/2025,1242,18.63,1,Corral 3 y 4
,,,,,,,,,,,,,,,,,05/06/2025,1243,22.28,2,Corral 3 y 4
,,,,,,,,,,,,,,,,,05/06/2025,1555,13.39,1,Corral 1 y 2
,,,,,,,,,,,,,,,,,05/06/2025,1560,47.46,2,Corral 1 y 2
,,,,,,,,,,,,,,,,,05/06/2025,1567,17.45,1,Corral 3 y 4
,,,,,,,,,,,,,,,,,05/06/2025,1577,28.54,2,Corral 3 y 4
,,,,,,,,,,,,,,,,,05/06/2025,1590,7.13,2,Corral 1 y 2
,,,,,,,,,,,,,,,,,05/06/2025,2070,27.15,2,Corral 3 y 4
,,,,,,,,,,,,,,,,,05/06/2025,2074,13.54,1,Corral 3 y 4
,,,,,,,,,,,,,,,,,05/06/2025,2082,32.38,2,Corral 3 y 4
,,,,,,,,,,,,,,,,,05/06/2025,2087,22.27,1,Corral 3 y 4
,,,,,,,,,,,,,,,,,05/06/2025,2110,40.33,2,Corral 1 y 2
,,,,,,,,,,,,,,,,,05/06/2025,2119,18.44,1,Corral 3 y 4
,,,,,,,,,,,,,,,,,05/06/2025,2122,23.14,1,Corral 3 y 4
,,,,,,,,,,,,,,,,,05/06/2025,2150,25.95,1,Corral 5 y 6
,,,,,,,,,,,,,,,,,05/06/2025,2165,17.35,1,Corral 5 y 6
,,,,,,,,,,,,,,,,,05/06/2025,5767,20.41,1,Corral 3 y 4
,,,,,,,,,,,,,,,,,05/06/2025,6012,17.56,1,Corral 1 y 2
,,,,,,,,,,,,,,,,,05/06/2025,6050,17.38,1,Corral 5 y 6
,,,,,,,,,,,,,,,,,05/06/2025,6054,33.27,2,Corral 3 y 4
,,,,,,,,,,,,,,,,,05/06/2025,6062,36,2,Corral 5 y 6
,,,,,,,,,,,,,,,,,05/06/2025,6070,15.69,1,Corral 5 y 6
,,,,,,,,,,,,,,,,,05/06/2025,6092,21.27,1,Corral 1 y 2
,,,,,,,,,,,,,,,,,05/06/2025,6134,22.19,2,Corral 5 y 6
,,,,,,,,,,,,,,,,,05/06/2025,6137,25.04,2,Corral 5 y 6
,,,,,,,,,,,,,,,,,05/06/2025,6154,28.29,2,Corral 1 y 2
,,,,,,,,,,,,,,,,,05/06/2025,6161,15.97,1,Corral 3 y 4
,,,,,,,,,,,,,,,,,05/06/2025,6164,39.33,2,Corral 3 y 4
,,,,,,,,,,,,,,,,,05/06/2025,6178,21.88,1,Corral 3 y 4
,,,,,,,,,,,,,,,,,05/06/2025,6193,32.21,2,Corral 5 y 6
,,,,,,,,,,,,,,,,,05/06/2025,6197,23.17,1,Corral 1 y 2
,,,,,,,,,,,,,,,,,05/06/2025,6226,47.12,3,Corral 1 y 2
,,,,,,,,,,,,,,,,,05/06/2025,6258,34.33,2,Corral 1 y 2
,,,,,,,,,,,,,,,,,05/06/2025,8703,15.71,2,Corral 1 y 2
,,,,,,,,,,,,,,,,,05/06/2025,8705,15.49,1,Corral 5 y 6
,,,,,,,,,,,,,,,,,05/06/2025,8707,21.7,1,Corral 3 y 4
,,,,,,,,,,,,,,,,,05/06/2025,8708,11.26,1,Corral 5 y 6
,,,,,,,,,,,,,,,,,05/06/2025,8710,15.11,1,Corral 3 y 4
,,,,,,,,,,,,,,,,,05/06/2025,8711,20.12,1,Corral 1 y 2
,,,,,,,,,,,,,,,,,05/06/2025,8712,15.02,1,Corral 1 y 2
,,,,,,,,,,,,,,,,,05/06/2025,8714,19.43,1,Corral 1 y 2
,,,,,,,,,,,,,,,,,05/06/2025,8715,18.47,1,Corral 3 y 4
,,,,,,,,,,,,,,,,,05/06/2025,8732,12.38,1,Corral 5 y 6
,,,,,,,,,,,,,,,,,05/06/2025,8755,9.47,1,Corral 5 y 6
,,,,,,,,,,,,,,,,,05/06/2025,8761,41.04,2,Corral 3 y 4
,,,,,,,,,,,,,,,,,06/06/2025,1204,12.72,1,Corral 5 y 6
,,,,,,,,,,,,,,,,,06/06/2025,1216,30.32,2,Corral 3 y 4
,,,,,,,,,,,,,,,,,06/06/2025,1225,14.58,1,Corral 1 y 2
,,,,,,,,,,,,,,,,,06/06/2025,1228,20.07,1,Corral 3 y 4
,,,,,,,,,,,,,,,,,06/06/2025,1235,12.56,1,Corral 1 y 2
,,,,,,,,,,,,,,,,,06/06/2025,1236,13.34,1,Corral 3 y 4
,,,,,,,,,,,,,,,,,06/06/2025,1242,27.63,2,Corral 3 y 4
,,,,,,,,,,,,,,,,,06/06/2025,1243,23.21,2,Corral 3 y 4
,,,,,,,,,,,,,,,,,06/06/2025,1555,16.42,1,Corral 1 y 2
,,,,,,,,,,,,,,,,,06/06/2025,1560,24.08,2,Corral 1 y 2
,,,,,,,,,,,,,,,,,06/06/2025,1567,33.3,2,Corral 3 y 4
,,,,,,,,,,,,,,,,,06/06/2025,1577,28.14,1,Corral 3 y 4
,,,,,,,,,,,,,,,,,06/06/2025,1590,21.33,2,Corral 1 y 2
,,,,,,,,,,,,,,,,,06/06/2025,1638,17.43,1,Corral 1 y 2
,,,,,,,,,,,,,,,,,06/06/2025,1644,14.04,1,Corral 1 y 2
,,,,,,,,,,,,,,,,,06/06/2025,2070,25.17,2,Corral 3 y 4
,,,,,,,,,,,,,,,,,06/06/2025,2074,11.14,1,Corral 3 y 4
,,,,,,,,,,,,,,,,,06/06/2025,2076,24.84,2,Corral 1 y 2
,,,,,,,,,,,,,,,,,06/06/2025,2082,20.03,1,Corral 3 y 4
,,,,,,,,,,,,,,,,,06/06/2025,2087,21.57,1,Corral 3 y 4
,,,,,,,,,,,,,,,,,06/06/2025,2108,18.82,1,Corral 5 y 6
,,,,,,,,,,,,,,,,,06/06/2025,2119,20.2,1,Corral 3 y 4
,,,,,,,,,,,,,,,,,06/06/2025,2122,11.68,1,Corral 3 y 4
,,,,,,,,,,,,,,,,,06/06/2025,2150,23.38,2,Corral 5 y 6
,,,,,,,,,,,,,,,,,06/06/2025,5767,21.01,1,Corral 3 y 4
,,,,,,,,,,,,,,,,,06/06/2025,6012,18.32,1,Corral 1 y 2
,,,,,,,,,,,,,,,,,06/06/2025,6062,36.31,2,Corral 5 y 6
,,,,,,,,,,,,,,,,,06/06/2025,6070,36.83,2,Corral 5 y 6
,,,,,,,,,,,,,,,,,06/06/2025,6092,23.21,1,Corral 1 y 2
,,,,,,,,,,,,,,,,,06/06/2025,6131,15.72,1,Corral 1 y 2
,,,,,,,,,,,,,,,,,06/06/2025,6134,21.56,1,Corral 5 y 6
,,,,,,,,,,,,,,,,,06/06/2025,6137,12.52,1,Corral 5 y 6
,,,,,,,,,,,,,,,,,06/06/2025,6154,27.69,2,Corral 1 y 2
,,,,,,,,,,,,,,,,,06/06/2025,6161,20.68,1,Corral 3 y 4
,,,,,,,,,,,,,,,,,06/06/2025,6164,40.88,3,Corral 3 y 4
,,,,,,,,,,,,,,,,,06/06/2025,6178,15.15,1,Corral 3 y 4
,,,,,,,,,,,,,,,,,06/06/2025,6193,12.12,1,Corral 5 y 6
,,,,,,,,,,,,,,,,,06/06/2025,6194,8.41,1,Corral 5 y 6
,,,,,,,,,,,,,,,,,06/06/2025,6197,21.61,1,Corral 1 y 2
,,,,,,,,,,,,,,,,,06/06/2025,6226,28.67,2,Corral 1 y 2
,,,,,,,,,,,,,,,,,06/06/2025,6258,11.36,1,Corral 1 y 2
,,,,,,,,,,,,,,,,,06/06/2025,8703,10.54,1,Corral 1 y 2
,,,,,,,,,,,,,,,,,06/06/2025,8705,19.21,1,Corral 5 y 6
,,,,,,,,,,,,,,,,,06/06/2025,8707,12.07,1,Corral 3 y 4
,,,,,,,,,,,,,,,,,06/06/2025,8708,15.27,1,Corral 5 y 6
,,,,,,,,,,,,,,,,,06/06/2025,8710,14.56,1,Corral 3 y 4
,,,,,,,,,,,,,,,,,06/06/2025,8711,20.71,1,Corral 1 y 2
,,,,,,,,,,,,,,,,,06/06/2025,8712,14.71,1,Corral 1 y 2
,,,,,,,,,,,,,,,,,06/06/2025,8714,22.41,1,Corral 1 y 2
,,,,,,,,,,,,,,,,,06/06/2025,8715,29.75,2,Corral 3 y 4
,,,,,,,,,,,,,,,,,06/06/2025,8732,15.85,2,Corral 5 y 6
,,,,,,,,,,,,,,,,,06/06/2025,8739,10.18,1,Corral 1 y 2
,,,,,,,,,,,,,,,,,06/06/2025,8761,14.94,1,Corral 3 y 4
,,,,,,,,,,,,,,,,,09/06/2025,1510,7.01,1,Corral 5 y 6
,,,,,,,,,,,,,,,,,01/07/2025,1204,17.41,1,Corral 1 y 2
,,,,,,,,,,,,,,,,,01/07/2025,1213,22.93,2,Corral 1 y 2
,,,,,,,,,,,,,,,,,01/07/2025,1216,20.47,1,Corral 1 y 2
,,,,,,,,,,,,,,,,,01/07/2025,1225,7.91,1,Corral 1 y 2
,,,,,,,,,,,,,,,,,01/07/2025,1228,11.18,1,Corral 3 y 4
,,,,,,,,,,,,,,,,,01/07/2025,1235,23.56,2,Corral 3 y 4
,,,,,,,,,,,,,,,,,01/07/2025,1236,12.43,1,Corral 5 y 6
,,,,,,,,,,,,,,,,,01/07/2025,1242,19.49,1,Corral 3 y 4
,,,,,,,,,,,,,,,,,01/07/2025,1243,13.25,1,Corral 5 y 6
,,,,,,,,,,,,,,,,,01/07/2025,1555,37.3,3,Corral 1 y 2
,,,,,,,,,,,,,,,,,01/07/2025,1560,28.5,2,Corral 1 y 2
,,,,,,,,,,,,,,,,,01/07/2025,1567,44.92,2,Corral 3 y 4
,,,,,,,,,,,,,,,,,01/07/2025,1577,42.81,2,Corral 3 y 4
,,,,,,,,,,,,,,,,,01/07/2025,1617,26.21,1,Corral 5 y 6
,,,,,,,,,,,,,,,,,01/07/2025,1638,45.76,2,Corral 1 y 2
,,,,,,,,,,,,,,,,,01/07/2025,1644,39.02,2,Corral 1 y 2
,,,,,,,,,,,,,,,,,01/07/2025,2070,23.77,1,Corral 3 y 4
,,,,,,,,,,,,,,,,,01/07/2025,2074,18.01,1,Corral 5 y 6
,,,,,,,,,,,,,,,,,01/07/2025,2076,25.76,1,Corral 5 y 6
,,,,,,,,,,,,,,,,,01/07/2025,2082,22.05,1,Corral 3 y 4
,,,,,,,,,,,,,,,,,01/07/2025,2087,26.67,1,Corral 1 y 2
,,,,,,,,,,,,,,,,,01/07/2025,2108,26.52,1,Corral 3 y 4
,,,,,,,,,,,,,,,,,01/07/2025,2119,24.42,1,Corral 1 y 2
,,,,,,,,,,,,,,,,,01/07/2025,2122,19.99,1,Corral 1 y 2
,,,,,,,,,,,,,,,,,01/07/2025,2165,26.03,1,Corral 5 y 6
,,,,,,,,,,,,,,,,,01/07/2025,5767,36.54,2,Corral 3 y 4
,,,,,,,,,,,,,,,,,01/07/2025,5981,12.07,1,Corral 5 y 6
,,,,,,,,,,,,,,,,,01/07/2025,6012,21.27,1,Corral 1 y 2
,,,,,,,,,,,,,,,,,01/07/2025,6050,44.7,2,Corral 3 y 4
,,,,,,,,,,,,,,,,,01/07/2025,6054,25.54,1,Corral 5 y 6
,,,,,,,,,,,,,,,,,01/07/2025,6070,50,2,Corral 1 y 2
,,,,,,,,,,,,,,,,,01/07/2025,6092,31.06,2,Corral 1 y 2
,,,,,,,,,,,,,,,,,01/07/2025,6098,6.46,1,Corral 5 y 6
,,,,,,,,,,,,,,,,,01/07/2025,6124,17.54,1,Corral 5 y 6
,,,,,,,,,,,,,,,,,01/07/2025,6131,33.65,2,Corral 1 y 2
,,,,,,,,,,,,,,,,,01/07/2025,6134,36.72,2,Corral 1 y 2
,,,,,,,,,,,,,,,,,01/07/2025,6137,31.53,2,Corral 1 y 2
,,,,,,,,,,,,,,,,,01/07/2025,6161,22.44,1,Corral 3 y 4
,,,,,,,,,,,,,,,,,01/07/2025,6164,26.58,1,Corral 3 y 4
,,,,,,,,,,,,,,,,,01/07/2025,6178,23.59,1,Corral 1 y 2
,,,,,,,,,,,,,,,,,01/07/2025,6193,26.59,1,Corral 3 y 4
,,,,,,,,,,,,,,,,,01/07/2025,6194,40.19,2,Corral 3 y 4
,,,,,,,,,,,,,,,,,01/07/2025,6197,16.01,1,Corral 1 y 2
,,,,,,,,,,,,,,,,,01/07/2025,6226,34.43,2,Corral 1 y 2
,,,,,,,,,,,,,,,,,01/07/2025,6258,19.99,1,Corral 1 y 2
,,,,,,,,,,,,,,,,,01/07/2025,8703,27.28,2,Corral 1 y 2
,,,,,,,,,,,,,,,,,01/07/2025,8705,20.87,1,Corral 1 y 2
,,,,,,,,,,,,,,,,,01/07/2025,8707,21.29,2,Corral 3 y 4
,,,,,,,,,,,,,,,,,01/07/2025,8708,13.4,1,Corral 5 y 6
,,,,,,,,,,,,,,,,,01/07/2025,8710,12.82,1,Corral 5 y 6
,,,,,,,,,,,,,,,,,01/07/2025,8711,11.16,1,Corral 1 y 2
,,,,,,,,,,,,,,,,,01/07/2025,8714,11.22,1,Corral 1 y 2
,,,,,,,,,,,,,,,,,01/07/2025,8732,12.73,1,Corral 1 y 2
,,,,,,,,,,,,,,,,,02/07/2025,1204,20.2,1,Corral 5 y 6
,,,,,,,,,,,,,,,,,02/07/2025,1213,14.91,1,Corral 1 y 2
,,,,,,,,,,,,,,,,,02/07/2025,1216,18.68,1,Corral 5 y 6
,,,,,,,,,,,,,,,,,02/07/2025,1225,18.04,2,Corral 5 y 6
,,,,,,,,,,,,,,,,,02/07/2025,1228,22.75,2,Corral 3 y 4
,,,,,,,,,,,,,,,,,02/07/2025,1236,14.19,1,Corral 5 y 6
,,,,,,,,,,,,,,,,,02/07/2025,1242,14.49,1,Corral 3 y 4
,,,,,,,,,,,,,,,,,02/07/2025,1243,10.8,1,Corral 5 y 6
,,,,,,,,,,,,,,,,,02/07/2025,1555,35.16,2,Corral 1 y 2
,,,,,,,,,,,,,,,,,02/07/2025,1560,27.34,1,Corral 1 y 2
,,,,,,,,,,,,,,,,,02/07/2025,1567,5.59,1,Corral 3 y 4
,,,,,,,,,,,,,,,,,02/07/2025,1577,32.89,2,Corral 3 y 4
,,,,,,,,,,,,,,,,,02/07/2025,1590,10.4,1,Corral 3 y 4
,,,,,,,,,,,,,,,,,02/07/2025,1617,26.42,1,Corral 5 y 6
,,,,,,,,,,,,,,,,,02/07/2025,1638,29.43,2,Corral 1 y 2
,,,,,,,,,,,,,,,,,02/07/2025,1644,27.74,2,Corral 1 y 2
,,,,,,,,,,,,,,,,,02/07/2025,2070,10.13,1,Corral 3 y 4
,,,,,,,,,,,,,,,,,02/07/2025,2074,11.78,1,Corral 5 y 6
,,,,,,,,,,,,,,,,,02/07/2025,2076,13.86,1,Corral 5 y 6
,,,,,,,,,,,,,,,,,02/07/2025,2087,23.87,1,Corral 1 y 2
,,,,,,,,,,,,,,,,,02/07/2025,2108,10.62,1,Corral 3 y 4
,,,,,,,,,,,,,,,,,02/07/2025,2110,18.53,1,Corral 3 y 4
,,,,,,,,,,,,,,,,,02/07/2025,2119,18.02,1,Corral 1 y 2
,,,,,,,,,,,,,,,,,02/07/2025,2122,12.78,1,Corral 1 y 2
,,,,,,,,,,,,,,,,,02/07/2025,2165,31.71,2,Corral 5 y 6
,,,,,,,,,,,,,,,,,02/07/2025,5767,14.3,1,Corral 3 y 4
,,,,,,,,,,,,,,,,,02/07/2025,6012,24.52,1,Corral 1 y 2
,,,,,,,,,,,,,,,,,02/07/2025,6050,17.75,1,Corral 3 y 4
,,,,,,,,,,,,,,,,,02/07/2025,6054,37.08,2,Corral 5 y 6
,,,,,,,,,,,,,,,,,02/07/2025,6062,26.87,1,Corral 3 y 4
,,,,,,,,,,,,,,,,,02/07/2025,6070,37.52,2,Corral 1 y 2
,,,,,,,,,,,,,,,,,02/07/2025,6092,32.17,2,Corral 1 y 2
,,,,,,,,,,,,,,,,,02/07/2025,6124,11.63,1,Corral 5 y 6
,,,,,,,,,,,,,,,,,02/07/2025,6131,20.31,1,Corral 1 y 2
,,,,,,,,,,,,,,,,,02/07/2025,6134,34.24,2,Corral 1 y 2
,,,,,,,,,,,,,,,,,02/07/2025,6137,11.61,1,Corral 1 y 2
,,,,,,,,,,,,,,,,,02/07/2025,6161,21.19,2,Corral 3 y 4
,,,,,,,,,,,,,,,,,02/07/2025,6164,27.59,2,Corral 3 y 4
,,,,,,,,,,,,,,,,,02/07/2025,6178,24.25,1,Corral 1 y 2
,,,,,,,,,,,,,,,,,02/07/2025,6193,21.64,1,Corral 3 y 4
,,,,,,,,,,,,,,,,,02/07/2025,6194,12.64,1,Corral 3 y 4
,,,,,,,,,,,,,,,,,02/07/2025,6197,36.43,2,Corral 1 y 2
,,,,,,,,,,,,,,,,,02/07/2025,6226,40.18,2,Corral 1 y 2
,,,,,,,,,,,,,,,,,02/07/2025,6258,37.36,2,Corral 1 y 2
,,,,,,,,,,,,,,,,,02/07/2025,8703,17.64,1,Corral 1 y 2
,,,,,,,,,,,,,,,,,02/07/2025,8705,14.3,1,Corral 1 y 2
,,,,,,,,,,,,,,,,,02/07/2025,8707,9.72,1,Corral 3 y 4
,,,,,,,,,,,,,,,,,02/07/2025,8708,12.5,2,Corral 1 y 2
,,,,,,,,,,,,,,,,,02/07/2025,8710,13.76,1,Corral 3 y 4
,,,,,,,,,,,,,,,,,02/07/2025,8711,13.54,1,Corral 1 y 2
,,,,,,,,,,,,,,,,,02/07/2025,8712,7.03,1,Corral 5 y 6
,,,,,,,,,,,,,,,,,02/07/2025,8714,25.5,2,Corral 1 y 2
,,,,,,,,,,,,,,,,,02/07/2025,8715,13.22,1,Corral 5 y 6
,,,,,,,,,,,,,,,,,02/07/2025,8755,10.8,1,Corral 5 y 6
,,,,,,,,,,,,,,,,,02/07/2025,8761,10.52,1,Corral 1 y 2
,,,,,,,,,,,,,,,,,03/07/2025,1204,17.89,1,Corral 5 y 6
,,,,,,,,,,,,,,,,,03/07/2025,1213,11.87,1,Corral 1 y 2
,,,,,,,,,,,,,,,,,03/07/2025,1216,12.4,1,Corral 3 y 4
,,,,,,,,,,,,,,,,,03/07/2025,1225,16.67,1,Corral 1 y 2
,,,,,,,,,,,,,,,,,03/07/2025,1228,15.02,1,Corral 3 y 4
,,,,,,,,,,,,,,,,,03/07/2025,1235,15.6,1,Corral 3 y 4
,,,,,,,,,,,,,,,,,03/07/2025,1236,16.09,2,Corral 3 y 4
,,,,,,,,,,,,,,,,,03/07/2025,1242,29.84,2,Corral 3 y 4
,,,,,,,,,,,,,,,,,03/07/2025,1243,16.87,1,Corral 3 y 4
,,,,,,,,,,,,,,,,,03/07/2025,1555,32.74,2,Corral 1 y 2
,,,,,,,,,,,,,,,,,03/07/2025,1560,18.98,1,Corral 1 y 2
,,,,,,,,,,,,,,,,,03/07/2025,1567,24.92,2,Corral 3 y 4
,,,,,,,,,,,,,,,,,03/07/2025,1577,13.79,1,Corral 3 y 4
,,,,,,,,,,,,,,,,,03/07/2025,1590,18.23,1,Corral 3 y 4
,,,,,,,,,,,,,,,,,03/07/2025,1617,25.2,1,Corral 5 y 6
,,,,,,,,,,,,,,,,,03/07/2025,1638,13.62,1,Corral 1 y 2
,,,,,,,,,,,,,,,,,03/07/2025,1644,23.04,1,Corral 1 y 2
,,,,,,,,,,,,,,,,,03/07/2025,2070,22.7,2,Corral 3 y 4
,,,,,,,,,,,,,,,,,03/07/2025,2074,11.59,1,Corral 3 y 4
,,,,,,,,,,,,,,,,,03/07/2025,2076,32.36,2,Corral 1 y 2
,,,,,,,,,,,,,,,,,03/07/2025,2082,20.18,1,Corral 3 y 4
,,,,,,,,,,,,,,,,,03/07/2025,2087,15.66,1,Corral 1 y 2
,,,,,,,,,,,,,,,,,03/07/2025,2108,36.77,2,Corral 5 y 6
,,,,,,,,,,,,,,,,,03/07/2025,2110,18.48,1,Corral 3 y 4
,,,,,,,,,,,,,,,,,03/07/2025,2119,36.93,2,Corral 3 y 4
,,,,,,,,,,,,,,,,,03/07/2025,2122,33.54,2,Corral 3 y 4
,,,,,,,,,,,,,,,,,03/07/2025,2150,26.61,1,Corral 5 y 6
,,,,,,,,,,,,,,,,,03/07/2025,2165,21.03,1,Corral 5 y 6
,,,,,,,,,,,,,,,,,03/07/2025,5767,14.84,1,Corral 1 y 2
,,,,,,,,,,,,,,,,,03/07/2025,6012,33.09,2,Corral 1 y 2
,,,,,,,,,,,,,,,,,03/07/2025,6050,30.11,2,Corral 3 y 4
,,,,,,,,,,,,,,,,,03/07/2025,6054,30.66,2,Corral 3 y 4
,,,,,,,,,,,,,,,,,03/07/2025,6062,30.77,2,Corral 3 y 4
,,,,,,,,,,,,,,,,,03/07/2025,6070,20.01,1,Corral 5 y 6
,,,,,,,,,,,,,,,,,03/07/2025,6092,25.01,1,Corral 1 y 2
,,,,,,,,,,,,,,,,,03/07/2025,6124,10.25,1,Corral 5 y 6
,,,,,,,,,,,,,,,,,03/07/2025,6131,31.22,2,Corral 1 y 2
,,,,,,,,,,,,,,,,,03/07/2025,6134,36.17,2,Corral 5 y 6
,,,,,,,,,,,,,,,,,03/07/2025,6137,28.25,2,Corral 3 y 4
,,,,,,,,,,,,,,,,,03/07/2025,6161,25.03,2,Corral 3 y 4
,,,,,,,,,,,,,,,,,03/07/2025,6164,30.38,3,Corral 3 y 4
,,,,,,,,,,,,,,,,,03/07/2025,6178,12.35,1,Corral 3 y 4
,,,,,,,,,,,,,,,,,03/07/2025,6193,26.44,1,Corral 5 y 6
,,,,,,,,,,,,,,,,,03/07/2025,6194,30.46,1,Corral 1 y 2
,,,,,,,,,,,,,,,,,03/07/2025,6197,34.9,2,Corral 1 y 2
,,,,,,,,,,,,,,,,,03/07/2025,6226,29.17,2,Corral 1 y 2
,,,,,,,,,,,,,,,,,03/07/2025,6258,28.37,2,Corral 1 y 2
,,,,,,,,,,,,,,,,,03/07/2025,8703,25.48,2,Corral 1 y 2
,,,,,,,,,,,,,,,,,03/07/2025,8705,12.89,1,Corral 1 y 2
,,,,,,,,,,,,,,,,,03/07/2025,8707,18.52,1,Corral 3 y 4
,,,,,,,,,,,,,,,,,03/07/2025,8708,18.41,2,Corral 5 y 6
,,,,,,,,,,,,,,,,,03/07/2025,8710,14.8,1,Corral 3 y 4
,,,,,,,,,,,,,,,,,03/07/2025,8711,31.64,2,Corral 1 y 2
,,,,,,,,,,,,,,,,,03/07/2025,8712,9.28,1,Corral 1 y 2
,,,,,,,,,,,,,,,,,03/07/2025,8714,24.07,1,Corral 1 y 2
,,,,,,,,,,,,,,,,,03/07/2025,8715,35.25,2,Corral 3 y 4
,,,,,,,,,,,,,,,,,03/07/2025,8732,15.47,2,Corral 1 y 2
,,,,,,,,,,,,,,,,,03/07/2025,8755,10.64,1,Corral 3 y 4
,,,,,,,,,,,,,,,,,03/07/2025,8761,10.28,1,Corral 1 y 2
,,,,,,,,,,,,,,,,,04/07/2025,1204,13.96,1,Corral 5 y 6
,,,,,,,,,,,,,,,,,04/07/2025,1213,17.64,1,Corral 1 y 2
,,,,,,,,,,,,,,,,,04/07/2025,1216,16.12,1,Corral 3 y 4
,,,,,,,,,,,,,,,,,04/07/2025,1225,17.56,1,Corral 1 y 2
,,,,,,,,,,,,,,,,,04/07/2025,1228,25.28,2,Corral 3 y 4
,,,,,,,,,,,,,,,,,04/07/2025,1235,11.53,1,Corral 1 y 2
,,,,,,,,,,,,,,,,,04/07/2025,1236,10.84,1,Corral 3 y 4
,,,,,,,,,,,,,,,,,04/07/2025,1242,16.16,1,Corral 3 y 4
,,,,,,,,,,,,,,,,,04/07/2025,1243,18.34,1,Corral 3 y 4
,,,,,,,,,,,,,,,,,04/07/2025,1555,27.41,2,Corral 1 y 2
,,,,,,,,,,,,,,,,,04/07/2025,1560,14.84,1,Corral 1 y 2
,,,,,,,,,,,,,,,,,04/07/2025,1567,28.4,2,Corral 3 y 4
,,,,,,,,,,,,,,,,,04/07/2025,1577,20.95,1,Corral 3 y 4
,,,,,,,,,,,,,,,,,04/07/2025,1590,18.41,1,Corral 1 y 2
,,,,,,,,,,,,,,,,,04/07/2025,1617,29.19,1,Corral 5 y 6
,,,,,,,,,,,,,,,,,04/07/2025,1638,22.36,1,Corral 1 y 2
,,,,,,,,,,,,,,,,,04/07/2025,1644,13.65,1,Corral 1 y 2
,,,,,,,,,,,,,,,,,04/07/2025,2070,5.14,1,Corral 3 y 4
,,,,,,,,,,,,,,,,,04/07/2025,2074,14.03,1,Corral 3 y 4
,,,,,,,,,,,,,,,,,04/07/2025,2076,13.65,1,Corral 1 y 2
,,,,,,,,,,,,,,,,,04/07/2025,2082,20.13,1,Corral 3 y 4
,,,,,,,,,,,,,,,,,04/07/2025,2087,48.4,2,Corral 3 y 4
,,,,,,,,,,,,,,,,,04/07/2025,2110,33.66,2,Corral 1 y 2
,,,,,,,,,,,,,,,,,04/07/2025,2119,16.81,1,Corral 3 y 4
,,,,,,,,,,,,,,,,,04/07/2025,2122,6.09,1,Corral 3 y 4
,,,,,,,,,,,,,,,,,04/07/2025,2150,19.29,1,Corral 5 y 6
,,,,,,,,,,,,,,,,,04/07/2025,2165,15.49,2,Corral 5 y 6
,,,,,,,,,,,,,,,,,04/07/2025,5767,26.59,1,Corral 1 y 2
,,,,,,,,,,,,,,,,,04/07/2025,6012,28.1,2,Corral 1 y 2
,,,,,,,,,,,,,,,,,04/07/2025,6050,41.45,2,Corral 5 y 6
,,,,,,,,,,,,,,,,,04/07/2025,6054,20.85,1,Corral 3 y 4
,,,,,,,,,,,,,,,,,04/07/2025,6062,29.55,1,Corral 5 y 6
,,,,,,,,,,,,,,,,,04/07/2025,6092,16.35,1,Corral 1 y 2
,,,,,,,,,,,,,,,,,04/07/2025,6124,7.07,1,Corral 5 y 6
,,,,,,,,,,,,,,,,,04/07/2025,6131,17.88,1,Corral 1 y 2
,,,,,,,,,,,,,,,,,04/07/2025,6134,18.09,1,Corral 5 y 6
,,,,,,,,,,,,,,,,,04/07/2025,6137,18.85,1,Corral 5 y 6
,,,,,,,,,,,,,,,,,04/07/2025,6161,15.13,1,Corral 3 y 4
,,,,,,,,,,,,,,,,,04/07/2025,6164,50.55,2,Corral 3 y 4
,,,,,,,,,,,,,,,,,04/07/2025,6178,21.65,1,Corral 3 y 4
,,,,,,,,,,,,,,,,,04/07/2025,6193,12.7,1,Corral 5 y 6
,,,,,,,,,,,,,,,,,04/07/2025,6197,14.09,1,Corral 1 y 2
,,,,,,,,,,,,,,,,,04/07/2025,6226,27.39,1,Corral 1 y 2
,,,,,,,,,,,,,,,,,04/07/2025,6258,19.47,1,Corral 1 y 2
,,,,,,,,,,,,,,,,,04/07/2025,8703,18.75,1,Corral 1 y 2
,,,,,,,,,,,,,,,,,04/07/2025,8705,18.47,1,Corral 5 y 6
,,,,,,,,,,,,,,,,,04/07/2025,8708,10.22,1,Corral 5 y 6
,,,,,,,,,,,,,,,,,04/07/2025,8710,20.59,1,Corral 3 y 4
,,,,,,,,,,,,,,,,,04/07/2025,8711,8.72,1,Corral 1 y 2
,,,,,,,,,,,,,,,,,04/07/2025,8712,13.46,1,Corral 1 y 2
,,,,,,,,,,,,,,,,,04/07/2025,8714,21.81,1,Corral 1 y 2
,,,,,,,,,,,,,,,,,04/07/2025,8715,19.76,2,Corral 3 y 4
,,,,,,,,,,,,,,,,,04/07/2025,8732,21.18,2,Corral 5 y 6
,,,,,,,,,,,,,,,,,04/07/2025,8755,25.2,2,Corral 5 y 6
,,,,,,,,,,,,,,,,,04/07/2025,8761,25.04,1,Corral 3 y 4
,,,,,,,,,,,,,,,,,05/07/2025,1204,20.94,1,Corral 5 y 6
,,,,,,,,,,,,,,,,,05/07/2025,1216,15.23,1,Corral 3 y 4
,,,,,,,,,,,,,,,,,05/07/2025,1225,24.31,2,Corral 1 y 2
,,,,,,,,,,,,,,,,,05/07/2025,1228,22.09,2,Corral 3 y 4
,,,,,,,,,,,,,,,,,05/07/2025,1235,12.2,1,Corral 1 y 2
,,,,,,,,,,,,,,,,,05/07/2025,1236,20.94,2,Corral 3 y 4
,,,,,,,,,,,,,,,,,05/07/2025,1242,12.5,1,Corral 3 y 4
,,,,,,,,,,,,,,,,,05/07/2025,1243,13.96,1,Corral 3 y 4
,,,,,,,,,,,,,,,,,05/07/2025,1560,32.7,2,Corral 1 y 2
,,,,,,,,,,,,,,,,,05/07/2025,1567,11.79,1,Corral 3 y 4
,,,,,,,,,,,,,,,,,05/07/2025,1577,33.38,2,Corral 3 y 4
,,,,,,,,,,,,,,,,,05/07/2025,1590,3.29,1,Corral 1 y 2
,,,,,,,,,,,,,,,,,05/07/2025,1638,18.28,1,Corral 1 y 2
,,,,,,,,,,,,,,,,,05/07/2025,1644,23.9,1,Corral 1 y 2
,,,,,,,,,,,,,,,,,05/07/2025,2070,23.33,2,Corral 3 y 4
,,,,,,,,,,,,,,,,,05/07/2025,2074,20.53,2,Corral 3 y 4
,,,,,,,,,,,,,,,,,05/07/2025,2076,35.32,2,Corral 1 y 2
,,,,,,,,,,,,,,,,,05/07/2025,2082,14.3,1,Corral 3 y 4
,,,,,,,,,,,,,,,,,05/07/2025,2087,24.74,1,Corral 3 y 4
,,,,,,,,,,,,,,,,,05/07/2025,2108,19.91,1,Corral 5 y 6
,,,,,,,,,,,,,,,,,05/07/2025,2110,36.86,2,Corral 1 y 2
,,,,,,,,,,,,,,,,,05/07/2025,2119,16.11,1,Corral 3 y 4
,,,,,,,,,,,,,,,,,05/07/2025,2122,32.49,2,Corral 3 y 4
,,,,,,,,,,,,,,,,,05/07/2025,2150,22.85,1,Corral 5 y 6
,,,,,,,,,,,,,,,,,05/07/2025,2165,16.71,1,Corral 5 y 6
,,,,,,,,,,,,,,,,,05/07/2025,5767,15.01,1,Corral 3 y 4
,,,,,,,,,,,,,,,,,05/07/2025,6012,17.34,1,Corral 1 y 2
,,,,,,,,,,,,,,,,,05/07/2025,6050,10.81,1,Corral 5 y 6
,,,,,,,,,,,,,,,,,05/07/2025,6054,31.66,2,Corral 3 y 4
,,,,,,,,,,,,,,,,,05/07/2025,6062,17.76,1,Corral 5 y 6
,,,,,,,,,,,,,,,,,05/07/2025,6070,28.81,2,Corral 5 y 6
,,,,,,,,,,,,,,,,,05/07/2025,6092,29.93,2,Corral 1 y 2
,,,,,,,,,,,,,,,,,05/07/2025,6131,18.93,1,Corral 1 y 2
,,,,,,,,,,,,,,,,,05/07/2025,6134,33.5,2,Corral 5 y 6
,,,,,,,,,,,,,,,,,05/07/2025,6137,17.85,1,Corral 5 y 6
,,,,,,,,,,,,,,,,,05/07/2025,6154,32.77,2,Corral 1 y 2
,,,,,,,,,,,,,,,,,05/07/2025,6161,28.41,2,Corral 3 y 4
,,,,,,,,,,,,,,,,,05/07/2025,6164,16.63,1,Corral 3 y 4
,,,,,,,,,,,,,,,,,05/07/2025,6178,38.75,2,Corral 3 y 4
,,,,,,,,,,,,,,,,,05/07/2025,6193,28.65,2,Corral 5 y 6
,,,,,,,,,,,,,,,,,05/07/2025,6197,11.88,1,Corral 1 y 2
,,,,,,,,,,,,,,,,,05/07/2025,6226,18.97,1,Corral 1 y 2
,,,,,,,,,,,,,,,,,05/07/2025,8705,12.83,1,Corral 5 y 6
,,,,,,,,,,,,,,,,,05/07/2025,8707,26.04,2,Corral 3 y 4
,,,,,,,,,,,,,,,,,05/07/2025,8708,12.61,1,Corral 5 y 6
,,,,,,,,,,,,,,,,,05/07/2025,8710,18.3,1,Corral 3 y 4
,,,,,,,,,,,,,,,,,05/07/2025,8711,29.75,2,Corral 1 y 2
,,,,,,,,,,,,,,,,,05/07/2025,8712,19.32,2,Corral 1 y 2
,,,,,,,,,,,,,,,,,05/07/2025,8714,20.26,1,Corral 1 y 2
,,,,,,,,,,,,,,,,,05/07/2025,8715,17.61,1,Corral 3 y 4
,,,,,,,,,,,,,,,,,05/07/2025,8732,15.57,2,Corral 5 y 6
,,,,,,,,,,,,,,,,,05/07/2025,8755,8.46,1,Corral 5 y 6
,,,,,,,,,,,,,,,,,05/07/2025,8761,21.69,1,Corral 3 y 4
,,,,,,,,,,,,,,,,,06/07/2025,1204,11.99,1,Corral 5 y 6
,,,,,,,,,,,,,,,,,06/07/2025,1213,11.14,1,Corral 1 y 2
,,,,,,,,,,,,,,,,,06/07/2025,1216,13.88,1,Corral 3 y 4
,,,,,,,,,,,,,,,,,06/07/2025,1225,16.86,1,Corral 1 y 2
,,,,,,,,,,,,,,,,,06/07/2025,1228,31.81,2,Corral 3 y 4
,,,,,,,,,,,,,,,,,06/07/2025,1235,18.02,1,Corral 1 y 2
,,,,,,,,,,,,,,,,,06/07/2025,1236,14.96,1,Corral 3 y 4
,,,,,,,,,,,,,,,,,06/07/2025,1242,19.21,1,Corral 3 y 4
,,,,,,,,,,,,,,,,,06/07/2025,1243,25.09,2,Corral 3 y 4
,,,,,,,,,,,,,,,,,06/07/2025,1555,39.92,2,Corral 1 y 2
,,,,,,,,,,,,,,,,,06/07/2025,1560,42.4,2,Corral 1 y 2
,,,,,,,,,,,,,,,,,06/07/2025,1567,15.4,1,Corral 3 y 4
,,,,,,,,,,,,,,,,,06/07/2025,1577,18.43,1,Corral 3 y 4
,,,,,,,,,,,,,,,,,06/07/2025,1590,18.49,1,Corral 1 y 2
,,,,,,,,,,,,,,,,,06/07/2025,1638,22.9,1,Corral 1 y 2
,,,,,,,,,,,,,,,,,06/07/2025,1644,8.81,1,Corral 1 y 2
,,,,,,,,,,,,,,,,,06/07/2025,2070,11.09,1,Corral 3 y 4
,,,,,,,,,,,,,,,,,06/07/2025,2074,22.28,2,Corral 3 y 4
,,,,,,,,,,,,,,,,,06/07/2025,2076,10.78,1,Corral 1 y 2
,,,,,,,,,,,,,,,,,06/07/2025,2082,9.88,1,Corral 3 y 4
,,,,,,,,,,,,,,,,,06/07/2025,2087,19.69,1,Corral 3 y 4
,,,,,,,,,,,,,,,,,06/07/2025,2108,35.38,2,Corral 5 y 6
,,,,,,,,,,,,,,,,,06/07/2025,2110,39.34,2,Corral 1 y 2
,,,,,,,,,,,,,,,,,06/07/2025,2122,8.79,1,Corral 3 y 4
,,,,,,,,,,,,,,,,,06/07/2025,2150,21.1,1,Corral 5 y 6
,,,,,,,,,,,,,,,,,06/07/2025,5767,23.28,1,Corral 3 y 4
,,,,,,,,,,,,,,,,,06/07/2025,6012,21.54,1,Corral 1 y 2
,,,,,,,,,,,,,,,,,06/07/2025,6054,23.37,2,Corral 3 y 4
,,,,,,,,,,,,,,,,,06/07/2025,6062,29.04,1,Corral 5 y 6
,,,,,,,,,,,,,,,,,06/07/2025,6070,35.27,2,Corral 5 y 6
,,,,,,,,,,,,,,,,,06/07/2025,6092,23.71,2,Corral 1 y 2
,,,,,,,,,,,,,,,,,06/07/2025,6131,18.28,1,Corral 1 y 2
,,,,,,,,,,,,,,,,,06/07/2025,6134,35.96,2,Corral 5 y 6
,,,,,,,,,,,,,,,,,06/07/2025,6137,16.13,1,Corral 5 y 6
,,,,,,,,,,,,,,,,,06/07/2025,6154,16.95,1,Corral 1 y 2
,,,,,,,,,,,,,,,,,06/07/2025,6161,30.17,2,Corral 3 y 4
,,,,,,,,,,,,,,,,,06/07/2025,6164,29.46,2,Corral 3 y 4
,,,,,,,,,,,,,,,,,06/07/2025,6178,13.83,1,Corral 3 y 4
,,,,,,,,,,,,,,,,,06/07/2025,6193,14.09,1,Corral 5 y 6
,,,,,,,,,,,,,,,,,06/07/2025,6194,13.09,1,Corral 5 y 6
,,,,,,,,,,,,,,,,,06/07/2025,6197,20.49,1,Corral 1 y 2
,,,,,,,,,,,,,,,,,06/07/2025,6226,23.91,1,Corral 1 y 2
,,,,,,,,,,,,,,,,,06/07/2025,6258,22,2,Corral 1 y 2
,,,,,,,,,,,,,,,,,06/07/2025,8703,29.03,2,Corral 1 y 2
,,,,,,,,,,,,,,,,,06/07/2025,8705,9.93,1,Corral 5 y 6
,,,,,,,,,,,,,,,,,06/07/2025,8707,26.64,2,Corral 3 y 4
,,,,,,,,,,,,,,,,,06/07/2025,8708,11.13,1,Corral 5 y 6
,,,,,,,,,,,,,,,,,06/07/2025,8710,13.85,1,Corral 3 y 4
,,,,,,,,,,,,,,,,,06/07/2025,8711,18.46,1,Corral 1 y 2
,,,,,,,,,,,,,,,,,06/07/2025,8712,8.37,1,Corral 1 y 2
,,,,,,,,,,,,,,,,,06/07/2025,8714,32.57,2,Corral 1 y 2
,,,,,,,,,,,,,,,,,06/07/2025,8715,19.87,1,Corral 3 y 4
,,,,,,,,,,,,,,,,,06/07/2025,8732,14.78,2,Corral 5 y 6
,,,,,,,,,,,,,,,,,06/07/2025,8739,6.41,1,Corral 1 y 2
,,,,,,,,,,,,,,,,,06/07/2025,8755,17.24,2,Corral 5 y 6
,,,,,,,,,,,,,,,,,06/07/2025,8761,14.11,1,Corral 3 y 4
,,,,,,,,,,,,,,,,,01/08/2025,1204,12.75,1,Corral 1 y 2
,,,,,,,,,,,,,,,,,01/08/2025,1213,15.48,1,Corral 1 y 2
,,,,,,,,,,,,,,,,,01/08/2025,1216,15.28,1,Corral 1 y 2
,,,,,,,,,,,,,,,,,01/08/2025,1225,10.05,1,Corral 5 y 6
,,,,,,,,,,,,,,,,,01/08/2025,1228,26.18,2,Corral 3 y 4
,,,,,,,,,,,,,,,,,01/08/2025,1235,19.61,1,Corral 3 y 4
,,,,,,,,,,,,,,,,,01/08/2025,1236,13.03,1,Corral 5 y 6
,,,,,,,,,,,,,,,,,01/08/2025,1242,18.8,1,Corral 3 y 4
,,,,,,,,,,,,,,,,,01/08/2025,1243,15.97,1,Corral 5 y 6
,,,,,,,,,,,,,,,,,01/08/2025,1555,42.21,2,Corral 1 y 2
,,,,,,,,,,,,,,,,,01/08/2025,1560,27.01,1,Corral 1 y 2
,,,,,,,,,,,,,,,,,01/08/2025,1567,20.36,1,Corral 3 y 4
,,,,,,,,,,,,,,,,,01/08/2025,1577,25.91,1,Corral 3 y 4
,,,,,,,,,,,,,,,,,01/08/2025,1638,14.03,1,Corral 1 y 2
,,,,,,,,,,,,,,,,,01/08/2025,1644,18.9,1,Corral 1 y 2
,,,,,,,,,,,,,,,,,01/08/2025,2070,16.96,1,Corral 3 y 4
,,,,,,,,,,,,,,,,,01/08/2025,2074,17.36,1,Corral 5 y 6
,,,,,,,,,,,,,,,,,01/08/2025,2076,26.77,1,Corral 5 y 6
,,,,,,,,,,,,,,,,,01/08/2025,2082,33.35,2,Corral 3 y 4
,,,,,,,,,,,,,,,,,01/08/2025,2087,22.4,1,Corral 1 y 2
,,,,,,,,,,,,,,,,,01/08/2025,2108,43.33,2,Corral 3 y 4
,,,,,,,,,,,,,,,,,01/08/2025,2119,28.95,1,Corral 1 y 2
,,,,,,,,,,,,,,,,,01/08/2025,2165,23.43,1,Corral 5 y 6
,,,,,,,,,,,,,,,,,01/08/2025,5767,21.42,1,Corral 3 y 4
,,,,,,,,,,,,,,,,,01/08/2025,6012,35.89,2,Corral 1 y 2
,,,,,,,,,,,,,,,,,01/08/2025,6050,41.72,2,Corral 3 y 4
,,,,,,,,,,,,,,,,,01/08/2025,6054,24.37,2,Corral 5 y 6
,,,,,,,,,,,,,,,,,01/08/2025,6062,20.68,1,Corral 5 y 6
,,,,,,,,,,,,,,,,,01/08/2025,6070,26.47,1,Corral 1 y 2
,,,,,,,,,,,,,,,,,01/08/2025,6092,11.97,1,Corral 1 y 2
,,,,,,,,,,,,,,,,,01/08/2025,6098,11.25,1,Corral 5 y 6
,,,,,,,,,,,,,,,,,01/08/2025,6124,16.5,1,Corral 5 y 6
,,,,,,,,,,,,,,,,,01/08/2025,6131,24.26,2,Corral 1 y 2
,,,,,,,,,,,,,,,,,01/08/2025,6134,33.63,2,Corral 1 y 2
,,,,,,,,,,,,,,,,,01/08/2025,6137,24.77,2,Corral 1 y 2
,,,,,,,,,,,,,,,,,01/08/2025,6161,33.92,1,Corral 3 y 4
,,,,,,,,,,,,,,,,,01/08/2025,6164,35.11,2,Corral 3 y 4
,,,,,,,,,,,,,,,,,01/08/2025,6178,22.07,1,Corral 1 y 2
,,,,,,,,,,,,,,,,,01/08/2025,6194,45.94,2,Corral 3 y 4
,,,,,,,,,,,,,,,,,01/08/2025,6197,33.5,2,Corral 1 y 2
,,,,,,,,,,,,,,,,,01/08/2025,6226,42.36,2,Corral 1 y 2
,,,,,,,,,,,,,,,,,01/08/2025,6258,27.66,2,Corral 1 y 2
,,,,,,,,,,,,,,,,,01/08/2025,8703,11.29,1,Corral 1 y 2
,,,,,,,,,,,,,,,,,01/08/2025,8705,17.08,2,Corral 1 y 2
,,,,,,,,,,,,,,,,,01/08/2025,8707,21.78,1,Corral 3 y 4
,,,,,,,,,,,,,,,,,01/08/2025,8708,9.51,1,Corral 5 y 6
,,,,,,,,,,,,,,,,,01/08/2025,8710,14.95,1,Corral 3 y 4
,,,,,,,,,,,,,,,,,01/08/2025,8711,26.89,2,Corral 1 y 2
,,,,,,,,,,,,,,,,,01/08/2025,8714,23.81,3,Corral 1 y 2
,,,,,,,,,,,,,,,,,02/08/2025,1204,22.18,1,Corral 5 y 6
,,,,,,,,,,,,,,,,,02/08/2025,1216,21.49,2,Corral 5 y 6
,,,,,,,,,,,,,,,,,02/08/2025,1225,21.03,2,Corral 5 y 6
,,,,,,,,,,,,,,,,,02/08/2025,1228,25.99,2,Corral 3 y 4
,,,,,,,,,,,,,,,,,02/08/2025,1236,19.8,2,Corral 5 y 6
,,,,,,,,,,,,,,,,,02/08/2025,1242,15.56,1,Corral 3 y 4
,,,,,,,,,,,,,,,,,02/08/2025,1243,36.25,2,Corral 5 y 6
,,,,,,,,,,,,,,,,,02/08/2025,1555,16.9,1,Corral 1 y 2
,,,,,,,,,,,,,,,,,02/08/2025,1560,36.41,2,Corral 1 y 2
,,,,,,,,,,,,,,,,,02/08/2025,1567,40.87,2,Corral 3 y 4
,,,,,,,,,,,,,,,,,02/08/2025,1577,28.89,1,Corral 3 y 4
,,,,,,,,,,,,,,,,,02/08/2025,1590,30.03,2,Corral 3 y 4
,,,,,,,,,,,,,,,,,02/08/2025,1617,38.45,2,Corral 5 y 6
,,,,,,,,,,,,,,,,,02/08/2025,1644,18.2,1,Corral 1 y 2
,,,,,,,,,,,,,,,,,02/08/2025,2070,5.77,1,Corral 3 y 4
,,,,,,,,,,,,,,,,,02/08/2025,2074,32.57,2,Corral 5 y 6
,,,,,,,,,,,,,,,,,02/08/2025,2076,17.61,1,Corral 5 y 6
,,,,,,,,,,,,,,,,,02/08/2025,2082,28.89,2,Corral 3 y 4
,,,,,,,,,,,,,,,,,02/08/2025,2087,24.24,2,Corral 1 y 2
,,,,,,,,,,,,,,,,,02/08/2025,2108,14.69,1,Corral 3 y 4
,,,,,,,,,,,,,,,,,02/08/2025,2119,35.2,2,Corral 1 y 2
,,,,,,,,,,,,,,,,,02/08/2025,2122,21.48,1,Corral 1 y 2
,,,,,,,,,,,,,,,,,02/08/2025,2150,20.89,1,Corral 3 y 4
,,,,,,,,,,,,,,,,,02/08/2025,2165,13.58,1,Corral 5 y 6
,,,,,,,,,,,,,,,,,02/08/2025,5767,18.98,1,Corral 3 y 4
,,,,,,,,,,,,,,,,,02/08/2025,6012,26.44,1,Corral 1 y 2
,,,,,,,,,,,,,,,,,02/08/2025,6050,14.02,1,Corral 3 y 4
,,,,,,,,,,,,,,,,,02/08/2025,6054,37.76,2,Corral 5 y 6
,,,,,,,,,,,,,,,,,02/08/2025,6062,33.42,1,Corral 3 y 4
,,,,,,,,,,,,,,,,,02/08/2025,6070,23.91,1,Corral 1 y 2
,,,,,,,,,,,,,,,,,02/08/2025,6092,33.38,2,Corral 1 y 2
,,,,,,,,,,,,,,,,,02/08/2025,6124,9.29,1,Corral 5 y 6
,,,,,,,,,,,,,,,,,02/08/2025,6131,24.09,1,Corral 1 y 2
,,,,,,,,,,,,,,,,,02/08/2025,6134,23.89,1,Corral 1 y 2
,,,,,,,,,,,,,,,,,02/08/2025,6137,28.52,2,Corral 1 y 2
,,,,,,,,,,,,,,,,,02/08/2025,6161,7.35,1,Corral 3 y 4
,,,,,,,,,,,,,,,,,02/08/2025,6164,40,2,Corral 3 y 4
,,,,,,,,,,,,,,,,,02/08/2025,6178,25.1,1,Corral 1 y 2
,,,,,,,,,,,,,,,,,02/08/2025,6193,34.55,2,Corral 3 y 4
,,,,,,,,,,,,,,,,,02/08/2025,6194,28.39,1,Corral 3 y 4
,,,,,,,,,,,,,,,,,02/08/2025,6197,28.44,2,Corral 1 y 2
,,,,,,,,,,,,,,,,,02/08/2025,6226,30.99,2,Corral 1 y 2
,,,,,,,,,,,,,,,,,02/08/2025,6258,17.83,1,Corral 1 y 2
,,,,,,,,,,,,,,,,,02/08/2025,8703,12.8,1,Corral 1 y 2
,,,,,,,,,,,,,,,,,02/08/2025,8705,15.94,1,Corral 1 y 2
,,,,,,,,,,,,,,,,,02/08/2025,8708,22.45,2,Corral 1 y 2
,,,,,,,,,,,,,,,,,02/08/2025,8710,12.39,1,Corral 3 y 4
,,,,,,,,,,,,,,,,,02/08/2025,8711,13.9,1,Corral 1 y 2
,,,,,,,,,,,,,,,,,02/08/2025,8712,11.34,1,Corral 5 y 6
,,,,,,,,,,,,,,,,,02/08/2025,8714,10.42,1,Corral 1 y 2
,,,,,,,,,,,,,,,,,02/08/2025,8715,20.58,1,Corral 5 y 6
,,,,,,,,,,,,,,,,,02/08/2025,8732,12.19,1,Corral 1 y 2
,,,,,,,,,,,,,,,,,02/08/2025,8755,16.19,2,Corral 5 y 6
,,,,,,,,,,,,,,,,,02/08/2025,8761,21.15,1,Corral 1 y 2
,,,,,,,,,,,,,,,,,03/08/2025,1204,18.07,1,Corral 5 y 6
,,,,,,,,,,,,,,,,,03/08/2025,1213,20.9,1,Corral 1 y 2
,,,,,,,,,,,,,,,,,03/08/2025,1216,15.6,1,Corral 3 y 4
,,,,,,,,,,,,,,,,,03/08/2025,1225,21.58,2,Corral 1 y 2
,,,,,,,,,,,,,,,,,03/08/2025,1228,18.4,1,Corral 3 y 4
,,,,,,,,,,,,,,,,,03/08/2025,1235,14.12,1,Corral 3 y 4
,,,,,,,,,,,,,,,,,03/08/2025,1236,18.11,2,Corral 3 y 4
,,,,,,,,,,,,,,,,,03/08/2025,1242,18.43,1,Corral 3 y 4
,,,,,,,,,,,,,,,,,03/08/2025,1243,28.32,2,Corral 3 y 4
,,,,,,,,,,,,,,,,,03/08/2025,1555,34.9,2,Corral 1 y 2
,,,,,,,,,,,,,,,,,03/08/2025,1560,9.79,1,Corral 1 y 2
,,,,,,,,,,,,,,,,,03/08/2025,1567,44.2,2,Corral 3 y 4
,,,,,,,,,,,,,,,,,03/08/2025,1577,33.17,2,Corral 3 y 4
,,,,,,,,,,,,,,,,,03/08/2025,1590,27.99,1,Corral 3 y 4
,,,,,,,,,,,,,,,,,03/08/2025,1638,17.59,1,Corral 1 y 2
,,,,,,,,,,,,,,,,,03/08/2025,1644,21.1,2,Corral 1 y 2
,,,,,,,,,,,,,,,,,03/08/2025,2070,17.8,1,Corral 3 y 4
,,,,,,,,,,,,,,,,,03/08/2025,2076,11.16,1,Corral 1 y 2
,,,,,,,,,,,,,,,,,03/08/2025,2082,20.08,1,Corral 3 y 4
,,,,,,,,,,,,,,,,,03/08/2025,2087,14.52,1,Corral 1 y 2
,,,,,,,,,,,,,,,,,03/08/2025,2108,26.58,1,Corral 5 y 6
,,,,,,,,,,,,,,,,,03/08/2025,2110,35.93,2,Corral 3 y 4
,,,,,,,,,,,,,,,,,03/08/2025,2119,27.88,1,Corral 3 y 4
,,,,,,,,,,,,,,,,,03/08/2025,2122,9.19,1,Corral 3 y 4
,,,,,,,,,,,,,,,,,03/08/2025,2150,19.6,1,Corral 5 y 6
,,,,,,,,,,,,,,,,,03/08/2025,2165,15.72,1,Corral 5 y 6
,,,,,,,,,,,,,,,,,03/08/2025,5767,17.43,1,Corral 1 y 2
,,,,,,,,,,,,,,,,,03/08/2025,6012,20.08,1,Corral 1 y 2
,,,,,,,,,,,,,,,,,03/08/2025,6050,18.2,1,Corral 3 y 4
,,,,,,,,,,,,,,,,,03/08/2025,6054,38.15,2,Corral 3 y 4
,,,,,,,,,,,,,,,,,03/08/2025,6062,24.51,2,Corral 3 y 4
,,,,,,,,,,,,,,,,,03/08/2025,6070,18.44,1,Corral 5 y 6
,,,,,,,,,,,,,,,,,03/08/2025,6092,17.62,1,Corral 1 y 2
,,,,,,,,,,,,,,,,,03/08/2025,6124,15.41,1,Corral 5 y 6
,,,,,,,,,,,,,,,,,03/08/2025,6131,18.06,1,Corral 1 y 2
,,,,,,,,,,,,,,,,,03/08/2025,6134,22.34,1,Corral 5 y 6
,,,,,,,,,,,,,,,,,03/08/2025,6137,28.27,2,Corral 3 y 4
,,,,,,,,,,,,,,,,,03/08/2025,6161,20.38,1,Corral 3 y 4
,,,,,,,,,,,,,,,,,03/08/2025,6164,31.51,3,Corral 3 y 4
,,,,,,,,,,,,,,,,,03/08/2025,6178,20.92,1,Corral 3 y 4
,,,,,,,,,,,,,,,,,03/08/2025,6193,15.77,1,Corral 5 y 6
,,,,,,,,,,,,,,,,,03/08/2025,6194,24.22,1,Corral 1 y 2
,,,,,,,,,,,,,,,,,03/08/2025,6197,41.22,2,Corral 1 y 2
,,,,,,,,,,,,,,,,,03/08/2025,6226,50.09,2,Corral 1 y 2
,,,,,,,,,,,,,,,,,03/08/2025,6258,36.19,2,Corral 1 y 2
,,,,,,,,,,,,,,,,,03/08/2025,8703,12.95,1,Corral 1 y 2
,,,,,,,,,,,,,,,,,03/08/2025,8705,18.18,1,Corral 1 y 2
,,,,,,,,,,,,,,,,,03/08/2025,8707,30.89,2,Corral 3 y 4
,,,,,,,,,,,,,,,,,03/08/2025,8708,17.86,1,Corral 5 y 6
,,,,,,,,,,,,,,,,,03/08/2025,8710,32.96,2,Corral 3 y 4
,,,,,,,,,,,,,,,,,03/08/2025,8711,14.06,1,Corral 1 y 2
,,,,,,,,,,,,,,,,,03/08/2025,8712,13.95,1,Corral 1 y 2
,,,,,,,,,,,,,,,,,03/08/2025,8714,17.56,1,Corral 1 y 2
,,,,,,,,,,,,,,,,,03/08/2025,8715,15.61,1,Corral 3 y 4
,,,,,,,,,,,,,,,,,03/08/2025,8732,12.91,1,Corral 1 y 2
,,,,,,,,,,,,,,,,,03/08/2025,8761,14.37,1,Corral 1 y 2
,,,,,,,,,,,,,,,,,04/08/2025,1213,21.61,2,Corral 1 y 2
,,,,,,,,,,,,,,,,,04/08/2025,1216,23.26,2,Corral 3 y 4
,,,,,,,,,,,,,,,,,04/08/2025,1225,18.31,1,Corral 1 y 2
,,,,,,,,,,,,,,,,,04/08/2025,1228,13.72,1,Corral 3 y 4
,,,,,,,,,,,,,,,,,04/08/2025,1235,13.66,2,Corral 1 y 2
,,,,,,,,,,,,,,,,,04/08/2025,1236,15.71,1,Corral 3 y 4
,,,,,,,,,,,,,,,,,04/08/2025,1242,14.94,1,Corral 3 y 4
,,,,,,,,,,,,,,,,,04/08/2025,1243,16.05,1,Corral 3 y 4
,,,,,,,,,,,,,,,,,04/08/2025,1555,27.2,2,Corral 1 y 2
,,,,,,,,,,,,,,,,,04/08/2025,1560,22.25,1,Corral 1 y 2
,,,,,,,,,,,,,,,,,04/08/2025,1567,18.8,1,Corral 3 y 4
,,,,,,,,,,,,,,,,,04/08/2025,1577,16.43,1,Corral 3 y 4
,,,,,,,,,,,,,,,,,04/08/2025,1590,24.1,1,Corral 1 y 2
,,,,,,,,,,,,,,,,,04/08/2025,1617,14.3,2,Corral 5 y 6
,,,,,,,,,,,,,,,,,04/08/2025,1638,25.12,2,Corral 1 y 2
,,,,,,,,,,,,,,,,,04/08/2025,1644,25.06,2,Corral 1 y 2
,,,,,,,,,,,,,,,,,04/08/2025,2070,15.67,1,Corral 3 y 4
,,,,,,,,,,,,,,,,,04/08/2025,2074,19.71,2,Corral 3 y 4
,,,,,,,,,,,,,,,,,04/08/2025,2076,18.41,2,Corral 1 y 2
,,,,,,,,,,,,,,,,,04/08/2025,2082,15.8,1,Corral 3 y 4
,,,,,,,,,,,,,,,,,04/08/2025,2087,34.12,2,Corral 3 y 4
,,,,,,,,,,,,,,,,,04/08/2025,2108,24.34,1,Corral 5 y 6
,,,,,,,,,,,,,,,,,04/08/2025,2110,33.54,2,Corral 1 y 2
,,,,,,,,,,,,,,,,,04/08/2025,2119,36.08,2,Corral 3 y 4
,,,,,,,,,,,,,,,,,04/08/2025,2122,25.69,2,Corral 3 y 4
,,,,,,,,,,,,,,,,,04/08/2025,2150,43.96,2,Corral 5 y 6
,,,,,,,,,,,,,,,,,04/08/2025,2165,20.35,1,Corral 5 y 6
,,,,,,,,,,,,,,,,,04/08/2025,5767,24.42,1,Corral 3 y 4
,,,,,,,,,,,,,,,,,04/08/2025,6012,16.25,1,Corral 1 y 2
,,,,,,,,,,,,,,,,,04/08/2025,6050,20.83,1,Corral 5 y 6
,,,,,,,,,,,,,,,,,04/08/2025,6054,29.88,2,Corral 3 y 4
,,,,,,,,,,,,,,,,,04/08/2025,6062,24.35,2,Corral 5 y 6
,,,,,,,,,,,,,,,,,04/08/2025,6070,13.98,1,Corral 5 y 6
,,,,,,,,,,,,,,,,,04/08/2025,6092,28.76,2,Corral 1 y 2
,,,,,,,,,,,,,,,,,04/08/2025,6124,12.71,1,Corral 5 y 6
,,,,,,,,,,,,,,,,,04/08/2025,6131,25.84,2,Corral 1 y 2
,,,,,,,,,,,,,,,,,04/08/2025,6134,26.87,1,Corral 5 y 6
,,,,,,,,,,,,,,,,,04/08/2025,6137,19.96,1,Corral 5 y 6
,,,,,,,,,,,,,,,,,04/08/2025,6161,29.11,2,Corral 3 y 4
,,,,,,,,,,,,,,,,,04/08/2025,6164,16.4,1,Corral 3 y 4
,,,,,,,,,,,,,,,,,04/08/2025,6193,30.53,2,Corral 5 y 6
,,,,,,,,,,,,,,,,,04/08/2025,6197,18.27,1,Corral 1 y 2
,,,,,,,,,,,,,,,,,04/08/2025,6226,41.06,2,Corral 1 y 2
,,,,,,,,,,,,,,,,,04/08/2025,6258,36.64,2,Corral 1 y 2
,,,,,,,,,,,,,,,,,04/08/2025,8703,10.31,1,Corral 1 y 2
,,,,,,,,,,,,,,,,,04/08/2025,8705,14.23,1,Corral 5 y 6
,,,,,,,,,,,,,,,,,04/08/2025,8707,16.47,1,Corral 3 y 4
,,,,,,,,,,,,,,,,,04/08/2025,8708,17.13,2,Corral 5 y 6
,,,,,,,,,,,,,,,,,04/08/2025,8710,13.88,1,Corral 3 y 4
,,,,,,,,,,,,,,,,,04/08/2025,8711,10.48,1,Corral 1 y 2
,,,,,,,,,,,,,,,,,04/08/2025,8712,20.65,2,Corral 1 y 2
,,,,,,,,,,,,,,,,,04/08/2025,8714,20.4,1,Corral 1 y 2
,,,,,,,,,,,,,,,,,04/08/2025,8715,32.18,2,Corral 3 y 4
,,,,,,,,,,,,,,,,,04/08/2025,8732,15.23,1,Corral 5 y 6
,,,,,,,,,,,,,,,,,04/08/2025,8755,10.31,1,Corral 5 y 6
,,,,,,,,,,,,,,,,,04/08/2025,8761,17.6,1,Corral 3 y 4
,,,,,,,,,,,,,,,,,05/08/2025,1204,13.74,1,Corral 5 y 6
,,,,,,,,,,,,,,,,,05/08/2025,1213,18.29,1,Corral 1 y 2
,,,,,,,,,,,,,,,,,05/08/2025,1216,18.92,1,Corral 3 y 4
,,,,,,,,,,,,,,,,,05/08/2025,1225,11.6,1,Corral 1 y 2
,,,,,,,,,,,,,,,,,05/08/2025,1228,13.74,1,Corral 3 y 4
,,,,,,,,,,,,,,,,,05/08/2025,1235,27.66,2,Corral 1 y 2
,,,,,,,,,,,,,,,,,05/08/2025,1236,12.15,1,Corral 3 y 4
,,,,,,,,,,,,,,,,,05/08/2025,1242,30.21,2,Corral 3 y 4
,,,,,,,,,,,,,,,,,05/08/2025,1243,25.94,2,Corral 3 y 4
,,,,,,,,,,,,,,,,,05/08/2025,1555,30.83,2,Corral 1 y 2
,,,,,,,,,,,,,,,,,05/08/2025,1560,42.54,2,Corral 1 y 2
,,,,,,,,,,,,,,,,,05/08/2025,1567,36.99,2,Corral 3 y 4
,,,,,,,,,,,,,,,,,05/08/2025,1577,31.86,2,Corral 3 y 4
,,,,,,,,,,,,,,,,,05/08/2025,1590,10.05,1,Corral 1 y 2
,,,,,,,,,,,,,,,,,05/08/2025,1644,29.17,2,Corral 1 y 2
,,,,,,,,,,,,,,,,,05/08/2025,2070,16.21,1,Corral 3 y 4
,,,,,,,,,,,,,,,,,05/08/2025,2074,11.93,1,Corral 3 y 4
,,,,,,,,,,,,,,,,,05/08/2025,2076,19.7,1,Corral 1 y 2
,,,,,,,,,,,,,,,,,05/08/2025,2082,19.4,1,Corral 3 y 4
,,,,,,,,,,,,,,,,,05/08/2025,2087,36.1,2,Corral 3 y 4
,,,,,,,,,,,,,,,,,05/08/2025,2108,19.71,1,Corral 5 y 6
,,,,,,,,,,,,,,,,,05/08/2025,2110,21.47,1,Corral 1 y 2
,,,,,,,,,,,,,,,,,05/08/2025,2119,31.62,2,Corral 3 y 4
,,,,,,,,,,,,,,,,,05/08/2025,2122,9.46,1,Corral 3 y 4
,,,,,,,,,,,,,,,,,05/08/2025,2150,38.13,2,Corral 5 y 6
,,,,,,,,,,,,,,,,,05/08/2025,2165,25.34,2,Corral 5 y 6
,,,,,,,,,,,,,,,,,05/08/2025,5767,34.76,2,Corral 3 y 4
,,,,,,,,,,,,,,,,,05/08/2025,6012,20.28,1,Corral 1 y 2
,,,,,,,,,,,,,,,,,05/08/2025,6050,15.21,1,Corral 5 y 6
,,,,,,,,,,,,,,,,,05/08/2025,6054,27.68,2,Corral 3 y 4
,,,,,,,,,,,,,,,,,05/08/2025,6062,48.76,2,Corral 5 y 6
,,,,,,,,,,,,,,,,,05/08/2025,6070,18.83,1,Corral 5 y 6
,,,,,,,,,,,,,,,,,05/08/2025,6092,18,1,Corral 1 y 2
,,,,,,,,,,,,,,,,,05/08/2025,6131,25.25,1,Corral 1 y 2
,,,,,,,,,,,,,,,,,05/08/2025,6134,20.92,1,Corral 5 y 6
,,,,,,,,,,,,,,,,,05/08/2025,6137,21.95,2,Corral 5 y 6
,,,,,,,,,,,,,,,,,05/08/2025,6154,11.62,1,Corral 1 y 2
,,,,,,,,,,,,,,,,,05/08/2025,6161,15.21,1,Corral 3 y 4
,,,,,,,,,,,,,,,,,05/08/2025,6164,14.78,1,Corral 3 y 4
,,,,,,,,,,,,,,,,,05/08/2025,6178,23.27,1,Corral 3 y 4
,,,,,,,,,,,,,,,,,05/08/2025,6193,21.48,1,Corral 5 y 6
,,,,,,,,,,,,,,,,,05/08/2025,6197,25.51,1,Corral 1 y 2
,,,,,,,,,,,,,,,,,05/08/2025,6226,11.04,1,Corral 1 y 2
,,,,,,,,,,,,,,,,,05/08/2025,6258,33.19,2,Corral 1 y 2
,,,,,,,,,,,,,,,,,05/08/2025,8703,17.18,2,Corral 1 y 2
,,,,,,,,,,,,,,,,,05/08/2025,8705,21.25,2,Corral 5 y 6
,,,,,,,,,,,,,,,,,05/08/2025,8707,25.14,2,Corral 3 y 4
,,,,,,,,,,,,,,,,,05/08/2025,8708,22.46,2,Corral 5 y 6
,,,,,,,,,,,,,,,,,05/08/2025,8710,28.16,2,Corral 3 y 4
,,,,,,,,,,,,,,,,,05/08/2025,8711,23.27,1,Corral 1 y 2
,,,,,,,,,,,,,,,,,05/08/2025,8712,15.76,1,Corral 1 y 2
,,,,,,,,,,,,,,,,,05/08/2025,8714,35.18,2,Corral 1 y 2
,,,,,,,,,,,,,,,,,05/08/2025,8715,29.41,2,Corral 3 y 4
,,,,,,,,,,,,,,,,,05/08/2025,8732,10.62,1,Corral 5 y 6
,,,,,,,,,,,,,,,,,05/08/2025,8739,8.27,1,Corral 1 y 2
,,,,,,,,,,,,,,,,,05/08/2025,8755,11.1,2,Corral 5 y 6
,,,,,,,,,,,,,,,,,05/08/2025,8761,24.75,2,Corral 3 y 4
,,,,,,,,,,,,,,,,,06/08/2025,1204,13.02,1,Corral 5 y 6
,,,,,,,,,,,,,,,,,06/08/2025,1216,13.81,1,Corral 3 y 4
,,,,,,,,,,,,,,,,,06/08/2025,1225,10.16,1,Corral 1 y 2
,,,,,,,,,,,,,,,,,06/08/2025,1228,22.72,2,Corral 3 y 4
,,,,,,,,,,,,,,,,,06/08/2025,1235,18.87,2,Corral 1 y 2
,,,,,,,,,,,,,,,,,06/08/2025,1236,20.5,2,Corral 3 y 4
,,,,,,,,,,,,,,,,,06/08/2025,1242,10.83,1,Corral 3 y 4
,,,,,,,,,,,,,,,,,06/08/2025,1243,18.59,1,Corral 3 y 4
,,,,,,,,,,,,,,,,,06/08/2025,1555,29.72,2,Corral 1 y 2
,,,,,,,,,,,,,,,,,06/08/2025,1560,28.7,2,Corral 1 y 2
,,,,,,,,,,,,,,,,,06/08/2025,1567,17.35,1,Corral 3 y 4
,,,,,,,,,,,,,,,,,06/08/2025,1577,40.74,2,Corral 3 y 4
,,,,,,,,,,,,,,,,,06/08/2025,1590,12.5,1,Corral 1 y 2
,,,,,,,,,,,,,,,,,06/08/2025,1638,23.22,1,Corral 1 y 2
,,,,,,,,,,,,,,,,,06/08/2025,2070,24.15,2,Corral 3 y 4
,,,,,,,,,,,,,,,,,06/08/2025,2074,8.11,1,Corral 3 y 4
,,,,,,,,,,,,,,,,,06/08/2025,2076,20.94,2,Corral 1 y 2
,,,,,,,,,,,,,,,,,06/08/2025,2082,12.93,1,Corral 3 y 4
,,,,,,,,,,,,,,,,,06/08/2025,2087,34.15,2,Corral 3 y 4
,,,,,,,,,,,,,,,,,06/08/2025,2108,27.89,1,Corral 5 y 6
,,,,,,,,,,,,,,,,,06/08/2025,2110,21.37,1,Corral 1 y 2
,,,,,,,,,,,,,,,,,06/08/2025,2119,31.78,2,Corral 3 y 4
,,,,,,,,,,,,,,,,,06/08/2025,2122,26.88,2,Corral 3 y 4
,,,,,,,,,,,,,,,,,06/08/2025,2150,21.03,1,Corral 5 y 6
,,,,,,,,,,,,,,,,,06/08/2025,5767,15.06,1,Corral 3 y 4
,,,,,,,,,,,,,,,,,06/08/2025,6054,26.31,2,Corral 3 y 4
,,,,,,,,,,,,,,,,,06/08/2025,6062,31.73,1,Corral 5 y 6
,,,,,,,,,,,,,,,,,06/08/2025,6070,25.86,1,Corral 5 y 6
,,,,,,,,,,,,,,,,,06/08/2025,6131,16.85,1,Corral 1 y 2
,,,,,,,,,,,,,,,,,06/08/2025,6134,23.81,1,Corral 5 y 6
,,,,,,,,,,,,,,,,,06/08/2025,6137,9.03,1,Corral 5 y 6
,,,,,,,,,,,,,,,,,06/08/2025,6154,20.07,1,Corral 1 y 2
,,,,,,,,,,,,,,,,,06/08/2025,6161,9.74,1,Corral 3 y 4
,,,,,,,,,,,,,,,,,06/08/2025,6164,28.34,2,Corral 3 y 4
,,,,,,,,,,,,,,,,,06/08/2025,6178,16.81,1,Corral 3 y 4
,,,,,,,,,,,,,,,,,06/08/2025,6193,23.93,1,Corral 5 y 6
,,,,,,,,,,,,,,,,,06/08/2025,6197,18.3,1,Corral 1 y 2
,,,,,,,,,,,,,,,,,06/08/2025,6226,18.94,1,Corral 1 y 2
,,,,,,,,,,,,,,,,,06/08/2025,6258,12.12,1,Corral 1 y 2
,,,,,,,,,,,,,,,,,06/08/2025,8703,9.7,1,Corral 1 y 2
,,,,,,,,,,,,,,,,,06/08/2025,8705,16.83,1,Corral 5 y 6
,,,,,,,,,,,,,,,,,06/08/2025,8707,12.73,1,Corral 3 y 4
,,,,,,,,,,,,,,,,,06/08/2025,8708,20.25,2,Corral 5 y 6
,,,,,,,,,,,,,,,,,06/08/2025,8710,16.43,1,Corral 3 y 4
,,,,,,,,,,,,,,,,,06/08/2025,8711,29.72,2,Corral 1 y 2
,,,,,,,,,,,,,,,,,06/08/2025,8712,11.35,1,Corral 1 y 2
,,,,,,,,,,,,,,,,,06/08/2025,8714,16,1,Corral 1 y 2
,,,,,,,,,,,,,,,,,06/08/2025,8715,14.14,1,Corral 3 y 4
,,,,,,,,,,,,,,,,,06/08/2025,8732,24.45,2,Corral 5 y 6
,,,,,,,,,,,,,,,,,06/08/2025,8739,14.95,1,Corral 1 y 2
,,,,,,,,,,,,,,,,,06/08/2025,8755,13.73,1,Corral 5 y 6
,,,,,,,,,,,,,,,,,06/08/2025,8761,22.22,1,Corral 3 y 4
,,,,,,,,,,,,,,,,,09/08/2025,1510,8.64,1,Corral 5 y 6
,,,,,,,,,,,,,,,,,01/09/2025,1204,14.38,1,Corral 1 y 2
,,,,,,,,,,,,,,,,,01/09/2025,1213,16.13,1,Corral 1 y 2
,,,,,,,,,,,,,,,,,01/09/2025,1216,12.02,1,Corral 1 y 2
,,,,,,,,,,,,,,,,,01/09/2025,1225,18,2,Corral 5 y 6
,,,,,,,,,,,,,,,,,01/09/2025,1228,10.96,1,Corral 3 y 4
,,,,,,,,,,,,,,,,,01/09/2025,1235,8.95,1,Corral 3 y 4
,,,,,,,,,,,,,,,,,01/09/2025,1236,21.5,2,Corral 5 y 6
,,,,,,,,,,,,,,,,,01/09/2025,1242,24.37,2,Corral 3 y 4
,,,,,,,,,,,,,,,,,01/09/2025,1243,6.98,1,Corral 5 y 6
,,,,,,,,,,,,,,,,,01/09/2025,1555,40.02,2,Corral 1 y 2
,,,,,,,,,,,,,,,,,01/09/2025,1560,27.55,1,Corral 1 y 2
,,,,,,,,,,,,,,,,,01/09/2025,1567,16.37,1,Corral 3 y 4
,,,,,,,,,,,,,,,,,01/09/2025,1577,12.17,1,Corral 3 y 4
,,,,,,,,,,,,,,,,,01/09/2025,1617,27.26,1,Corral 5 y 6
,,,,,,,,,,,,,,,,,01/09/2025,1638,20.39,1,Corral 1 y 2
,,,,,,,,,,,,,,,,,01/09/2025,1644,37.68,2,Corral 1 y 2
,,,,,,,,,,,,,,,,,01/09/2025,2070,13.67,1,Corral 3 y 4
,,,,,,,,,,,,,,,,,01/09/2025,2074,16.07,1,Corral 5 y 6
,,,,,,,,,,,,,,,,,01/09/2025,2076,24.79,1,Corral 5 y 6
,,,,,,,,,,,,,,,,,01/09/2025,2082,21.39,1,Corral 3 y 4
,,,,,,,,,,,,,,,,,01/09/2025,2087,25.55,1,Corral 1 y 2
,,,,,,,,,,,,,,,,,01/09/2025,2108,25.49,2,Corral 3 y 4
,,,,,,,,,,,,,,,,,01/09/2025,2119,21.65,1,Corral 1 y 2
,,,,,,,,,,,,,,,,,01/09/2025,2165,16.4,1,Corral 5 y 6
,,,,,,,,,,,,,,,,,01/09/2025,5767,22.55,1,Corral 3 y 4
,,,,,,,,,,,,,,,,,01/09/2025,6012,36.84,2,Corral 1 y 2
,,,,,,,,,,,,,,,,,01/09/2025,6050,17.83,1,Corral 3 y 4
,,,,,,,,,,,,,,,,,01/09/2025,6054,12.44,1,Corral 5 y 6
,,,,,,,,,,,,,,,,,01/09/2025,6062,7.07,1,Corral 5 y 6
,,,,,,,,,,,,,,,,,01/09/2025,6070,27.38,1,Corral 1 y 2
,,,,,,,,,,,,,,,,,01/09/2025,6092,37.12,2,Corral 1 y 2
,,,,,,,,,,,,,,,,,01/09/2025,6098,14.68,1,Corral 5 y 6
,,,,,,,,,,,,,,,,,01/09/2025,6124,15.17,1,Corral 5 y 6
,,,,,,,,,,,,,,,,,01/09/2025,6131,41.02,2,Corral 1 y 2
,,,,,,,,,,,,,,,,,01/09/2025,6134,28.1,2,Corral 1 y 2
,,,,,,,,,,,,,,,,,01/09/2025,6137,14.41,1,Corral 1 y 2
,,,,,,,,,,,,,,,,,01/09/2025,6161,22.09,1,Corral 3 y 4
,,,,,,,,,,,,,,,,,01/09/2025,6164,35.41,2,Corral 3 y 4
,,,,,,,,,,,,,,,,,01/09/2025,6178,15.12,1,Corral 1 y 2
,,,,,,,,,,,,,,,,,01/09/2025,6193,17.7,1,Corral 3 y 4
,,,,,,,,,,,,,,,,,01/09/2025,6194,29.6,2,Corral 3 y 4
,,,,,,,,,,,,,,,,,01/09/2025,6197,42.97,2,Corral 1 y 2
,,,,,,,,,,,,,,,,,01/09/2025,6226,21.73,1,Corral 1 y 2
,,,,,,,,,,,,,,,,,01/09/2025,6258,30.75,2,Corral 1 y 2
,,,,,,,,,,,,,,,,,01/09/2025,8703,25.98,2,Corral 1 y 2
,,,,,,,,,,,,,,,,,01/09/2025,8705,8.95,1,Corral 1 y 2
,,,,,,,,,,,,,,,,,01/09/2025,8707,9.6,1,Corral 3 y 4
,,,,,,,,,,,,,,,,,01/09/2025,8708,9.48,1,Corral 5 y 6
,,,,,,,,,,,,,,,,,01/09/2025,8711,16.68,1,Corral 1 y 2
,,,,,,,,,,,,,,,,,01/09/2025,8714,16.78,1,Corral 1 y 2
,,,,,,,,,,,,,,,,,01/09/2025,8732,9.31,1,Corral 1 y 2
,,,,,,,,,,,,,,,,,02/09/2025,1204,21.86,1,Corral 5 y 6
,,,,,,,,,,,,,,,,,02/09/2025,1213,17.07,1,Corral 1 y 2
,,,,,,,,,,,,,,,,,02/09/2025,1216,14.54,1,Corral 5 y 6
,,,,,,,,,,,,,,,,,02/09/2025,1225,17.05,2,Corral 5 y 6
,,,,,,,,,,,,,,,,,02/09/2025,1228,16.99,1,Corral 3 y 4
,,,,,,,,,,,,,,,,,02/09/2025,1235,25.43,2,Corral 3 y 4
,,,,,,,,,,,,,,,,,02/09/2025,1236,11.67,1,Corral 5 y 6
,,,,,,,,,,,,,,,,,02/09/2025,1242,17.64,1,Corral 3 y 4
,,,,,,,,,,,,,,,,,02/09/2025,1243,25.79,1,Corral 5 y 6
,,,,,,,,,,,,,,,,,02/09/2025,1555,19.87,1,Corral 1 y 2
,,,,,,,,,,,,,,,,,02/09/2025,1560,34.57,2,Corral 1 y 2
,,,,,,,,,,,,,,,,,02/09/2025,1567,31.66,2,Corral 3 y 4
,,,,,,,,,,,,,,,,,02/09/2025,1577,36.58,2,Corral 3 y 4
,,,,,,,,,,,,,,,,,02/09/2025,1590,31.12,2,Corral 3 y 4
,,,,,,,,,,,,,,,,,02/09/2025,1638,39.47,2,Corral 1 y 2
,,,,,,,,,,,,,,,,,02/09/2025,1644,20.2,1,Corral 1 y 2
,,,,,,,,,,,,,,,,,02/09/2025,2070,18.1,1,Corral 3 y 4
,,,,,,,,,,,,,,,,,02/09/2025,2074,24.86,1,Corral 5 y 6
,,,,,,,,,,,,,,,,,02/09/2025,2076,21.09,1,Corral 5 y 6
,,,,,,,,,,,,,,,,,02/09/2025,2082,11.76,1,Corral 3 y 4
,,,,,,,,,,,,,,,,,02/09/2025,2087,20.18,1,Corral 1 y 2
,,,,,,,,,,,,,,,,,02/09/2025,2110,25.15,2,Corral 3 y 4
,,,,,,,,,,,,,,,,,02/09/2025,2119,17.43,1,Corral 1 y 2
,,,,,,,,,,,,,,,,,02/09/2025,2122,21.19,1,Corral 1 y 2
,,,,,,,,,,,,,,,,,02/09/2025,2150,17.86,1,Corral 3 y 4
,,,,,,,,,,,,,,,,,02/09/2025,2165,26.29,1,Corral 5 y 6
,,,,,,,,,,,,,,,,,02/09/2025,5767,19.49,1,Corral 3 y 4
,,,,,,,,,,,,,,,,,02/09/2025,6012,21.03,1,Corral 1 y 2
,,,,,,,,,,,,,,,,,02/09/2025,6050,36.55,2,Corral 3 y 4
,,,,,,,,,,,,,,,,,02/09/2025,6054,27,1,Corral 5 y 6
,,,,,,,,,,,,,,,,,02/09/2025,6062,33.59,1,Corral 3 y 4
,,,,,,,,,,,,,,,,,02/09/2025,6070,34.24,2,Corral 1 y 2
,,,,,,,,,,,,,,,,,02/09/2025,6092,25.4,2,Corral 1 y 2
,,,,,,,,,,,,,,,,,02/09/2025,6124,16.47,1,Corral 5 y 6
,,,,,,,,,,,,,,,,,02/09/2025,6131,11.23,1,Corral 1 y 2
,,,,,,,,,,,,,,,,,02/09/2025,6134,22.68,1,Corral 1 y 2
,,,,,,,,,,,,,,,,,02/09/2025,6137,25.78,2,Corral 1 y 2
,,,,,,,,,,,,,,,,,02/09/2025,6161,33.29,2,Corral 3 y 4
,,,,,,,,,,,,,,,,,02/09/2025,6164,29.78,2,Corral 3 y 4
,,,,,,,,,,,,,,,,,02/09/2025,6193,16.18,1,Corral 3 y 4
,,,,,,,,,,,,,,,,,02/09/2025,6194,29.72,1,Corral 3 y 4
,,,,,,,,,,,,,,,,,02/09/2025,6197,23.82,1,Corral 1 y 2
,,,,,,,,,,,,,,,,,02/09/2025,6226,35.35,2,Corral 1 y 2
,,,,,,,,,,,,,,,,,02/09/2025,6258,15.05,1,Corral 1 y 2
,,,,,,,,,,,,,,,,,02/09/2025,8703,19.03,2,Corral 1 y 2
,,,,,,,,,,,,,,,,,02/09/2025,8705,16.01,1,Corral 1 y 2
,,,,,,,,,,,,,,,,,02/09/2025,8707,4.06,1,Corral 3 y 4
,,,,,,,,,,,,,,,,,02/09/2025,8708,7.94,1,Corral 1 y 2
,,,,,,,,,,,,,,,,,02/09/2025,8711,8.49,1,Corral 1 y 2
,,,,,,,,,,,,,,,,,02/09/2025,8712,11.18,1,Corral 5 y 6
,,,,,,,,,,,,,,,,,02/09/2025,8714,19.09,1,Corral 1 y 2
,,,,,,,,,,,,,,,,,02/09/2025,8715,15.24,1,Corral 5 y 6
,,,,,,,,,,,,,,,,,02/09/2025,8732,8.15,1,Corral 1 y 2
,,,,,,,,,,,,,,,,,02/09/2025,8755,11.56,1,Corral 5 y 6
,,,,,,,,,,,,,,,,,02/09/2025,8761,11.93,1,Corral 1 y 2
,,,,,,,,,,,,,,,,,03/09/2025,1204,26.34,1,Corral 5 y 6
,,,,,,,,,,,,,,,,,03/09/2025,1216,19.07,1,Corral 3 y 4
,,,,,,,,,,,,,,,,,03/09/2025,1225,21.05,2,Corral 1 y 2
,,,,,,,,,,,,,,,,,03/09/2025,1228,20.62,1,Corral 3 y 4
,,,,,,,,,,,,,,,,,03/09/2025,1235,17.39,1,Corral 3 y 4
,,,,,,,,,,,,,,,,,03/09/2025,1236,13.76,1,Corral 3 y 4
,,,,,,,,,,,,,,,,,03/09/2025,1243,12.61,1,Corral 3 y 4
,,,,,,,,,,,,,,,,,03/09/2025,1555,38.06,2,Corral 1 y 2
,,,,,,,,,,,,,,,,,03/09/2025,1560,19.35,1,Corral 1 y 2
,,,,,,,,,,,,,,,,,03/09/2025,1567,18.43,1,Corral 3 y 4
,,,,,,,,,,,,,,,,,03/09/2025,1577,13.68,1,Corral 3 y 4
,,,,,,,,,,,,,,,,,03/09/2025,1617,9.11,1,Corral 5 y 6
,,,,,,,,,,,,,,,,,03/09/2025,1638,29.7,1,Corral 1 y 2
,,,,,,,,,,,,,,,,,03/09/2025,1644,10.36,1,Corral 1 y 2
,,,,,,,,,,,,,,,,,03/09/2025,2070,21.1,1,Corral 3 y 4
,,,,,,,,,,,,,,,,,03/09/2025,2074,29.62,2,Corral 3 y 4
,,,,,,,,,,,,,,,,,03/09/2025,2076,31.05,2,Corral 1 y 2
,,,,,,,,,,,,,,,,,03/09/2025,2082,19.86,1,Corral 3 y 4
,,,,,,,,,,,,,,,,,03/09/2025,2087,19.12,1,Corral 1 y 2
,,,,,,,,,,,,,,,,,03/09/2025,2108,27.14,1,Corral 5 y 6
,,,,,,,,,,,,,,,,,03/09/2025,2110,24.73,1,Corral 3 y 4
,,,,,,,,,,,,,,,,,03/09/2025,2119,23.45,1,Corral 3 y 4
,,,,,,,,,,,,,,,,,03/09/2025,2122,16.28,1,Corral 3 y 4
,,,,,,,,,,,,,,,,,03/09/2025,2150,28.09,2,Corral 5 y 6
,,,,,,,,,,,,,,,,,03/09/2025,2165,26.41,1,Corral 5 y 6
,,,,,,,,,,,,,,,,,03/09/2025,5767,15.99,1,Corral 1 y 2
,,,,,,,,,,,,,,,,,03/09/2025,6050,27.4,1,Corral 3 y 4
,,,,,,,,,,,,,,,,,03/09/2025,6054,26.02,1,Corral 3 y 4
,,,,,,,,,,,,,,,,,03/09/2025,6062,20.25,1,Corral 3 y 4
,,,,,,,,,,,,,,,,,03/09/2025,6070,21.5,1,Corral 5 y 6
,,,,,,,,,,,,,,,,,03/09/2025,6092,37.39,2,Corral 1 y 2
,,,,,,,,,,,,,,,,,03/09/2025,6124,15.07,1,Corral 5 y 6
,,,,,,,,,,,,,,,,,03/09/2025,6131,25.45,1,Corral 1 y 2
,,,,,,,,,,,,,,,,,03/09/2025,6134,28.26,1,Corral 5 y 6
,,,,,,,,,,,,,,,,,03/09/2025,6137,18.85,1,Corral 3 y 4
,,,,,,,,,,,,,,,,,03/09/2025,6161,14.1,1,Corral 3 y 4
,,,,,,,,,,,,,,,,,03/09/2025,6164,22.26,1,Corral 3 y 4
,,,,,,,,,,,,,,,,,03/09/2025,6178,20.22,1,Corral 3 y 4
,,,,,,,,,,,,,,,,,03/09/2025,6193,35.92,2,Corral 5 y 6
,,,,,,,,,,,,,,,,,03/09/2025,6194,30.51,2,Corral 1 y 2
,,,,,,,,,,,,,,,,,03/09/2025,6226,39.37,2,Corral 1 y 2
,,,,,,,,,,,,,,,,,03/09/2025,6258,33.98,2,Corral 1 y 2
,,,,,,,,,,,,,,,,,03/09/2025,8703,12.55,2,Corral 1 y 2
,,,,,,,,,,,,,,,,,03/09/2025,8705,27.47,2,Corral 1 y 2
,,,,,,,,,,,,,,,,,03/09/2025,8707,21.89,1,Corral 3 y 4
,,,,,,,,,,,,,,,,,03/09/2025,8708,13.27,1,Corral 5 y 6
,,,,,,,,,,,,,,,,,03/09/2025,8710,9.28,1,Corral 3 y 4
,,,,,,,,,,,,,,,,,03/09/2025,8711,11.3,1,Corral 1 y 2
,,,,,,,,,,,,,,,,,03/09/2025,8712,8.04,1,Corral 1 y 2
,,,,,,,,,,,,,,,,,03/09/2025,8732,9.92,1,Corral 1 y 2
,,,,,,,,,,,,,,,,,03/09/2025,8755,11.67,1,Corral 3 y 4
,,,,,,,,,,,,,,,,,03/09/2025,8761,12.77,1,Corral 1 y 2
,,,,,,,,,,,,,,,,,04/09/2025,1204,18.53,1,Corral 5 y 6
,,,,,,,,,,,,,,,,,04/09/2025,1213,12.88,1,Corral 1 y 2
,,,,,,,,,,,,,,,,,04/09/2025,1216,11.49,1,Corral 3 y 4
,,,,,,,,,,,,,,,,,04/09/2025,1225,17.91,2,Corral 1 y 2
,,,,,,,,,,,,,,,,,04/09/2025,1228,24.42,2,Corral 3 y 4
,,,,,,,,,,,,,,,,,04/09/2025,1235,9.02,1,Corral 1 y 2
,,,,,,,,,,,,,,,,,04/09/2025,1236,14.29,1,Corral 3 y 4
,,,,,,,,,,,,,,,,,04/09/2025,1243,15.31,1,Corral 3 y 4
,,,,,,,,,,,,,,,,,04/09/2025,1555,30.37,2,Corral 1 y 2
,,,,,,,,,,,,,,,,,04/09/2025,1560,29.34,2,Corral 1 y 2
,,,,,,,,,,,,,,,,,04/09/2025,1567,15.13,1,Corral 3 y 4
,,,,,,,,,,,,,,,,,04/09/2025,1577,21.59,1,Corral 3 y 4
,,,,,,,,,,,,,,,,,04/09/2025,1590,14.71,1,Corral 1 y 2
,,,,,,,,,,,,,,,,,04/09/2025,1617,21,1,Corral 5 y 6
,,,,,,,,,,,,,,,,,04/09/2025,1638,27.28,2,Corral 1 y 2
,,,,,,,,,,,,,,,,,04/09/2025,1644,17.92,1,Corral 1 y 2
,,,,,,,,,,,,,,,,,04/09/2025,2070,12.42,1,Corral 3 y 4
,,,,,,,,,,,,,,,,,04/09/2025,2074,10.86,1,Corral 3 y 4
,,,,,,,,,,,,,,,,,04/09/2025,2076,21.5,2,Corral 1 y 2
,,,,,,,,,,,,,,,,,04/09/2025,2082,8.17,1,Corral 3 y 4
,,,,,,,,,,,,,,,,,04/09/2025,2087,18.89,1,Corral 3 y 4
,,,,,,,,,,,,,,,,,04/09/2025,2108,25.93,1,Corral 5 y 6
,,,,,,,,,,,,,,,,,04/09/2025,2110,22.98,1,Corral 1 y 2
,,,,,,,,,,,,,,,,,04/09/2025,2119,25.79,1,Corral 3 y 4
,,,,,,,,,,,,,,,,,04/09/2025,2122,30.78,2,Corral 3 y 4
,,,,,,,,,,,,,,,,,04/09/2025,2150,26.33,1,Corral 5 y 6
,,,,,,,,,,,,,,,,,04/09/2025,2165,22.22,1,Corral 5 y 6
,,,,,,,,,,,,,,,,,04/09/2025,5767,20.72,1,Corral 3 y 4
,,,,,,,,,,,,,,,,,04/09/2025,6012,16.35,1,Corral 1 y 2
,,,,,,,,,,,,,,,,,04/09/2025,6050,13.69,1,Corral 5 y 6
,,,,,,,,,,,,,,,,,04/09/2025,6054,26.22,2,Corral 3 y 4
,,,,,,,,,,,,,,,,,04/09/2025,6062,22.56,1,Corral 5 y 6
,,,,,,,,,,,,,,,,,04/09/2025,6070,20.08,1,Corral 5 y 6
,,,,,,,,,,,,,,,,,04/09/2025,6092,29.13,2,Corral 1 y 2
,,,,,,,,,,,,,,,,,04/09/2025,6124,9.83,1,Corral 5 y 6
,,,,,,,,,,,,,,,,,04/09/2025,6131,14.57,1,Corral 1 y 2
,,,,,,,,,,,,,,,,,04/09/2025,6134,27.17,1,Corral 5 y 6
,,,,,,,,,,,,,,,,,04/09/2025,6137,25.11,2,Corral 5 y 6
,,,,,,,,,,,,,,,,,04/09/2025,6161,26.58,2,Corral 3 y 4
,,,,,,,,,,,,,,,,,04/09/2025,6164,32.6,2,Corral 3 y 4
,,,,,,,,,,,,,,,,,04/09/2025,6178,16.7,1,Corral 3 y 4
,,,,,,,,,,,,,,,,,04/09/2025,6193,19.69,1,Corral 5 y 6
,,,,,,,,,,,,,,,,,04/09/2025,6197,28.17,2,Corral 1 y 2
,,,,,,,,,,,,,,,,,04/09/2025,6226,37.74,2,Corral 1 y 2
,,,,,,,,,,,,,,,,,04/09/2025,6258,20.45,1,Corral 1 y 2
,,,,,,,,,,,,,,,,,04/09/2025,8703,12.68,1,Corral 1 y 2
,,,,,,,,,,,,,,,,,04/09/2025,8705,14.35,1,Corral 5 y 6
,,,,,,,,,,,,,,,,,04/09/2025,8707,31.57,2,Corral 3 y 4
,,,,,,,,,,,,,,,,,04/09/2025,8708,19.7,2,Corral 5 y 6
,,,,,,,,,,,,,,,,,04/09/2025,8710,27.73,2,Corral 3 y 4
,,,,,,,,,,,,,,,,,04/09/2025,8711,23.65,2,Corral 1 y 2
,,,,,,,,,,,,,,,,,04/09/2025,8714,14.9,1,Corral 1 y 2
,,,,,,,,,,,,,,,,,04/09/2025,8715,15.31,1,Corral 3 y 4
,,,,,,,,,,,,,,,,,04/09/2025,8732,5.9,1,Corral 5 y 6
,,,,,,,,,,,,,,,,,04/09/2025,8761,33.98,2,Corral 3 y 4
,,,,,,,,,,,,,,,,,05/09/2025,1204,23.09,1,Corral 5 y 6
,,,,,,,,,,,,,,,,,05/09/2025,1216,13.81,1,Corral 3 y 4
,,,,,,,,,,,,,,,,,05/09/2025,1225,14.3,1,Corral 1 y 2
,,,,,,,,,,,,,,,,,05/09/2025,1228,30.74,2,Corral 3 y 4
,,,,,,,,,,,,,,,,,05/09/2025,1235,17.24,1,Corral 1 y 2
,,,,,,,,,,,,,,,,,05/09/2025,1236,24.59,2,Corral 3 y 4
,,,,,,,,,,,,,,,,,05/09/2025,1242,19.49,1,Corral 3 y 4
,,,,,,,,,,,,,,,,,05/09/2025,1243,24,2,Corral 3 y 4
,,,,,,,,,,,,,,,,,05/09/2025,1560,11.29,1,Corral 1 y 2
,,,,,,,,,,,,,,,,,05/09/2025,1567,26.14,2,Corral 3 y 4
,,,,,,,,,,,,,,,,,05/09/2025,1577,34.46,2,Corral 3 y 4
,,,,,,,,,,,,,,,,,05/09/2025,1590,11.14,1,Corral 1 y 2
,,,,,,,,,,,,,,,,,05/09/2025,1638,19.94,2,Corral 1 y 2
,,,,,,,,,,,,,,,,,05/09/2025,1644,21.02,1,Corral 1 y 2
,,,,,,,,,,,,,,,,,05/09/2025,2070,18.53,1,Corral 3 y 4
,,,,,,,,,,,,,,,,,05/09/2025,2074,13.48,1,Corral 3 y 4
,,,,,,,,,,,,,,,,,05/09/2025,2076,16.72,1,Corral 1 y 2
,,,,,,,,,,,,,,,,,05/09/2025,2082,16.97,1,Corral 3 y 4
,,,,,,,,,,,,,,,,,05/09/2025,2087,21.01,1,Corral 3 y 4
,,,,,,,,,,,,,,,,,05/09/2025,2108,24.5,1,Corral 5 y 6
,,,,,,,,,,,,,,,,,05/09/2025,2110,21.34,1,Corral 1 y 2
,,,,,,,,,,,,,,,,,05/09/2025,2119,27.99,1,Corral 3 y 4
,,,,,,,,,,,,,,,,,05/09/2025,2122,23.2,1,Corral 3 y 4
,,,,,,,,,,,,,,,,,05/09/2025,2150,14.66,1,Corral 5 y 6
,,,,,,,,,,,,,,,,,05/09/2025,2165,33.02,2,Corral 5 y 6
,,,,,,,,,,,,,,,,,05/09/2025,5767,18.77,1,Corral 3 y 4
,,,,,,,,,,,,,,,,,05/09/2025,6054,16.16,1,Corral 3 y 4
,,,,,,,,,,,,,,,,,05/09/2025,6062,18.31,1,Corral 5 y 6
,,,,,,,,,,,,,,,,,05/09/2025,6070,15.66,1,Corral 5 y 6
,,,,,,,,,,,,,,,,,05/09/2025,6092,24.05,1,Corral 1 y 2
,,,,,,,,,,,,,,,,,05/09/2025,6131,26.69,1,Corral 1 y 2
,,,,,,,,,,,,,,,,,05/09/2025,6134,21.24,2,Corral 5 y 6
,,,,,,,,,,,,,,,,,05/09/2025,6137,27.5,2,Corral 5 y 6
,,,,,,,,,,,,,,,,,05/09/2025,6154,18.74,1,Corral 1 y 2
,,,,,,,,,,,,,,,,,05/09/2025,6161,27.91,2,Corral 3 y 4
,,,,,,,,,,,,,,,,,05/09/2025,6164,17.91,1,Corral 3 y 4
,,,,,,,,,,,,,,,,,05/09/2025,6193,28.57,2,Corral 5 y 6
,,,,,,,,,,,,,,,,,05/09/2025,6197,14.92,1,Corral 1 y 2
,,,,,,,,,,,,,,,,,05/09/2025,6226,19.75,1,Corral 1 y 2
,,,,,,,,,,,,,,,,,05/09/2025,6258,11.5,1,Corral 1 y 2
,,,,,,,,,,,,,,,,,05/09/2025,8703,23.41,2,Corral 1 y 2
,,,,,,,,,,,,,,,,,05/09/2025,8705,16.89,1,Corral 5 y 6
,,,,,,,,,,,,,,,,,05/09/2025,8708,16.1,2,Corral 5 y 6
,,,,,,,,,,,,,,,,,05/09/2025,8710,22.12,2,Corral 3 y 4
,,,,,,,,,,,,,,,,,05/09/2025,8711,12.12,1,Corral 1 y 2
,,,,,,,,,,,,,,,,,05/09/2025,8712,14.62,1,Corral 1 y 2
,,,,,,,,,,,,,,,,,05/09/2025,8715,18.04,1,Corral 3 y 4
,,,,,,,,,,,,,,,,,05/09/2025,8755,9.17,1,Corral 5 y 6
,,,,,,,,,,,,,,,,,05/09/2025,8761,23.26,1,Corral 3 y 4
,,,,,,,,,,,,,,,,,06/09/2025,1204,13.28,1,Corral 5 y 6
,,,,,,,,,,,,,,,,,06/09/2025,1213,13.14,1,Corral 1 y 2
,,,,,,,,,,,,,,,,,06/09/2025,1216,11.97,1,Corral 3 y 4
,,,,,,,,,,,,,,,,,06/09/2025,1225,17.23,1,Corral 1 y 2
,,,,,,,,,,,,,,,,,06/09/2025,1228,27.43,2,Corral 3 y 4
,,,,,,,,,,,,,,,,,06/09/2025,1235,17.74,2,Corral 1 y 2
,,,,,,,,,,,,,,,,,06/09/2025,1236,19.27,2,Corral 3 y 4
,,,,,,,,,,,,,,,,,06/09/2025,1242,17.78,1,Corral 3 y 4
,,,,,,,,,,,,,,,,,06/09/2025,1243,21.81,1,Corral 3 y 4
,,,,,,,,,,,,,,,,,06/09/2025,1555,44.23,2,Corral 1 y 2
,,,,,,,,,,,,,,,,,06/09/2025,1560,42.21,2,Corral 1 y 2
,,,,,,,,,,,,,,,,,06/09/2025,1567,22.34,1,Corral 3 y 4
,,,,,,,,,,,,,,,,,06/09/2025,1577,25.76,1,Corral 3 y 4
,,,,,,,,,,,,,,,,,06/09/2025,1590,19.46,1,Corral 1 y 2
,,,,,,,,,,,,,,,,,06/09/2025,1644,10.81,1,Corral 1 y 2
,,,,,,,,,,,,,,,,,06/09/2025,2070,18.45,1,Corral 3 y 4
,,,,,,,,,,,,,,,,,06/09/2025,2074,13.27,1,Corral 3 y 4
,,,,,,,,,,,,,,,,,06/09/2025,2076,13.27,1,Corral 1 y 2
,,,,,,,,,,,,,,,,,06/09/2025,2082,6.66,1,Corral 3 y 4
,,,,,,,,,,,,,,,,,06/09/2025,2087,29.73,1,Corral 3 y 4
,,,,,,,,,,,,,,,,,06/09/2025,2108,28.2,1,Corral 5 y 6
,,,,,,,,,,,,,,,,,06/09/2025,2110,24.95,1,Corral 1 y 2
,,,,,,,,,,,,,,,,,06/09/2025,2119,19,1,Corral 3 y 4
,,,,,,,,,,,,,,,,,06/09/2025,2122,19.41,1,Corral 3 y 4
,,,,,,,,,,,,,,,,,06/09/2025,5767,33.17,2,Corral 3 y 4
,,,,,,,,,,,,,,,,,06/09/2025,6012,21.82,1,Corral 1 y 2
,,,,,,,,,,,,,,,,,06/09/2025,6054,15.18,1,Corral 3 y 4
,,,,,,,,,,,,,,,,,06/09/2025,6062,24.11,1,Corral 5 y 6
,,,,,,,,,,,,,,,,,06/09/2025,6070,18.65,1,Corral 5 y 6
,,,,,,,,,,,,,,,,,06/09/2025,6092,19.65,1,Corral 1 y 2
,,,,,,,,,,,,,,,,,06/09/2025,6131,23.27,2,Corral 1 y 2
,,,,,,,,,,,,,,,,,06/09/2025,6134,17.5,1,Corral 5 y 6
,,,,,,,,,,,,,,,,,06/09/2025,6137,23.35,2,Corral 5 y 6
,,,,,,,,,,,,,,,,,06/09/2025,6154,29.21,2,Corral 1 y 2
,,,,,,,,,,,,,,,,,06/09/2025,6161,25.13,2,Corral 3 y 4
,,,,,,,,,,,,,,,,,06/09/2025,6164,15.32,1,Corral 3 y 4
,,,,,,,,,,,,,,,,,06/09/2025,6178,15.4,1,Corral 3 y 4
,,,,,,,,,,,,,,,,,06/09/2025,6193,22.09,1,Corral 5 y 6
,,,,,,,,,,,,,,,,,06/09/2025,6194,11.41,1,Corral 5 y 6
,,,,,,,,,,,,,,,,,06/09/2025,6197,22.37,1,Corral 1 y 2
,,,,,,,,,,,,,,,,,06/09/2025,6226,28.13,2,Corral 1 y 2
,,,,,,,,,,,,,,,,,06/09/2025,6258,21.81,2,Corral 1 y 2
,,,,,,,,,,,,,,,,,06/09/2025,8703,14.54,1,Corral 1 y 2
,,,,,,,,,,,,,,,,,06/09/2025,8705,17.57,1,Corral 5 y 6
,,,,,,,,,,,,,,,,,06/09/2025,8707,13.42,1,Corral 3 y 4
,,,,,,,,,,,,,,,,,06/09/2025,8708,7.35,1,Corral 5 y 6
,,,,,,,,,,,,,,,,,06/09/2025,8710,22.81,1,Corral 3 y 4
,,,,,,,,,,,,,,,,,06/09/2025,8711,15.93,1,Corral 1 y 2
,,,,,,,,,,,,,,,,,06/09/2025,8712,25.51,2,Corral 1 y 2
,,,,,,,,,,,,,,,,,06/09/2025,8715,19.12,1,Corral 3 y 4
,,,,,,,,,,,,,,,,,06/09/2025,8732,7.36,2,Corral 5 y 6
,,,,,,,,,,,,,,,,,06/09/2025,8739,9.23,2,Corral 1 y 2
,,,,,,,,,,,,,,,,,06/09/2025,8755,9.9,1,Corral 5 y 6
,,,,,,,,,,,,,,,,,06/09/2025,8761,18.02,1,Corral 3 y 4
,,,,,,,,,,,,,,,,,09/09/2025,1510,13.98,1,Corral 5 y 6
,,,,,,,,,,,,,,,,,01/10/2025,1213,16.62,1,Corral 1 y 2
,,,,,,,,,,,,,,,,,01/10/2025,1216,20.22,1,Corral 1 y 2
,,,,,,,,,,,,,,,,,01/10/2025,1228,34.15,2,Corral 3 y 4
,,,,,,,,,,,,,,,,,01/10/2025,1235,32.14,2,Corral 3 y 4
,,,,,,,,,,,,,,,,,01/10/2025,1236,14.55,1,Corral 5 y 6
,,,,,,,,,,,,,,,,,01/10/2025,1242,9.61,1,Corral 3 y 4
,,,,,,,,,,,,,,,,,01/10/2025,1243,14.47,1,Corral 5 y 6
,,,,,,,,,,,,,,,,,01/10/2025,1555,39.68,2,Corral 1 y 2
,,,,,,,,,,,,,,,,,01/10/2025,1560,40.51,2,Corral 1 y 2
,,,,,,,,,,,,,,,,,01/10/2025,1567,35.91,2,Corral 3 y 4
,,,,,,,,,,,,,,,,,01/10/2025,1577,16.8,1,Corral 3 y 4
,,,,,,,,,,,,,,,,,01/10/2025,1638,25.73,1,Corral 1 y 2
,,,,,,,,,,,,,,,,,01/10/2025,1644,21.54,1,Corral 1 y 2
,,,,,,,,,,,,,,,,,01/10/2025,2070,16.18,1,Corral 3 y 4
,,,,,,,,,,,,,,,,,01/10/2025,2074,16.2,1,Corral 5 y 6
,,,,,,,,,,,,,,,,,01/10/2025,2076,20.68,1,Corral 5 y 6
,,,,,,,,,,,,,,,,,01/10/2025,2082,10.97,1,Corral 3 y 4
,,,,,,,,,,,,,,,,,01/10/2025,2087,20.27,1,Corral 1 y 2
,,,,,,,,,,,,,,,,,01/10/2025,2108,39.14,2,Corral 3 y 4
,,,,,,,,,,,,,,,,,01/10/2025,2119,22.53,1,Corral 1 y 2
,,,,,,,,,,,,,,,,,01/10/2025,2122,22.58,1,Corral 1 y 2
,,,,,,,,,,,,,,,,,01/10/2025,2165,16.99,1,Corral 5 y 6
,,,,,,,,,,,,,,,,,01/10/2025,5767,19.78,1,Corral 3 y 4
,,,,,,,,,,,,,,,,,01/10/2025,6012,26.09,1,Corral 1 y 2
,,,,,,,,,,,,,,,,,01/10/2025,6050,32.21,2,Corral 3 y 4
,,,,,,,,,,,,,,,,,01/10/2025,6054,23.59,1,Corral 5 y 6
,,,,,,,,,,,,,,,,,01/10/2025,6062,9.8,1,Corral 5 y 6
,,,,,,,,,,,,,,,,,01/10/2025,6070,22.41,1,Corral 1 y 2
,,,,,,,,,,,,,,,,,01/10/2025,6092,14.55,1,Corral 1 y 2
,,,,,,,,,,,,,,,,,01/10/2025,6098,12.44,1,Corral 5 y 6
,,,,,,,,,,,,,,,,,01/10/2025,6124,21.25,1,Corral 5 y 6
,,,,,,,,,,,,,,,,,01/10/2025,6131,18.39,1,Corral 1 y 2
,,,,,,,,,,,,,,,,,01/10/2025,6134,28.93,2,Corral 1 y 2
,,,,,,,,,,,,,,,,,01/10/2025,6137,16.21,1,Corral 1 y 2
,,,,,,,,,,,,,,,,,01/10/2025,6161,34.64,2,Corral 3 y 4
,,,,,,,,,,,,,,,,,01/10/2025,6164,24.95,2,Corral 3 y 4
,,,,,,,,,,,,,,,,,01/10/2025,6178,24.09,1,Corral 1 y 2
,,,,,,,,,,,,,,,,,01/10/2025,6193,23.46,1,Corral 3 y 4
,,,,,,,,,,,,,,,,,01/10/2025,6194,25.7,1,Corral 3 y 4
,,,,,,,,,,,,,,,,,01/10/2025,6197,43.51,2,Corral 1 y 2
,,,,,,,,,,,,,,,,,01/10/2025,6226,39.54,2,Corral 1 y 2
,,,,,,,,,,,,,,,,,01/10/2025,6258,35.48,2,Corral 1 y 2
,,,,,,,,,,,,,,,,,01/10/2025,8703,14.34,1,Corral 1 y 2
,,,,,,,,,,,,,,,,,01/10/2025,8705,17.06,1,Corral 1 y 2
,,,,,,,,,,,,,,,,,01/10/2025,8708,13.66,1,Corral 5 y 6
,,,,,,,,,,,,,,,,,01/10/2025,8710,8.24,1,Corral 3 y 4
,,,,,,,,,,,,,,,,,01/10/2025,8711,18.88,1,Corral 1 y 2
,,,,,,,,,,,,,,,,,02/10/2025,1204,9.93,1,Corral 5 y 6
,,,,,,,,,,,,,,,,,02/10/2025,1216,12.19,1,Corral 5 y 6
,,,,,,,,,,,,,,,,,02/10/2025,1225,21.12,2,Corral 5 y 6
,,,,,,,,,,,,,,,,,02/10/2025,1228,32.41,2,Corral 3 y 4
,,,,,,,,,,,,,,,,,02/10/2025,1235,31.17,2,Corral 3 y 4
,,,,,,,,,,,,,,,,,02/10/2025,1236,18.27,2,Corral 5 y 6
,,,,,,,,,,,,,,,,,02/10/2025,1242,27.89,2,Corral 3 y 4
,,,,,,,,,,,,,,,,,02/10/2025,1243,33.12,2,Corral 5 y 6
,,,,,,,,,,,,,,,,,02/10/2025,1555,23.03,1,Corral 1 y 2
,,,,,,,,,,,,,,,,,02/10/2025,1560,25.14,1,Corral 1 y 2
,,,,,,,,,,,,,,,,,02/10/2025,1567,19.37,1,Corral 3 y 4
,,,,,,,,,,,,,,,,,02/10/2025,1577,33.69,2,Corral 3 y 4
,,,,,,,,,,,,,,,,,02/10/2025,1590,28.23,2,Corral 3 y 4
,,,,,,,,,,,,,,,,,02/10/2025,1617,22.61,1,Corral 5 y 6
,,,,,,,,,,,,,,,,,02/10/2025,1638,15.68,1,Corral 1 y 2
,,,,,,,,,,,,,,,,,02/10/2025,1644,20.13,1,Corral 1 y 2
,,,,,,,,,,,,,,,,,02/10/2025,2070,31.06,2,Corral 3 y 4
,,,,,,,,,,,,,,,,,02/10/2025,2074,26.5,2,Corral 5 y 6
,,,,,,,,,,,,,,,,,02/10/2025,2076,35.98,2,Corral 5 y 6
,,,,,,,,,,,,,,,,,02/10/2025,2082,17.08,1,Corral 3 y 4
,,,,,,,,,,,,,,,,,02/10/2025,2087,16.3,1,Corral 1 y 2
,,,,,,,,,,,,,,,,,02/10/2025,2108,23.37,1,Corral 3 y 4
,,,,,,,,,,,,,,,,,02/10/2025,2110,14.4,1,Corral 3 y 4
,,,,,,,,,,,,,,,,,02/10/2025,2119,31.63,2,Corral 1 y 2
,,,,,,,,,,,,,,,,,02/10/2025,2122,26.24,2,Corral 1 y 2
,,,,,,,,,,,,,,,,,02/10/2025,2150,25.51,2,Corral 3 y 4
,,,,,,,,,,,,,,,,,02/10/2025,2165,34.3,2,Corral 5 y 6
,,,,,,,,,,,,,,,,,02/10/2025,5767,35.64,2,Corral 3 y 4
,,,,,,,,,,,,,,,,,02/10/2025,6012,24.46,1,Corral 1 y 2
,,,,,,,,,,,,,,,,,02/10/2025,6050,33.63,2,Corral 3 y 4
,,,,,,,,,,,,,,,,,02/10/2025,6054,36.25,2,Corral 5 y 6
,,,,,,,,,,,,,,,,,02/10/2025,6062,18.58,1,Corral 3 y 4
,,,,,,,,,,,,,,,,,02/10/2025,6070,15.86,1,Corral 1 y 2
,,,,,,,,,,,,,,,,,02/10/2025,6092,20.47,1,Corral 1 y 2
,,,,,,,,,,,,,,,,,02/10/2025,6124,18.19,2,Corral 5 y 6
,,,,,,,,,,,,,,,,,02/10/2025,6131,20.35,1,Corral 1 y 2
,,,,,,,,,,,,,,,,,02/10/2025,6134,17.9,1,Corral 1 y 2
,,,,,,,,,,,,,,,,,02/10/2025,6137,24.72,2,Corral 1 y 2
,,,,,,,,,,,,,,,,,02/10/2025,6161,27.32,2,Corral 3 y 4
,,,,,,,,,,,,,,,,,02/10/2025,6164,32.65,2,Corral 3 y 4
,,,,,,,,,,,,,,,,,02/10/2025,6178,19.89,1,Corral 3 y 4
,,,,,,,,,,,,,,,,,02/10/2025,6193,15.94,1,Corral 3 y 4
,,,,,,,,,,,,,,,,,02/10/2025,6194,25.78,1,Corral 3 y 4
,,,,,,,,,,,,,,,,,02/10/2025,6197,21.93,1,Corral 1 y 2
,,,,,,,,,,,,,,,,,02/10/2025,6226,35.46,2,Corral 1 y 2
,,,,,,,,,,,,,,,,,02/10/2025,6258,19.51,1,Corral 1 y 2
,,,,,,,,,,,,,,,,,02/10/2025,8703,21.05,2,Corral 1 y 2
,,,,,,,,,,,,,,,,,02/10/2025,8705,13.96,1,Corral 1 y 2
,,,,,,,,,,,,,,,,,02/10/2025,8707,25.27,2,Corral 3 y 4
,,,,,,,,,,,,,,,,,02/10/2025,8708,16.34,1,Corral 1 y 2
,,,,,,,,,,,,,,,,,02/10/2025,8710,16.58,1,Corral 3 y 4
,,,,,,,,,,,,,,,,,02/10/2025,8711,14.96,2,Corral 1 y 2
,,,,,,,,,,,,,,,,,02/10/2025,8712,13.32,1,Corral 5 y 6
,,,,,,,,,,,,,,,,,02/10/2025,8714,20.11,2,Corral 1 y 2
,,,,,,,,,,,,,,,,,02/10/2025,8715,12.63,1,Corral 5 y 6
,,,,,,,,,,,,,,,,,02/10/2025,8732,6.51,1,Corral 1 y 2
,,,,,,,,,,,,,,,,,02/10/2025,8755,18.36,2,Corral 5 y 6
,,,,,,,,,,,,,,,,,02/10/2025,8761,20.33,1,Corral 1 y 2
,,,,,,,,,,,,,,,,,03/10/2025,1204,11.46,1,Corral 5 y 6
,,,,,,,,,,,,,,,,,03/10/2025,1213,13.15,1,Corral 1 y 2
,,,,,,,,,,,,,,,,,03/10/2025,1216,22.21,2,Corral 3 y 4
,,,,,,,,,,,,,,,,,03/10/2025,1225,15.91,1,Corral 1 y 2
,,,,,,,,,,,,,,,,,03/10/2025,1228,23.24,2,Corral 3 y 4
,,,,,,,,,,,,,,,,,03/10/2025,1235,10.3,1,Corral 3 y 4
,,,,,,,,,,,,,,,,,03/10/2025,1236,13.5,1,Corral 3 y 4
,,,,,,,,,,,,,,,,,03/10/2025,1242,16.66,1,Corral 3 y 4
,,,,,,,,,,,,,,,,,03/10/2025,1243,13.26,1,Corral 3 y 4
,,,,,,,,,,,,,,,,,03/10/2025,1555,28.69,2,Corral 1 y 2
,,,,,,,,,,,,,,,,,03/10/2025,1560,17.97,1,Corral 1 y 2
,,,,,,,,,,,,,,,,,03/10/2025,1567,18.92,1,Corral 3 y 4
,,,,,,,,,,,,,,,,,03/10/2025,1577,36.93,2,Corral 3 y 4
,,,,,,,,,,,,,,,,,03/10/2025,1590,19.03,1,Corral 3 y 4
,,,,,,,,,,,,,,,,,03/10/2025,1617,10.97,1,Corral 5 y 6
,,,,,,,,,,,,,,,,,03/10/2025,1638,25.16,1,Corral 1 y 2
,,,,,,,,,,,,,,,,,03/10/2025,1644,33.67,2,Corral 1 y 2
,,,,,,,,,,,,,,,,,03/10/2025,2070,21.1,1,Corral 3 y 4
,,,,,,,,,,,,,,,,,03/10/2025,2074,15.82,1,Corral 3 y 4
,,,,,,,,,,,,,,,,,03/10/2025,2076,37.88,2,Corral 1 y 2
,,,,,,,,,,,,,,,,,03/10/2025,2082,34.08,2,Corral 3 y 4
,,,,,,,,,,,,,,,,,03/10/2025,2087,29.61,2,Corral 1 y 2
,,,,,,,,,,,,,,,,,03/10/2025,2108,16.4,1,Corral 5 y 6
,,,,,,,,,,,,,,,,,03/10/2025,2110,38.33,2,Corral 3 y 4
,,,,,,,,,,,,,,,,,03/10/2025,2119,33.1,2,Corral 3 y 4
,,,,,,,,,,,,,,,,,03/10/2025,2122,25.59,2,Corral 3 y 4
,,,,,,,,,,,,,,,,,03/10/2025,2150,18.47,1,Corral 5 y 6
,,,,,,,,,,,,,,,,,03/10/2025,2165,17.37,1,Corral 5 y 6
,,,,,,,,,,,,,,,,,03/10/2025,6012,12.75,1,Corral 1 y 2
,,,,,,,,,,,,,,,,,03/10/2025,6050,15.13,1,Corral 3 y 4
,,,,,,,,,,,,,,,,,03/10/2025,6054,14.75,1,Corral 3 y 4
,,,,,,,,,,,,,,,,,03/10/2025,6062,42.82,2,Corral 3 y 4
,,,,,,,,,,,,,,,,,03/10/2025,6070,27.46,1,Corral 5 y 6
,,,,,,,,,,,,,,,,,03/10/2025,6092,25.49,2,Corral 1 y 2
,,,,,,,,,,,,,,,,,03/10/2025,6124,10.99,1,Corral 5 y 6
,,,,,,,,,,,,,,,,,03/10/2025,6131,19.82,1,Corral 1 y 2
,,,,,,,,,,,,,,,,,03/10/2025,6134,22.67,1,Corral 5 y 6
,,,,,,,,,,,,,,,,,03/10/2025,6137,23.32,2,Corral 3 y 4
,,,,,,,,,,,,,,,,,03/10/2025,6161,15.13,1,Corral 3 y 4
,,,,,,,,,,,,,,,,,03/10/2025,6164,36.37,2,Corral 3 y 4
,,,,,,,,,,,,,,,,,03/10/2025,6178,13.28,1,Corral 3 y 4
,,,,,,,,,,,,,,,,,03/10/2025,6193,27.9,2,Corral 5 y 6
,,,,,,,,,,,,,,,,,03/10/2025,6194,28.26,1,Corral 1 y 2
,,,,,,,,,,,,,,,,,03/10/2025,6197,23.98,1,Corral 1 y 2
,,,,,,,,,,,,,,,,,03/10/2025,6226,40.58,2,Corral 1 y 2
,,,,,,,,,,,,,,,,,03/10/2025,6258,14.39,1,Corral 1 y 2
,,,,,,,,,,,,,,,,,03/10/2025,8703,24.5,2,Corral 1 y 2
,,,,,,,,,,,,,,,,,03/10/2025,8705,18.84,1,Corral 1 y 2
,,,,,,,,,,,,,,,,,03/10/2025,8707,20.13,2,Corral 3 y 4
,,,,,,,,,,,,,,,,,03/10/2025,8708,18.02,2,Corral 5 y 6
,,,,,,,,,,,,,,,,,03/10/2025,8710,16.78,1,Corral 3 y 4
,,,,,,,,,,,,,,,,,03/10/2025,8712,13.13,1,Corral 1 y 2
,,,,,,,,,,,,,,,,,03/10/2025,8715,24.47,2,Corral 3 y 4
,,,,,,,,,,,,,,,,,03/10/2025,8732,13.36,1,Corral 1 y 2
,,,,,,,,,,,,,,,,,03/10/2025,8755,6.73,1,Corral 3 y 4
,,,,,,,,,,,,,,,,,03/10/2025,8761,13.43,1,Corral 1 y 2
,,,,,,,,,,,,,,,,,04/10/2025,1204,17.09,1,Corral 5 y 6
,,,,,,,,,,,,,,,,,04/10/2025,1213,16.71,1,Corral 1 y 2
,,,,,,,,,,,,,,,,,04/10/2025,1216,26.25,2,Corral 3 y 4
,,,,,,,,,,,,,,,,,04/10/2025,1225,18.02,2,Corral 1 y 2
,,,,,,,,,,,,,,,,,04/10/2025,1228,23.86,2,Corral 3 y 4
,,,,,,,,,,,,,,,,,04/10/2025,1236,23.28,2,Corral 3 y 4
,,,,,,,,,,,,,,,,,04/10/2025,1242,22.1,1,Corral 3 y 4
,,,,,,,,,,,,,,,,,04/10/2025,1243,31.78,2,Corral 3 y 4
,,,,,,,,,,,,,,,,,04/10/2025,1555,12.02,1,Corral 1 y 2
,,,,,,,,,,,,,,,,,04/10/2025,1560,19.69,1,Corral 1 y 2
,,,,,,,,,,,,,,,,,04/10/2025,1567,15.31,1,Corral 3 y 4
,,,,,,,,,,,,,,,,,04/10/2025,1577,18.17,1,Corral 3 y 4
,,,,,,,,,,,,,,,,,04/10/2025,1590,16.96,1,Corral 1 y 2
,,,,,,,,,,,,,,,,,04/10/2025,1617,26.44,1,Corral 5 y 6
,,,,,,,,,,,,,,,,,04/10/2025,1638,16.16,1,Corral 1 y 2
,,,,,,,,,,,,,,,,,04/10/2025,1644,11.39,1,Corral 1 y 2
,,,,,,,,,,,,,,,,,04/10/2025,2070,28.53,2,Corral 3 y 4
,,,,,,,,,,,,,,,,,04/10/2025,2074,22.91,2,Corral 3 y 4
,,,,,,,,,,,,,,,,,04/10/2025,2076,26.3,2,Corral 1 y 2
,,,,,,,,,,,,,,,,,04/10/2025,2082,18.67,1,Corral 3 y 4
,,,,,,,,,,,,,,,,,04/10/2025,2087,14.35,1,Corral 3 y 4
,,,,,,,,,,,,,,,,,04/10/2025,2110,32.18,2,Corral 1 y 2
,,,,,,,,,,,,,,,,,04/10/2025,2119,30.08,1,Corral 3 y 4
,,,,,,,,,,,,,,,,,04/10/2025,2122,23.58,1,Corral 3 y 4
,,,,,,,,,,,,,,,,,04/10/2025,2165,18.6,1,Corral 5 y 6
,,,,,,,,,,,,,,,,,04/10/2025,5767,20.07,1,Corral 3 y 4
,,,,,,,,,,,,,,,,,04/10/2025,6050,29.49,2,Corral 5 y 6
,,,,,,,,,,,,,,,,,04/10/2025,6054,37.79,2,Corral 3 y 4
,,,,,,,,,,,,,,,,,04/10/2025,6062,13.55,1,Corral 5 y 6
,,,,,,,,,,,,,,,,,04/10/2025,6070,23.48,2,Corral 5 y 6
,,,,,,,,,,,,,,,,,04/10/2025,6092,18.5,1,Corral 1 y 2
,,,,,,,,,,,,,,,,,04/10/2025,6124,7.65,1,Corral 5 y 6
,,,,,,,,,,,,,,,,,04/10/2025,6131,16.21,1,Corral 1 y 2
,,,,,,,,,,,,,,,,,04/10/2025,6134,37.52,2,Corral 5 y 6
,,,,,,,,,,,,,,,,,04/10/2025,6137,19.56,1,Corral 5 y 6
,,,,,,,,,,,,,,,,,04/10/2025,6161,24.86,2,Corral 3 y 4
,,,,,,,,,,,,,,,,,04/10/2025,6164,15.55,1,Corral 3 y 4
,,,,,,,,,,,,,,,,,04/10/2025,6193,38.24,2,Corral 5 y 6
,,,,,,,,,,,,,,,,,04/10/2025,6197,15.93,1,Corral 1 y 2
,,,,,,,,,,,,,,,,,04/10/2025,6226,30.65,2,Corral 1 y 2
,,,,,,,,,,,,,,,,,04/10/2025,6258,31.35,2,Corral 1 y 2
,,,,,,,,,,,,,,,,,04/10/2025,8703,10.49,1,Corral 1 y 2
,,,,,,,,,,,,,,,,,04/10/2025,8707,7.41,1,Corral 3 y 4
,,,,,,,,,,,,,,,,,04/10/2025,8708,16.35,2,Corral 5 y 6
,,,,,,,,,,,,,,,,,04/10/2025,8710,22.23,1,Corral 3 y 4
,,,,,,,,,,,,,,,,,04/10/2025,8711,11.87,1,Corral 1 y 2
,,,,,,,,,,,,,,,,,04/10/2025,8712,15.17,2,Corral 1 y 2
,,,,,,,,,,,,,,,,,04/10/2025,8714,17.86,1,Corral 1 y 2
,,,,,,,,,,,,,,,,,04/10/2025,8715,22.39,1,Corral 3 y 4
,,,,,,,,,,,,,,,,,04/10/2025,8732,9.26,1,Corral 5 y 6
,,,,,,,,,,,,,,,,,04/10/2025,8755,10.83,1,Corral 5 y 6
,,,,,,,,,,,,,,,,,04/10/2025,8761,10.62,1,Corral 3 y 4
,,,,,,,,,,,,,,,,,05/10/2025,1204,8.92,1,Corral 5 y 6
,,,,,,,,,,,,,,,,,05/10/2025,1213,13.51,1,Corral 1 y 2
,,,,,,,,,,,,,,,,,05/10/2025,1216,20.28,1,Corral 3 y 4
,,,,,,,,,,,,,,,,,05/10/2025,1225,13.75,1,Corral 1 y 2
,,,,,,,,,,,,,,,,,05/10/2025,1228,17.67,1,Corral 3 y 4
,,,,,,,,,,,,,,,,,05/10/2025,1235,13.52,1,Corral 1 y 2
,,,,,,,,,,,,,,,,,05/10/2025,1236,24.55,2,Corral 3 y 4
,,,,,,,,,,,,,,,,,05/10/2025,1242,33.75,2,Corral 3 y 4
,,,,,,,,,,,,,,,,,05/10/2025,1243,26.27,2,Corral 3 y 4
,,,,,,,,,,,,,,,,,05/10/2025,1555,37.41,2,Corral 1 y 2
,,,,,,,,,,,,,,,,,05/10/2025,1560,14.29,1,Corral 1 y 2
,,,,,,,,,,,,,,,,,05/10/2025,1567,25.24,1,Corral 3 y 4
,,,,,,,,,,,,,,,,,05/10/2025,1577,21.45,1,Corral 3 y 4
,,,,,,,,,,,,,,,,,05/10/2025,1590,4.6,1,Corral 1 y 2
,,,,,,,,,,,,,,,,,05/10/2025,1638,40.07,2,Corral 1 y 2
,,,,,,,,,,,,,,,,,05/10/2025,1644,17.91,1,Corral 1 y 2
,,,,,,,,,,,,,,,,,05/10/2025,2070,14.06,1,Corral 3 y 4
,,,,,,,,,,,,,,,,,05/10/2025,2074,15.19,1,Corral 3 y 4
,,,,,,,,,,,,,,,,,05/10/2025,2076,33.14,2,Corral 1 y 2
,,,,,,,,,,,,,,,,,05/10/2025,2082,17.89,1,Corral 3 y 4
,,,,,,,,,,,,,,,,,05/10/2025,2087,45.34,2,Corral 3 y 4
,,,,,,,,,,,,,,,,,05/10/2025,2108,12.15,1,Corral 5 y 6
,,,,,,,,,,,,,,,,,05/10/2025,2110,22.83,1,Corral 1 y 2
,,,,,,,,,,,,,,,,,05/10/2025,2119,24.93,2,Corral 3 y 4
,,,,,,,,,,,,,,,,,05/10/2025,2122,15.29,1,Corral 3 y 4
,,,,,,,,,,,,,,,,,05/10/2025,2150,24.42,1,Corral 5 y 6
,,,,,,,,,,,,,,,,,05/10/2025,2165,38.59,2,Corral 5 y 6
,,,,,,,,,,,,,,,,,05/10/2025,5767,14.69,1,Corral 3 y 4
,,,,,,,,,,,,,,,,,05/10/2025,6050,14.28,1,Corral 5 y 6
,,,,,,,,,,,,,,,,,05/10/2025,6054,20.76,2,Corral 3 y 4
,,,,,,,,,,,,,,,,,05/10/2025,6062,24.83,1,Corral 5 y 6
,,,,,,,,,,,,,,,,,05/10/2025,6070,18.28,1,Corral 5 y 6
,,,,,,,,,,,,,,,,,05/10/2025,6092,31.38,2,Corral 1 y 2
,,,,,,,,,,,,,,,,,05/10/2025,6131,23.21,1,Corral 1 y 2
,,,,,,,,,,,,,,,,,05/10/2025,6134,20.13,1,Corral 5 y 6
,,,,,,,,,,,,,,,,,05/10/2025,6137,10.49,1,Corral 5 y 6
,,,,,,,,,,,,,,,,,05/10/2025,6154,23.13,1,Corral 1 y 2
,,,,,,,,,,,,,,,,,05/10/2025,6161,11.74,1,Corral 3 y 4
,,,,,,,,,,,,,,,,,05/10/2025,6164,37.38,2,Corral 3 y 4
,,,,,,,,,,,,,,,,,05/10/2025,6178,20.82,1,Corral 3 y 4
,,,,,,,,,,,,,,,,,05/10/2025,6193,31.41,2,Corral 5 y 6
,,,,,,,,,,,,,,,,,05/10/2025,6226,30.69,1,Corral 1 y 2
,,,,,,,,,,,,,,,,,05/10/2025,6258,26.79,2,Corral 1 y 2
,,,,,,,,,,,,,,,,,05/10/2025,8703,17.47,2,Corral 1 y 2
,,,,,,,,,,,,,,,,,05/10/2025,8705,15.44,1,Corral 5 y 6
,,,,,,,,,,,,,,,,,05/10/2025,8707,15.71,1,Corral 3 y 4
,,,,,,,,,,,,,,,,,05/10/2025,8708,14.84,2,Corral 5 y 6
,,,,,,,,,,,,,,,,,05/10/2025,8710,29.3,2,Corral 3 y 4
,,,,,,,,,,,,,,,,,05/10/2025,8712,13.08,1,Corral 1 y 2
,,,,,,,,,,,,,,,,,05/10/2025,8714,12.03,1,Corral 1 y 2
,,,,,,,,,,,,,,,,,05/10/2025,8715,15.04,1,Corral 3 y 4
,,,,,,,,,,,,,,,,,05/10/2025,8732,21.47,2,Corral 5 y 6
,,,,,,,,,,,,,,,,,05/10/2025,8739,16.2,1,Corral 1 y 2
,,,,,,,,,,,,,,,,,05/10/2025,8755,9.86,1,Corral 5 y 6
,,,,,,,,,,,,,,,,,05/10/2025,8761,40.24,2,Corral 3 y 4
,,,,,,,,,,,,,,,,,06/10/2025,1204,18.35,1,Corral 5 y 6
,,,,,,,,,,,,,,,,,06/10/2025,1213,15.66,1,Corral 1 y 2
,,,,,,,,,,,,,,,,,06/10/2025,1216,21.25,2,Corral 3 y 4
,,,,,,,,,,,,,,,,,06/10/2025,1225,12.79,1,Corral 1 y 2
,,,,,,,,,,,,,,,,,06/10/2025,1228,14,1,Corral 3 y 4
,,,,,,,,,,,,,,,,,06/10/2025,1235,10.87,1,Corral 1 y 2
,,,,,,,,,,,,,,,,,06/10/2025,1236,9.87,1,Corral 3 y 4
,,,,,,,,,,,,,,,,,06/10/2025,1242,14.63,1,Corral 3 y 4
,,,,,,,,,,,,,,,,,06/10/2025,1243,21.21,2,Corral 3 y 4
,,,,,,,,,,,,,,,,,06/10/2025,1555,30.9,2,Corral 1 y 2
,,,,,,,,,,,,,,,,,06/10/2025,1560,17.84,1,Corral 1 y 2
,,,,,,,,,,,,,,,,,06/10/2025,1567,13.45,1,Corral 3 y 4
,,,,,,,,,,,,,,,,,06/10/2025,1577,31.79,2,Corral 3 y 4
,,,,,,,,,,,,,,,,,06/10/2025,1590,16.21,1,Corral 1 y 2
,,,,,,,,,,,,,,,,,06/10/2025,1644,6.89,1,Corral 1 y 2
,,,,,,,,,,,,,,,,,06/10/2025,2070,21.88,2,Corral 3 y 4
,,,,,,,,,,,,,,,,,06/10/2025,2074,19.24,2,Corral 3 y 4
,,,,,,,,,,,,,,,,,06/10/2025,2076,10.2,1,Corral 1 y 2
,,,,,,,,,,,,,,,,,06/10/2025,2082,32.8,2,Corral 3 y 4
,,,,,,,,,,,,,,,,,06/10/2025,2087,31.77,1,Corral 3 y 4
,,,,,,,,,,,,,,,,,06/10/2025,2108,31.81,1,Corral 5 y 6
,,,,,,,,,,,,,,,,,06/10/2025,2110,16.51,1,Corral 1 y 2
,,,,,,,,,,,,,,,,,06/10/2025,2119,16.44,1,Corral 3 y 4
,,,,,,,,,,,,,,,,,06/10/2025,2150,21.78,1,Corral 5 y 6
,,,,,,,,,,,,,,,,,06/10/2025,5767,16.19,1,Corral 3 y 4
,,,,,,,,,,,,,,,,,06/10/2025,6012,22.05,2,Corral 1 y 2
,,,,,,,,,,,,,,,,,06/10/2025,6054,31.12,2,Corral 3 y 4
,,,,,,,,,,,,,,,,,06/10/2025,6070,17.44,1,Corral 5 y 6
,,,,,,,,,,,,,,,,,06/10/2025,6092,13.98,1,Corral 1 y 2
,,,,,,,,,,,,,,,,,06/10/2025,6131,22.81,2,Corral 1 y 2
,,,,,,,,,,,,,,,,,06/10/2025,6134,16.4,1,Corral 5 y 6
,,,,,,,,,,,,,,,,,06/10/2025,6137,20.99,1,Corral 5 y 6
,,,,,,,,,,,,,,,,,06/10/2025,6154,14.43,1,Corral 1 y 2
,,,,,,,,,,,,,,,,,06/10/2025,6161,28.07,2,Corral 3 y 4
,,,,,,,,,,,,,,,,,06/10/2025,6164,32.95,2,Corral 3 y 4
,,,,,,,,,,,,,,,,,06/10/2025,6178,32.87,2,Corral 3 y 4
,,,,,,,,,,,,,,,,,06/10/2025,6193,17.82,1,Corral 5 y 6
,,,,,,,,,,,,,,,,,06/10/2025,6197,19.7,1,Corral 1 y 2
,,,,,,,,,,,,,,,,,06/10/2025,6226,30.56,2,Corral 1 y 2
,,,,,,,,,,,,,,,,,06/10/2025,6258,15.21,1,Corral 1 y 2
,,,,,,,,,,,,,,,,,06/10/2025,8703,21.98,2,Corral 1 y 2
,,,,,,,,,,,,,,,,,06/10/2025,8705,16.05,1,Corral 5 y 6
,,,,,,,,,,,,,,,,,06/10/2025,8707,16.38,1,Corral 3 y 4
,,,,,,,,,,,,,,,,,06/10/2025,8708,24.76,2,Corral 5 y 6
,,,,,,,,,,,,,,,,,06/10/2025,8710,19.3,1,Corral 3 y 4
,,,,,,,,,,,,,,,,,06/10/2025,8711,12.24,1,Corral 1 y 2
,,,,,,,,,,,,,,,,,06/10/2025,8712,14.01,1,Corral 1 y 2
,,,,,,,,,,,,,,,,,06/10/2025,8714,14.24,1,Corral 1 y 2
,,,,,,,,,,,,,,,,,06/10/2025,8715,16.13,1,Corral 3 y 4
,,,,,,,,,,,,,,,,,06/10/2025,8732,13.71,2,Corral 5 y 6
,,,,,,,,,,,,,,,,,06/10/2025,8739,10.29,1,Corral 1 y 2
,,,,,,,,,,,,,,,,,06/10/2025,8761,15.01,1,Corral 3 y 4
,,,,,,,,,,,,,,,,,01/11/2025,1204,10.17,1,Corral 1 y 2
,,,,,,,,,,,,,,,,,01/11/2025,1213,20.4,1,Corral 1 y 2
,,,,,,,,,,,,,,,,,01/11/2025,1216,15.54,1,Corral 1 y 2
,,,,,,,,,,,,,,,,,01/11/2025,1228,15.02,1,Corral 3 y 4
,,,,,,,,,,,,,,,,,01/11/2025,1235,12.51,1,Corral 3 y 4
,,,,,,,,,,,,,,,,,01/11/2025,1236,19.74,2,Corral 5 y 6
,,,,,,,,,,,,,,,,,01/11/2025,1242,15.26,1,Corral 3 y 4
,,,,,,,,,,,,,,,,,01/11/2025,1243,18.65,1,Corral 5 y 6
,,,,,,,,,,,,,,,,,01/11/2025,1555,48.4,3,Corral 1 y 2
,,,,,,,,,,,,,,,,,01/11/2025,1560,22.48,1,Corral 1 y 2
,,,,,,,,,,,,,,,,,01/11/2025,1567,21.89,1,Corral 3 y 4
,,,,,,,,,,,,,,,,,01/11/2025,1577,20.92,1,Corral 3 y 4
,,,,,,,,,,,,,,,,,01/11/2025,1617,28.59,2,Corral 5 y 6
,,,,,,,,,,,,,,,,,01/11/2025,1638,20.21,1,Corral 1 y 2
,,,,,,,,,,,,,,,,,01/11/2025,1644,17.68,1,Corral 1 y 2
,,,,,,,,,,,,,,,,,01/11/2025,2070,18,2,Corral 3 y 4
,,,,,,,,,,,,,,,,,01/11/2025,2074,21.44,1,Corral 5 y 6
,,,,,,,,,,,,,,,,,01/11/2025,2076,20.94,1,Corral 5 y 6
,,,,,,,,,,,,,,,,,01/11/2025,2082,9.02,1,Corral 3 y 4
,,,,,,,,,,,,,,,,,01/11/2025,2087,22.81,1,Corral 1 y 2
,,,,,,,,,,,,,,,,,01/11/2025,2108,11.47,1,Corral 3 y 4
,,,,,,,,,,,,,,,,,01/11/2025,2119,16.31,1,Corral 1 y 2
,,,,,,,,,,,,,,,,,01/11/2025,2122,23.72,1,Corral 1 y 2
,,,,,,,,,,,,,,,,,01/11/2025,2165,13.42,1,Corral 5 y 6
,,,,,,,,,,,,,,,,,01/11/2025,5767,24.18,2,Corral 3 y 4
,,,,,,,,,,,,,,,,,01/11/2025,6050,15.57,1,Corral 3 y 4
,,,,,,,,,,,,,,,,,01/11/2025,6054,21.99,1,Corral 5 y 6
,,,,,,,,,,,,,,,,,01/11/2025,6062,22.82,2,Corral 5 y 6
,,,,,,,,,,,,,,,,,01/11/2025,6070,40.14,2,Corral 1 y 2
,,,,,,,,,,,,,,,,,01/11/2025,6092,21.53,1,Corral 1 y 2
,,,,,,,,,,,,,,,,,01/11/2025,6098,8.64,1,Corral 5 y 6
,,,,,,,,,,,,,,,,,01/11/2025,6124,19.04,1,Corral 5 y 6
,,,,,,,,,,,,,,,,,01/11/2025,6131,23.69,1,Corral 1 y 2
,,,,,,,,,,,,,,,,,01/11/2025,6134,35.8,2,Corral 1 y 2
,,,,,,,,,,,,,,,,,01/11/2025,6137,28.14,2,Corral 1 y 2
,,,,,,,,,,,,,,,,,01/11/2025,6161,12.81,1,Corral 3 y 4
,,,,,,,,,,,,,,,,,01/11/2025,6164,16.22,2,Corral 3 y 4
,,,,,,,,,,,,,,,,,01/11/2025,6178,22.09,1,Corral 1 y 2
,,,,,,,,,,,,,,,,,01/11/2025,6193,11.47,1,Corral 3 y 4
,,,,,,,,,,,,,,,,,01/11/2025,6194,21.45,1,Corral 3 y 4
,,,,,,,,,,,,,,,,,01/11/2025,6197,24.53,1,Corral 1 y 2
,,,,,,,,,,,,,,,,,01/11/2025,6226,41.5,2,Corral 1 y 2
,,,,,,,,,,,,,,,,,01/11/2025,6258,18.66,1,Corral 1 y 2
,,,,,,,,,,,,,,,,,01/11/2025,8703,32.5,2,Corral 1 y 2
,,,,,,,,,,,,,,,,,01/11/2025,8705,6.46,1,Corral 1 y 2
,,,,,,,,,,,,,,,,,01/11/2025,8707,10.21,1,Corral 3 y 4
,,,,,,,,,,,,,,,,,01/11/2025,8708,15.3,1,Corral 5 y 6
,,,,,,,,,,,,,,,,,01/11/2025,8710,12.14,1,Corral 3 y 4
,,,,,,,,,,,,,,,,,01/11/2025,8711,13.02,1,Corral 1 y 2
,,,,,,,,,,,,,,,,,01/11/2025,8712,7.05,1,Corral 5 y 6
,,,,,,,,,,,,,,,,,01/11/2025,8714,21.62,2,Corral 1 y 2
,,,,,,,,,,,,,,,,,01/11/2025,8732,20.43,2,Corral 1 y 2
,,,,,,,,,,,,,,,,,01/11/2025,8755,10.99,1,Corral 5 y 6
,,,,,,,,,,,,,,,,,02/11/2025,1204,22.83,1,Corral 5 y 6
,,,,,,,,,,,,,,,,,02/11/2025,1213,12.28,1,Corral 1 y 2
,,,,,,,,,,,,,,,,,02/11/2025,1216,24.83,2,Corral 3 y 4
,,,,,,,,,,,,,,,,,02/11/2025,1225,8.63,1,Corral 5 y 6
,,,,,,,,,,,,,,,,,02/11/2025,1228,20.26,2,Corral 3 y 4
,,,,,,,,,,,,,,,,,02/11/2025,1235,11.78,1,Corral 3 y 4
,,,,,,,,,,,,,,,,,02/11/2025,1236,10.83,1,Corral 3 y 4
,,,,,,,,,,,,,,,,,02/11/2025,1242,19.55,1,Corral 3 y 4
,,,,,,,,,,,,,,,,,02/11/2025,1243,10.79,1,Corral 3 y 4
,,,,,,,,,,,,,,,,,02/11/2025,1555,27.11,2,Corral 1 y 2
,,,,,,,,,,,,,,,,,02/11/2025,1560,38.25,2,Corral 1 y 2
,,,,,,,,,,,,,,,,,02/11/2025,1567,27.45,1,Corral 3 y 4
,,,,,,,,,,,,,,,,,02/11/2025,1577,18.55,1,Corral 3 y 4
,,,,,,,,,,,,,,,,,02/11/2025,1590,34.99,2,Corral 3 y 4
,,,,,,,,,,,,,,,,,02/11/2025,1638,17.74,1,Corral 1 y 2
,,,,,,,,,,,,,,,,,02/11/2025,1644,33.6,2,Corral 1 y 2
,,,,,,,,,,,,,,,,,02/11/2025,2070,16.12,1,Corral 3 y 4
,,,,,,,,,,,,,,,,,02/11/2025,2074,24.49,2,Corral 3 y 4
,,,,,,,,,,,,,,,,,02/11/2025,2076,16.93,1,Corral 1 y 2
,,,,,,,,,,,,,,,,,02/11/2025,2082,32.96,2,Corral 3 y 4
,,,,,,,,,,,,,,,,,02/11/2025,2087,19.35,1,Corral 5 y 6
,,,,,,,,,,,,,,,,,02/11/2025,2108,22.43,1,Corral 5 y 6
,,,,,,,,,,,,,,,,,02/11/2025,2110,30.27,2,Corral 3 y 4
,,,,,,,,,,,,,,,,,02/11/2025,2119,46.97,2,Corral 3 y 4
,,,,,,,,,,,,,,,,,02/11/2025,2122,22.3,1,Corral 3 y 4
,,,,,,,,,,,,,,,,,02/11/2025,2150,37.93,2,Corral 3 y 4
,,,,,,,,,,,,,,,,,02/11/2025,2165,13.25,1,Corral 5 y 6
,,,,,,,,,,,,,,,,,02/11/2025,5767,14.96,1,Corral 1 y 2
,,,,,,,,,,,,,,,,,02/11/2025,6012,34.88,2,Corral 1 y 2
,,,,,,,,,,,,,,,,,02/11/2025,6050,38.31,2,Corral 3 y 4
,,,,,,,,,,,,,,,,,02/11/2025,6054,24.19,2,Corral 3 y 4
,,,,,,,,,,,,,,,,,02/11/2025,6062,28.67,1,Corral 3 y 4
,,,,,,,,,,,,,,,,,02/11/2025,6070,29.53,1,Corral 5 y 6
,,,,,,,,,,,,,,,,,02/11/2025,6092,16.93,1,Corral 1 y 2
,,,,,,,,,,,,,,,,,02/11/2025,6124,18.47,1,Corral 5 y 6
,,,,,,,,,,,,,,,,,02/11/2025,6131,11.23,1,Corral 1 y 2
,,,,,,,,,,,,,,,,,02/11/2025,6134,28.51,1,Corral 5 y 6
,,,,,,,,,,,,,,,,,02/11/2025,6137,24.39,2,Corral 3 y 4
,,,,,,,,,,,,,,,,,02/11/2025,6161,26.51,2,Corral 3 y 4
,,,,,,,,,,,,,,,,,02/11/2025,6164,38.62,2,Corral 3 y 4
,,,,,,,,,,,,,,,,,02/11/2025,6178,22.25,1,Corral 3 y 4
,,,,,,,,,,,,,,,,,02/11/2025,6193,14.5,1,Corral 5 y 6
,,,,,,,,,,,,,,,,,02/11/2025,6194,29.7,1,Corral 3 y 4
,,,,,,,,,,,,,,,,,02/11/2025,6197,19.03,1,Corral 1 y 2
,,,,,,,,,,,,,,,,,02/11/2025,6226,27.16,1,Corral 1 y 2
,,,,,,,,,,,,,,,,,02/11/2025,6258,12.37,1,Corral 1 y 2
,,,,,,,,,,,,,,,,,02/11/2025,8703,19.38,2,Corral 1 y 2
,,,,,,,,,,,,,,,,,02/11/2025,8705,16.57,1,Corral 1 y 2
,,,,,,,,,,,,,,,,,02/11/2025,8707,11.98,1,Corral 3 y 4
,,,,,,,,,,,,,,,,,02/11/2025,8708,19.23,1,Corral 5 y 6
,,,,,,,,,,,,,,,,,02/11/2025,8710,15.65,1,Corral 3 y 4
,,,,,,,,,,,,,,,,,02/11/2025,8711,13.12,1,Corral 1 y 2
,,,,,,,,,,,,,,,,,02/11/2025,8712,10.46,1,Corral 1 y 2
,,,,,,,,,,,,,,,,,02/11/2025,8714,18.59,1,Corral 1 y 2
,,,,,,,,,,,,,,,,,02/11/2025,8715,15.4,1,Corral 5 y 6
,,,,,,,,,,,,,,,,,02/11/2025,8732,12.6,1,Corral 1 y 2
,,,,,,,,,,,,,,,,,02/11/2025,8755,16.02,2,Corral 3 y 4
,,,,,,,,,,,,,,,,,02/11/2025,8761,21.82,2,Corral 1 y 2
,,,,,,,,,,,,,,,,,03/11/2025,1204,17.73,1,Corral 5 y 6
,,,,,,,,,,,,,,,,,03/11/2025,1216,26.94,2,Corral 3 y 4
,,,,,,,,,,,,,,,,,03/11/2025,1225,24.08,2,Corral 1 y 2
,,,,,,,,,,,,,,,,,03/11/2025,1228,40.31,2,Corral 3 y 4
,,,,,,,,,,,,,,,,,03/11/2025,1235,10.68,1,Corral 3 y 4
,,,,,,,,,,,,,,,,,03/11/2025,1236,14.5,1,Corral 3 y 4
,,,,,,,,,,,,,,,,,03/11/2025,1242,22.39,1,Corral 3 y 4
,,,,,,,,,,,,,,,,,03/11/2025,1243,21.26,1,Corral 3 y 4
,,,,,,,,,,,,,,,,,03/11/2025,1555,24.14,1,Corral 1 y 2
,,,,,,,,,,,,,,,,,03/11/2025,1560,34.5,1,Corral 1 y 2
,,,,,,,,,,,,,,,,,03/11/2025,1567,19.53,1,Corral 3 y 4
,,,,,,,,,,,,,,,,,03/11/2025,1577,16.28,1,Corral 3 y 4
,,,,,,,,,,,,,,,,,03/11/2025,1590,26.82,1,Corral 3 y 4
,,,,,,,,,,,,,,,,,03/11/2025,1617,23.14,1,Corral 5 y 6
,,,,,,,,,,,,,,,,,03/11/2025,1638,30.17,2,Corral 1 y 2
,,,,,,,,,,,,,,,,,03/11/2025,1644,22.66,1,Corral 1 y 2
,,,,,,,,,,,,,,,,,03/11/2025,2070,17.2,1,Corral 3 y 4
,,,,,,,,,,,,,,,,,03/11/2025,2074,19.56,1,Corral 3 y 4
,,,,,,,,,,,,,,,,,03/11/2025,2076,17.72,1,Corral 1 y 2
,,,,,,,,,,,,,,,,,03/11/2025,2082,19.83,1,Corral 3 y 4
,,,,,,,,,,,,,,,,,03/11/2025,2087,40.27,2,Corral 1 y 2
,,,,,,,,,,,,,,,,,03/11/2025,2108,34.18,2,Corral 5 y 6
,,,,,,,,,,,,,,,,,03/11/2025,2110,27.57,1,Corral 3 y 4
,,,,,,,,,,,,,,,,,03/11/2025,2119,22.56,1,Corral 3 y 4
,,,,,,,,,,,,,,,,,03/11/2025,2122,20.59,1,Corral 3 y 4
,,,,,,,,,,,,,,,,,03/11/2025,2150,21.22,1,Corral 5 y 6
,,,,,,,,,,,,,,,,,03/11/2025,5767,24.05,1,Corral 1 y 2
,,,,,,,,,,,,,,,,,03/11/2025,6012,26.27,1,Corral 1 y 2
,,,,,,,,,,,,,,,,,03/11/2025,6050,31.35,1,Corral 3 y 4
,,,,,,,,,,,,,,,,,03/11/2025,6054,26.53,1,Corral 3 y 4
,,,,,,,,,,,,,,,,,03/11/2025,6062,32.09,1,Corral 3 y 4
,,,,,,,,,,,,,,,,,03/11/2025,6070,19.12,1,Corral 5 y 6
,,,,,,,,,,,,,,,,,03/11/2025,6092,19.72,1,Corral 1 y 2
,,,,,,,,,,,,,,,,,03/11/2025,6124,6.24,1,Corral 5 y 6
,,,,,,,,,,,,,,,,,03/11/2025,6131,8.86,1,Corral 1 y 2
,,,,,,,,,,,,,,,,,03/11/2025,6134,27.35,1,Corral 5 y 6
,,,,,,,,,,,,,,,,,03/11/2025,6137,20.61,1,Corral 3 y 4
,,,,,,,,,,,,,,,,,03/11/2025,6161,15.1,1,Corral 3 y 4
,,,,,,,,,,,,,,,,,03/11/2025,6164,51.8,3,Corral 3 y 4
,,,,,,,,,,,,,,,,,03/11/2025,6178,23.89,1,Corral 3 y 4
,,,,,,,,,,,,,,,,,03/11/2025,6193,12.86,1,Corral 5 y 6
,,,,,,,,,,,,,,,,,03/11/2025,6194,39.74,2,Corral 1 y 2
,,,,,,,,,,,,,,,,,03/11/2025,6197,20.71,1,Corral 1 y 2
,,,,,,,,,,,,,,,,,03/11/2025,6226,48.89,2,Corral 1 y 2
,,,,,,,,,,,,,,,,,03/11/2025,6258,34.34,2,Corral 1 y 2
,,,,,,,,,,,,,,,,,03/11/2025,8703,15.79,1,Corral 1 y 2
,,,,,,,,,,,,,,,,,03/11/2025,8705,16.61,1,Corral 1 y 2
,,,,,,,,,,,,,,,,,03/11/2025,8707,15.39,1,Corral 3 y 4
,,,,,,,,,,,,,,,,,03/11/2025,8708,28.82,2,Corral 5 y 6
,,,,,,,,,,,,,,,,,03/11/2025,8710,27.86,2,Corral 3 y 4
,,,,,,,,,,,,,,,,,03/11/2025,8711,15.88,1,Corral 1 y 2
,,,,,,,,,,,,,,,,,03/11/2025,8712,12.47,1,Corral 1 y 2
,,,,,,,,,,,,,,,,,03/11/2025,8714,19.51,1,Corral 1 y 2
,,,,,,,,,,,,,,,,,03/11/2025,8715,10.53,1,Corral 3 y 4
,,,,,,,,,,,,,,,,,03/11/2025,8732,20.17,2,Corral 1 y 2
,,,,,,,,,,,,,,,,,03/11/2025,8755,9.56,1,Corral 3 y 4
,,,,,,,,,,,,,,,,,03/11/2025,8761,21.84,1,Corral 1 y 2
,,,,,,,,,,,,,,,,,04/11/2025,1216,17.47,1,Corral 3 y 4
,,,,,,,,,,,,,,,,,04/11/2025,1225,25.17,2,Corral 1 y 2
,,,,,,,,,,,,,,,,,04/11/2025,1228,26.91,2,Corral 3 y 4
,,,,,,,,,,,,,,,,,04/11/2025,1235,3.6,1,Corral 1 y 2
,,,,,,,,,,,,,,,,,04/11/2025,1236,23.7,3,Corral 3 y 4
,,,,,,,,,,,,,,,,,04/11/2025,1242,37.07,2,Corral 3 y 4
,,,,,,,,,,,,,,,,,04/11/2025,1243,25.32,2,Corral 3 y 4
,,,,,,,,,,,,,,,,,04/11/2025,1555,40.72,2,Corral 1 y 2
,,,,,,,,,,,,,,,,,04/11/2025,1560,26.85,1,Corral 1 y 2
,,,,,,,,,,,,,,,,,04/11/2025,1567,15.19,1,Corral 3 y 4
,,,,,,,,,,,,,,,,,04/11/2025,1577,18.54,1,Corral 3 y 4
,,,,,,,,,,,,,,,,,04/11/2025,1590,34.03,2,Corral 1 y 2
,,,,,,,,,,,,,,,,,04/11/2025,1638,15.68,1,Corral 1 y 2
,,,,,,,,,,,,,,,,,04/11/2025,1644,14.37,1,Corral 1 y 2
,,,,,,,,,,,,,,,,,04/11/2025,2070,23.59,2,Corral 3 y 4
,,,,,,,,,,,,,,,,,04/11/2025,2074,16.31,1,Corral 3 y 4
,,,,,,,,,,,,,,,,,04/11/2025,2076,24.54,2,Corral 1 y 2
,,,,,,,,,,,,,,,,,04/11/2025,2082,19.78,1,Corral 3 y 4
,,,,,,,,,,,,,,,,,04/11/2025,2087,26.25,1,Corral 3 y 4
,,,,,,,,,,,,,,,,,04/11/2025,2108,32.69,2,Corral 5 y 6
,,,,,,,,,,,,,,,,,04/11/2025,2110,24.01,1,Corral 1 y 2
,,,,,,,,,,,,,,,,,04/11/2025,2119,16.54,1,Corral 3 y 4
,,,,,,,,,,,,,,,,,04/11/2025,2122,25.75,1,Corral 3 y 4
,,,,,,,,,,,,,,,,,04/11/2025,2150,26.03,1,Corral 5 y 6
,,,,,,,,,,,,,,,,,04/11/2025,2165,14.85,1,Corral 5 y 6
,,,,,,,,,,,,,,,,,04/11/2025,5767,13.34,1,Corral 3 y 4
,,,,,,,,,,,,,,,,,04/11/2025,6012,32.56,2,Corral 1 y 2
,,,,,,,,,,,,,,,,,04/11/2025,6050,16.84,1,Corral 5 y 6
,,,,,,,,,,,,,,,,,04/11/2025,6054,12.17,1,Corral 3 y 4
,,,,,,,,,,,,,,,,,04/11/2025,6062,49.18,2,Corral 5 y 6
,,,,,,,,,,,,,,,,,04/11/2025,6070,25.59,2,Corral 5 y 6
,,,,,,,,,,,,,,,,,04/11/2025,6092,22.13,1,Corral 1 y 2
,,,,,,,,,,,,,,,,,04/11/2025,6124,7.21,1,Corral 5 y 6
,,,,,,,,,,,,,,,,,04/11/2025,6134,22.83,1,Corral 5 y 6
,,,,,,,,,,,,,,,,,04/11/2025,6137,28.68,2,Corral 5 y 6
,,,,,,,,,,,,,,,,,04/11/2025,6161,32.96,2,Corral 3 y 4
,,,,,,,,,,,,,,,,,04/11/2025,6164,24.77,1,Corral 3 y 4
,,,,,,,,,,,,,,,,,04/11/2025,6178,13.86,1,Corral 3 y 4
,,,,,,,,,,,,,,,,,04/11/2025,6193,25,1,Corral 5 y 6
,,,,,,,,,,,,,,,,,04/11/2025,6197,20.78,1,Corral 1 y 2
,,,,,,,,,,,,,,,,,04/11/2025,6226,23.88,1,Corral 1 y 2
,,,,,,,,,,,,,,,,,04/11/2025,6258,19.3,1,Corral 1 y 2
,,,,,,,,,,,,,,,,,04/11/2025,8703,15.37,1,Corral 1 y 2
,,,,,,,,,,,,,,,,,04/11/2025,8705,15.33,1,Corral 5 y 6
,,,,,,,,,,,,,,,,,04/11/2025,8707,15.76,1,Corral 3 y 4
,,,,,,,,,,,,,,,,,04/11/2025,8708,9.13,1,Corral 5 y 6
,,,,,,,,,,,,,,,,,04/11/2025,8710,13.67,1,Corral 3 y 4
,,,,,,,,,,,,,,,,,04/11/2025,8711,21.04,2,Corral 1 y 2
,,,,,,,,,,,,,,,,,04/11/2025,8712,13.85,1,Corral 1 y 2
,,,,,,,,,,,,,,,,,04/11/2025,8714,24.06,1,Corral 1 y 2
,,,,,,,,,,,,,,,,,04/11/2025,8715,12.6,1,Corral 3 y 4
,,,,,,,,,,,,,,,,,04/11/2025,8732,7.77,1,Corral 5 y 6
,,,,,,,,,,,,,,,,,04/11/2025,8755,9.9,1,Corral 5 y 6
,,,,,,,,,,,,,,,,,04/11/2025,8761,14.93,1,Corral 3 y 4
,,,,,,,,,,,,,,,,,05/11/2025,1204,14.18,1,Corral 5 y 6
,,,,,,,,,,,,,,,,,05/11/2025,1216,25.63,2,Corral 3 y 4
,,,,,,,,,,,,,,,,,05/11/2025,1225,11.25,1,Corral 1 y 2
,,,,,,,,,,,,,,,,,05/11/2025,1228,17.49,1,Corral 3 y 4
,,,,,,,,,,,,,,,,,05/11/2025,1235,19.93,2,Corral 1 y 2
,,,,,,,,,,,,,,,,,05/11/2025,1236,18.56,2,Corral 3 y 4
,,,,,,,,,,,,,,,,,05/11/2025,1242,15.96,1,Corral 3 y 4
,,,,,,,,,,,,,,,,,05/11/2025,1243,25.87,2,Corral 3 y 4
,,,,,,,,,,,,,,,,,05/11/2025,1555,22.82,2,Corral 1 y 2
,,,,,,,,,,,,,,,,,05/11/2025,1560,25.13,1,Corral 1 y 2
,,,,,,,,,,,,,,,,,05/11/2025,1567,29.35,2,Corral 3 y 4
,,,,,,,,,,,,,,,,,05/11/2025,1577,36.35,2,Corral 3 y 4
,,,,,,,,,,,,,,,,,05/11/2025,1590,20.49,2,Corral 1 y 2
,,,,,,,,,,,,,,,,,05/11/2025,1638,28.84,2,Corral 1 y 2
,,,,,,,,,,,,,,,,,05/11/2025,1644,13.74,1,Corral 1 y 2
,,,,,,,,,,,,,,,,,05/11/2025,2070,17.99,1,Corral 3 y 4
,,,,,,,,,,,,,,,,,05/11/2025,2074,10.98,1,Corral 3 y 4
,,,,,,,,,,,,,,,,,05/11/2025,2076,16.53,1,Corral 1 y 2
,,,,,,,,,,,,,,,,,05/11/2025,2082,34.23,2,Corral 3 y 4
,,,,,,,,,,,,,,,,,05/11/2025,2087,31.15,2,Corral 3 y 4
,,,,,,,,,,,,,,,,,05/11/2025,2108,20.95,1,Corral 5 y 6
,,,,,,,,,,,,,,,,,05/11/2025,2110,34,2,Corral 1 y 2
,,,,,,,,,,,,,,,,,05/11/2025,2119,21.53,1,Corral 3 y 4
,,,,,,,,,,,,,,,,,05/11/2025,2122,23.45,1,Corral 3 y 4
,,,,,,,,,,,,,,,,,05/11/2025,2150,37.65,2,Corral 5 y 6
,,,,,,,,,,,,,,,,,05/11/2025,2165,30.88,2,Corral 5 y 6
,,,,,,,,,,,,,,,,,05/11/2025,5767,14.67,1,Corral 3 y 4
,,,,,,,,,,,,,,,,,05/11/2025,6050,35.14,2,Corral 5 y 6
,,,,,,,,,,,,,,,,,05/11/2025,6054,26.17,2,Corral 3 y 4
,,,,,,,,,,,,,,,,,05/11/2025,6062,24.69,1,Corral 5 y 6
,,,,,,,,,,,,,,,,,05/11/2025,6070,23.64,1,Corral 5 y 6
,,,,,,,,,,,,,,,,,05/11/2025,6092,21.04,1,Corral 1 y 2
,,,,,,,,,,,,,,,,,05/11/2025,6131,14.1,1,Corral 1 y 2
,,,,,,,,,,,,,,,,,05/11/2025,6134,22.67,1,Corral 5 y 6
,,,,,,,,,,,,,,,,,05/11/2025,6137,18.24,1,Corral 5 y 6
,,,,,,,,,,,,,,,,,05/11/2025,6154,36.89,2,Corral 1 y 2
,,,,,,,,,,,,,,,,,05/11/2025,6161,31.43,2,Corral 3 y 4
,,,,,,,,,,,,,,,,,05/11/2025,6164,36.22,2,Corral 3 y 4
,,,,,,,,,,,,,,,,,05/11/2025,6178,24.13,1,Corral 3 y 4
,,,,,,,,,,,,,,,,,05/11/2025,6193,25.89,2,Corral 5 y 6
,,,,,,,,,,,,,,,,,05/11/2025,6197,28.88,2,Corral 1 y 2
,,,,,,,,,,,,,,,,,05/11/2025,6226,20.75,1,Corral 1 y 2
,,,,,,,,,,,,,,,,,05/11/2025,6258,24.98,2,Corral 1 y 2
,,,,,,,,,,,,,,,,,05/11/2025,8703,23.93,2,Corral 1 y 2
,,,,,,,,,,,,,,,,,05/11/2025,8705,11.35,1,Corral 5 y 6
,,,,,,,,,,,,,,,,,05/11/2025,8707,18.84,1,Corral 3 y 4
,,,,,,,,,,,,,,,,,05/11/2025,8708,22.64,2,Corral 5 y 6
,,,,,,,,,,,,,,,,,05/11/2025,8710,14.02,1,Corral 3 y 4
,,,,,,,,,,,,,,,,,05/11/2025,8711,15.69,1,Corral 1 y 2
,,,,,,,,,,,,,,,,,05/11/2025,8712,22.16,2,Corral 1 y 2
,,,,,,,,,,,,,,,,,05/11/2025,8714,20.14,1,Corral 1 y 2
,,,,,,,,,,,,,,,,,05/11/2025,8715,9.83,1,Corral 3 y 4
,,,,,,,,,,,,,,,,,05/11/2025,8732,14.78,2,Corral 5 y 6
,,,,,,,,,,,,,,,,,05/11/2025,8739,7.6,1,Corral 1 y 2
,,,,,,,,,,,,,,,,,05/11/2025,8755,7.83,1,Corral 5 y 6
,,,,,,,,,,,,,,,,,05/11/2025,8761,19.63,1,Corral 3 y 4
,,,,,,,,,,,,,,,,,06/11/2025,1204,16.09,1,Corral 5 y 6
,,,,,,,,,,,,,,,,,06/11/2025,1213,15.66,1,Corral 1 y 2
,,,,,,,,,,,,,,,,,06/11/2025,1216,10.69,1,Corral 3 y 4
,,,,,,,,,,,,,,,,,06/11/2025,1225,25.32,2,Corral 1 y 2
,,,,,,,,,,,,,,,,,06/11/2025,1228,17.71,2,Corral 3 y 4
,,,,,,,,,,,,,,,,,06/11/2025,1235,10.78,2,Corral 1 y 2
,,,,,,,,,,,,,,,,,06/11/2025,1236,11.15,1,Corral 3 y 4
,,,,,,,,,,,,,,,,,06/11/2025,1242,14.65,1,Corral 3 y 4
,,,,,,,,,,,,,,,,,06/11/2025,1243,17.22,1,Corral 3 y 4
,,,,,,,,,,,,,,,,,06/11/2025,1555,24.44,2,Corral 1 y 2
,,,,,,,,,,,,,,,,,06/11/2025,1560,24.36,2,Corral 1 y 2
,,,,,,,,,,,,,,,,,06/11/2025,1567,17.37,2,Corral 3 y 4
,,,,,,,,,,,,,,,,,06/11/2025,1577,18.31,1,Corral 3 y 4
,,,,,,,,,,,,,,,,,06/11/2025,1590,28.2,2,Corral 1 y 2
,,,,,,,,,,,,,,,,,06/11/2025,1638,10.59,1,Corral 1 y 2
,,,,,,,,,,,,,,,,,06/11/2025,1644,12.28,1,Corral 1 y 2
,,,,,,,,,,,,,,,,,06/11/2025,2070,20.43,2,Corral 3 y 4
,,,,,,,,,,,,,,,,,06/11/2025,2074,11.67,1,Corral 3 y 4
,,,,,,,,,,,,,,,,,06/11/2025,2076,22.21,2,Corral 1 y 2
,,,,,,,,,,,,,,,,,06/11/2025,2082,17.77,1,Corral 3 y 4
,,,,,,,,,,,,,,,,,06/11/2025,2087,20.92,1,Corral 3 y 4
,,,,,,,,,,,,,,,,,06/11/2025,2110,14.3,1,Corral 1 y 2
,,,,,,,,,,,,,,,,,06/11/2025,2119,13.6,1,Corral 3 y 4
,,,,,,,,,,,,,,,,,06/11/2025,2122,9.87,1,Corral 3 y 4
,,,,,,,,,,,,,,,,,06/11/2025,2150,16.64,1,Corral 5 y 6
,,,,,,,,,,,,,,,,,06/11/2025,5767,27.83,2,Corral 3 y 4
,,,,,,,,,,,,,,,,,06/11/2025,6012,13.68,1,Corral 1 y 2
,,,,,,,,,,,,,,,,,06/11/2025,6054,16.45,1,Corral 3 y 4
,,,,,,,,,,,,,,,,,06/11/2025,6062,28.6,1,Corral 5 y 6
,,,,,,,,,,,,,,,,,06/11/2025,6070,22.13,1,Corral 5 y 6
,,,,,,,,,,,,,,,,,06/11/2025,6092,27.71,2,Corral 1 y 2
,,,,,,,,,,,,,,,,,06/11/2025,6131,17.84,2,Corral 1 y 2
,,,,,,,,,,,,,,,,,06/11/2025,6134,17.45,1,Corral 5 y 6
,,,,,,,,,,,,,,,,,06/11/2025,6154,35.29,2,Corral 1 y 2
,,,,,,,,,,,,,,,,,06/11/2025,6161,24.37,2,Corral 3 y 4
,,,,,,,,,,,,,,,,,06/11/2025,6164,32.19,2,Corral 3 y 4
,,,,,,,,,,,,,,,,,06/11/2025,6178,16.59,1,Corral 3 y 4
,,,,,,,,,,,,,,,,,06/11/2025,6193,21.17,1,Corral 5 y 6
,,,,,,,,,,,,,,,,,06/11/2025,6194,15.95,2,Corral 5 y 6
,,,,,,,,,,,,,,,,,06/11/2025,6197,16.49,1,Corral 1 y 2
,,,,,,,,,,,,,,,,,06/11/2025,6226,12.67,1,Corral 1 y 2
,,,,,,,,,,,,,,,,,06/11/2025,6258,21.35,2,Corral 1 y 2
,,,,,,,,,,,,,,,,,06/11/2025,8703,18.4,2,Corral 1 y 2
,,,,,,,,,,,,,,,,,06/11/2025,8705,9.19,1,Corral 5 y 6
,,,,,,,,,,,,,,,,,06/11/2025,8707,15.12,1,Corral 3 y 4
,,,,,,,,,,,,,,,,,06/11/2025,8708,15.98,2,Corral 5 y 6
,,,,,,,,,,,,,,,,,06/11/2025,8710,11.63,1,Corral 3 y 4
,,,,,,,,,,,,,,,,,06/11/2025,8711,15.11,1,Corral 1 y 2
,,,,,,,,,,,,,,,,,06/11/2025,8712,9.64,1,Corral 1 y 2
,,,,,,,,,,,,,,,,,06/11/2025,8714,23.12,2,Corral 1 y 2
,,,,,,,,,,,,,,,,,06/11/2025,8715,25.09,2,Corral 3 y 4
,,,,,,,,,,,,,,,,,06/11/2025,8732,18.17,2,Corral 5 y 6
,,,,,,,,,,,,,,,,,06/11/2025,8739,10,1,Corral 1 y 2
,,,,,,,,,,,,,,,,,06/11/2025,8755,14.13,1,Corral 5 y 6
,,,,,,,,,,,,,,,,,06/11/2025,8761,33.37,2,Corral 3 y 4
,,,,,,,,,,,,,,,,,09/11/2025,1510,15.34,1,Corral 5 y 6
,,,,,,,,,,,,,,,,,01/12/2025,1204,12.4,1,Corral 1 y 2
,,,,,,,,,,,,,,,,,01/12/2025,1213,22.84,2,Corral 1 y 2
,,,,,,,,,,,,,,,,,01/12/2025,1216,12.75,1,Corral 1 y 2
,,,,,,,,,,,,,,,,,01/12/2025,1225,12.43,1,Corral 5 y 6
,,,,,,,,,,,,,,,,,01/12/2025,1228,26.73,2,Corral 3 y 4
,,,,,,,,,,,,,,,,,01/12/2025,1235,16.79,2,Corral 3 y 4
,,,,,,,,,,,,,,,,,01/12/2025,1236,12.85,1,Corral 5 y 6
,,,,,,,,,,,,,,,,,01/12/2025,1242,13.17,1,Corral 3 y 4
,,,,,,,,,,,,,,,,,01/12/2025,1243,20.69,1,Corral 5 y 6
,,,,,,,,,,,,,,,,,01/12/2025,1555,39.72,2,Corral 1 y 2
,,,,,,,,,,,,,,,,,01/12/2025,1560,18.09,1,Corral 1 y 2
,,,,,,,,,,,,,,,,,01/12/2025,1567,29.73,2,Corral 3 y 4
,,,,,,,,,,,,,,,,,01/12/2025,1577,27.81,1,Corral 3 y 4
,,,,,,,,,,,,,,,,,01/12/2025,1617,22.1,1,Corral 5 y 6
,,,,,,,,,,,,,,,,,01/12/2025,1638,17.91,1,Corral 1 y 2
,,,,,,,,,,,,,,,,,01/12/2025,1644,16.62,1,Corral 1 y 2
,,,,,,,,,,,,,,,,,01/12/2025,2070,8.98,1,Corral 3 y 4
,,,,,,,,,,,,,,,,,01/12/2025,2074,26.3,2,Corral 5 y 6
,,,,,,,,,,,,,,,,,01/12/2025,2076,23.73,1,Corral 5 y 6
,,,,,,,,,,,,,,,,,01/12/2025,2087,24.33,1,Corral 1 y 2
,,,,,,,,,,,,,,,,,01/12/2025,2108,23.98,2,Corral 3 y 4
,,,,,,,,,,,,,,,,,01/12/2025,2119,28.44,2,Corral 1 y 2
,,,,,,,,,,,,,,,,,01/12/2025,2122,23.85,1,Corral 1 y 2
,,,,,,,,,,,,,,,,,01/12/2025,2165,24.19,1,Corral 5 y 6
,,,,,,,,,,,,,,,,,01/12/2025,6012,31.79,2,Corral 1 y 2
,,,,,,,,,,,,,,,,,01/12/2025,6050,11.74,1,Corral 3 y 4
,,,,,,,,,,,,,,,,,01/12/2025,6054,38.87,2,Corral 5 y 6
,,,,,,,,,,,,,,,,,01/12/2025,6062,9.32,1,Corral 5 y 6
,,,,,,,,,,,,,,,,,01/12/2025,6070,29.84,2,Corral 1 y 2
,,,,,,,,,,,,,,,,,01/12/2025,6092,14.31,1,Corral 1 y 2
,,,,,,,,,,,,,,,,,01/12/2025,6098,14.54,1,Corral 5 y 6
,,,,,,,,,,,,,,,,,01/12/2025,6124,24.23,1,Corral 5 y 6
,,,,,,,,,,,,,,,,,01/12/2025,6131,26.35,2,Corral 1 y 2
,,,,,,,,,,,,,,,,,01/12/2025,6134,44.34,2,Corral 1 y 2
,,,,,,,,,,,,,,,,,01/12/2025,6137,29.56,2,Corral 1 y 2
,,,,,,,,,,,,,,,,,01/12/2025,6161,32.69,2,Corral 3 y 4
,,,,,,,,,,,,,,,,,01/12/2025,6164,44.28,3,Corral 3 y 4
,,,,,,,,,,,,,,,,,01/12/2025,6193,19.08,1,Corral 3 y 4
,,,,,,,,,,,,,,,,,01/12/2025,6194,30.84,2,Corral 3 y 4
,,,,,,,,,,,,,,,,,01/12/2025,6197,20.55,1,Corral 1 y 2
,,,,,,,,,,,,,,,,,01/12/2025,6226,36.9,2,Corral 1 y 2
,,,,,,,,,,,,,,,,,01/12/2025,6258,19.25,1,Corral 1 y 2
,,,,,,,,,,,,,,,,,01/12/2025,8703,16.63,1,Corral 1 y 2
,,,,,,,,,,,,,,,,,01/12/2025,8705,16.21,1,Corral 1 y 2
,,,,,,,,,,,,,,,,,01/12/2025,8707,5.25,1,Corral 3 y 4
,,,,,,,,,,,,,,,,,01/12/2025,8708,28.34,2,Corral 5 y 6
,,,,,,,,,,,,,,,,,01/12/2025,8710,21.46,1,Corral 3 y 4
,,,,,,,,,,,,,,,,,01/12/2025,8711,12.7,1,Corral 1 y 2
,,,,,,,,,,,,,,,,,01/12/2025,8712,11.32,1,Corral 5 y 6
,,,,,,,,,,,,,,,,,01/12/2025,8714,11.75,1,Corral 1 y 2
,,,,,,,,,,,,,,,,,01/12/2025,8732,12.8,2,Corral 1 y 2
,,,,,,,,,,,,,,,,,02/12/2025,1204,24.33,1,Corral 5 y 6
,,,,,,,,,,,,,,,,,02/12/2025,1216,28.33,2,Corral 3 y 4
,,,,,,,,,,,,,,,,,02/12/2025,1225,11.03,1,Corral 5 y 6
,,,,,,,,,,,,,,,,,02/12/2025,1228,28.24,2,Corral 3 y 4
,,,,,,,,,,,,,,,,,02/12/2025,1235,29.61,2,Corral 3 y 4
,,,,,,,,,,,,,,,,,02/12/2025,1236,12.35,1,Corral 3 y 4
,,,,,,,,,,,,,,,,,02/12/2025,1242,21.56,1,Corral 3 y 4
,,,,,,,,,,,,,,,,,02/12/2025,1243,23.02,1,Corral 3 y 4
,,,,,,,,,,,,,,,,,02/12/2025,1555,20.51,1,Corral 1 y 2
,,,,,,,,,,,,,,,,,02/12/2025,1560,44.41,2,Corral 1 y 2
,,,,,,,,,,,,,,,,,02/12/2025,1567,36.88,2,Corral 3 y 4
,,,,,,,,,,,,,,,,,02/12/2025,1577,27.39,1,Corral 3 y 4
,,,,,,,,,,,,,,,,,02/12/2025,1590,32.93,2,Corral 3 y 4
,,,,,,,,,,,,,,,,,02/12/2025,1638,37.2,2,Corral 1 y 2
,,,,,,,,,,,,,,,,,02/12/2025,1644,25.74,1,Corral 1 y 2
,,,,,,,,,,,,,,,,,02/12/2025,2070,19.74,1,Corral 3 y 4
,,,,,,,,,,,,,,,,,02/12/2025,2074,28.41,2,Corral 3 y 4
,,,,,,,,,,,,,,,,,02/12/2025,2076,22.3,1,Corral 1 y 2
,,,,,,,,,,,,,,,,,02/12/2025,2082,20.08,1,Corral 3 y 4
,,,,,,,,,,,,,,,,,02/12/2025,2087,36.7,2,Corral 5 y 6
,,,,,,,,,,,,,,,,,02/12/2025,2108,22.48,2,Corral 5 y 6
,,,,,,,,,,,,,,,,,02/12/2025,2110,31.01,2,Corral 3 y 4
,,,,,,,,,,,,,,,,,02/12/2025,2119,28.75,1,Corral 3 y 4
,,,,,,,,,,,,,,,,,02/12/2025,2122,18.63,1,Corral 3 y 4
,,,,,,,,,,,,,,,,,02/12/2025,2150,39.31,2,Corral 3 y 4
,,,,,,,,,,,,,,,,,02/12/2025,2165,24.47,1,Corral 5 y 6
,,,,,,,,,,,,,,,,,02/12/2025,5767,24.12,1,Corral 1 y 2
,,,,,,,,,,,,,,,,,02/12/2025,6012,43.49,2,Corral 1 y 2
,,,,,,,,,,,,,,,,,02/12/2025,6050,33.44,2,Corral 3 y 4
,,,,,,,,,,,,,,,,,02/12/2025,6054,20.08,1,Corral 3 y 4
,,,,,,,,,,,,,,,,,02/12/2025,6062,34.28,1,Corral 3 y 4
,,,,,,,,,,,,,,,,,02/12/2025,6070,25.2,1,Corral 5 y 6
,,,,,,,,,,,,,,,,,02/12/2025,6092,17.51,1,Corral 1 y 2
,,,,,,,,,,,,,,,,,02/12/2025,6124,10.7,1,Corral 5 y 6
,,,,,,,,,,,,,,,,,02/12/2025,6131,35.36,2,Corral 1 y 2
,,,,,,,,,,,,,,,,,02/12/2025,6134,29.3,2,Corral 5 y 6
,,,,,,,,,,,,,,,,,02/12/2025,6137,14.16,1,Corral 3 y 4
,,,,,,,,,,,,,,,,,02/12/2025,6161,27.95,2,Corral 3 y 4
,,,,,,,,,,,,,,,,,02/12/2025,6164,32.46,2,Corral 3 y 4
,,,,,,,,,,,,,,,,,02/12/2025,6178,21.46,1,Corral 3 y 4
,,,,,,,,,,,,,,,,,02/12/2025,6193,38.73,2,Corral 5 y 6
,,,,,,,,,,,,,,,,,02/12/2025,6194,52.14,2,Corral 3 y 4
,,,,,,,,,,,,,,,,,02/12/2025,6197,16.83,1,Corral 1 y 2
,,,,,,,,,,,,,,,,,02/12/2025,6226,50.88,2,Corral 1 y 2
,,,,,,,,,,,,,,,,,02/12/2025,6258,22.07,1,Corral 1 y 2
,,,,,,,,,,,,,,,,,02/12/2025,8703,24.19,2,Corral 1 y 2
,,,,,,,,,,,,,,,,,02/12/2025,8705,10.5,1,Corral 1 y 2
,,,,,,,,,,,,,,,,,02/12/2025,8707,15.34,1,Corral 3 y 4
,,,,,,,,,,,,,,,,,02/12/2025,8708,17.62,1,Corral 5 y 6
,,,,,,,,,,,,,,,,,02/12/2025,8710,11.45,1,Corral 3 y 4
,,,,,,,,,,,,,,,,,02/12/2025,8711,17.58,2,Corral 1 y 2
,,,,,,,,,,,,,,,,,02/12/2025,8712,5.99,1,Corral 1 y 2
,,,,,,,,,,,,,,,,,02/12/2025,8714,29.57,2,Corral 1 y 2
,,,,,,,,,,,,,,,,,02/12/2025,8732,9.47,1,Corral 1 y 2
,,,,,,,,,,,,,,,,,02/12/2025,8755,8.67,1,Corral 3 y 4
,,,,,,,,,,,,,,,,,02/12/2025,8761,17.17,1,Corral 1 y 2
,,,,,,,,,,,,,,,,,03/12/2025,1204,19.14,1,Corral 5 y 6
,,,,,,,,,,,,,,,,,03/12/2025,1213,16.83,1,Corral 1 y 2
,,,,,,,,,,,,,,,,,03/12/2025,1216,20.38,1,Corral 3 y 4
,,,,,,,,,,,,,,,,,03/12/2025,1225,23.8,2,Corral 1 y 2
,,,,,,,,,,,,,,,,,03/12/2025,1228,28.06,2,Corral 3 y 4
,,,,,,,,,,,,,,,,,03/12/2025,1235,19.54,1,Corral 3 y 4
,,,,,,,,,,,,,,,,,03/12/2025,1236,13.09,1,Corral 3 y 4
,,,,,,,,,,,,,,,,,03/12/2025,1242,22,1,Corral 3 y 4
,,,,,,,,,,,,,,,,,03/12/2025,1243,20.93,2,Corral 3 y 4
,,,,,,,,,,,,,,,,,03/12/2025,1555,16.7,1,Corral 1 y 2
,,,,,,,,,,,,,,,,,03/12/2025,1560,17.59,1,Corral 1 y 2
,,,,,,,,,,,,,,,,,03/12/2025,1567,42.18,2,Corral 3 y 4
,,,,,,,,,,,,,,,,,03/12/2025,1577,20.3,1,Corral 3 y 4
,,,,,,,,,,,,,,,,,03/12/2025,1590,25.43,1,Corral 1 y 2
,,,,,,,,,,,,,,,,,03/12/2025,1617,22.19,1,Corral 5 y 6
,,,,,,,,,,,,,,,,,03/12/2025,1644,8.07,1,Corral 1 y 2
,,,,,,,,,,,,,,,,,03/12/2025,2070,38.61,2,Corral 3 y 4
,,,,,,,,,,,,,,,,,03/12/2025,2074,16.07,1,Corral 3 y 4
,,,,,,,,,,,,,,,,,03/12/2025,2076,18.71,1,Corral 1 y 2
,,,,,,,,,,,,,,,,,03/12/2025,2082,20.2,1,Corral 3 y 4
,,,,,,,,,,,,,,,,,03/12/2025,2087,33.54,3,Corral 1 y 2
,,,,,,,,,,,,,,,,,03/12/2025,2108,21.97,1,Corral 5 y 6
,,,,,,,,,,,,,,,,,03/12/2025,2110,24.87,1,Corral 3 y 4
,,,,,,,,,,,,,,,,,03/12/2025,2119,36.19,2,Corral 3 y 4
,,,,,,,,,,,,,,,,,03/12/2025,2122,18.76,1,Corral 3 y 4
,,,,,,,,,,,,,,,,,03/12/2025,2150,22.26,1,Corral 5 y 6
,,,,,,,,,,,,,,,,,03/12/2025,2165,27.21,1,Corral 5 y 6
,,,,,,,,,,,,,,,,,03/12/2025,5767,13.19,1,Corral 1 y 2
,,,,,,,,,,,,,,,,,03/12/2025,6012,14.13,1,Corral 1 y 2
,,,,,,,,,,,,,,,,,03/12/2025,6050,19.98,1,Corral 3 y 4
,,,,,,,,,,,,,,,,,03/12/2025,6054,23.53,1,Corral 3 y 4
,,,,,,,,,,,,,,,,,03/12/2025,6070,27.59,2,Corral 5 y 6
,,,,,,,,,,,,,,,,,03/12/2025,6092,14.51,1,Corral 1 y 2
,,,,,,,,,,,,,,,,,03/12/2025,6124,7.42,1,Corral 5 y 6
,,,,,,,,,,,,,,,,,03/12/2025,6131,14.28,1,Corral 1 y 2
,,,,,,,,,,,,,,,,,03/12/2025,6134,43.98,2,Corral 5 y 6
,,,,,,,,,,,,,,,,,03/12/2025,6137,18.75,1,Corral 3 y 4
,,,,,,,,,,,,,,,,,03/12/2025,6161,11.11,1,Corral 3 y 4
,,,,,,,,,,,,,,,,,03/12/2025,6164,26.41,1,Corral 3 y 4
,,,,,,,,,,,,,,,,,03/12/2025,6178,20.62,1,Corral 3 y 4
,,,,,,,,,,,,,,,,,03/12/2025,6193,21.51,1,Corral 5 y 6
,,,,,,,,,,,,,,,,,03/12/2025,6194,37.57,2,Corral 1 y 2
,,,,,,,,,,,,,,,,,03/12/2025,6197,12.29,1,Corral 1 y 2
,,,,,,,,,,,,,,,,,03/12/2025,6226,39.49,2,Corral 1 y 2
,,,,,,,,,,,,,,,,,03/12/2025,6258,19.55,1,Corral 1 y 2
,,,,,,,,,,,,,,,,,03/12/2025,8703,12.48,1,Corral 1 y 2
,,,,,,,,,,,,,,,,,03/12/2025,8705,17.54,1,Corral 1 y 2
,,,,,,,,,,,,,,,,,03/12/2025,8708,17.72,2,Corral 5 y 6
,,,,,,,,,,,,,,,,,03/12/2025,8710,17.84,1,Corral 3 y 4
,,,,,,,,,,,,,,,,,03/12/2025,8711,25.16,1,Corral 1 y 2
,,,,,,,,,,,,,,,,,03/12/2025,8712,15.75,2,Corral 1 y 2
,,,,,,,,,,,,,,,,,03/12/2025,8714,23.06,1,Corral 1 y 2
,,,,,,,,,,,,,,,,,03/12/2025,8715,19.51,1,Corral 3 y 4
,,,,,,,,,,,,,,,,,03/12/2025,8732,13.83,1,Corral 1 y 2
,,,,,,,,,,,,,,,,,03/12/2025,8761,8.45,1,Corral 1 y 2
,,,,,,,,,,,,,,,,,04/12/2025,1204,18.19,1,Corral 5 y 6
,,,,,,,,,,,,,,,,,04/12/2025,1216,13.03,1,Corral 3 y 4
,,,,,,,,,,,,,,,,,04/12/2025,1225,8.74,1,Corral 1 y 2
,,,,,,,,,,,,,,,,,04/12/2025,1228,26.36,2,Corral 3 y 4
,,,,,,,,,,,,,,,,,04/12/2025,1235,23.8,2,Corral 1 y 2
,,,,,,,,,,,,,,,,,04/12/2025,1236,11.54,1,Corral 3 y 4
,,,,,,,,,,,,,,,,,04/12/2025,1242,16.99,1,Corral 3 y 4
,,,,,,,,,,,,,,,,,04/12/2025,1243,18.47,1,Corral 3 y 4
,,,,,,,,,,,,,,,,,04/12/2025,1555,30.26,2,Corral 1 y 2
,,,,,,,,,,,,,,,,,04/12/2025,1560,40.83,2,Corral 1 y 2
,,,,,,,,,,,,,,,,,04/12/2025,1567,32.83,2,Corral 3 y 4
,,,,,,,,,,,,,,,,,04/12/2025,1577,21.26,1,Corral 3 y 4
,,,,,,,,,,,,,,,,,04/12/2025,1590,16.73,1,Corral 1 y 2
,,,,,,,,,,,,,,,,,04/12/2025,1617,12.51,1,Corral 5 y 6
,,,,,,,,,,,,,,,,,04/12/2025,1638,20.08,1,Corral 1 y 2
,,,,,,,,,,,,,,,,,04/12/2025,1644,26.68,2,Corral 1 y 2
,,,,,,,,,,,,,,,,,04/12/2025,2070,12,1,Corral 3 y 4
,,,,,,,,,,,,,,,,,04/12/2025,2074,19.18,2,Corral 3 y 4
,,,,,,,,,,,,,,,,,04/12/2025,2076,11.71,1,Corral 1 y 2
,,,,,,,,,,,,,,,,,04/12/2025,2087,30.62,2,Corral 3 y 4
,,,,,,,,,,,,,,,,,04/12/2025,2108,29.3,1,Corral 5 y 6
,,,,,,,,,,,,,,,,,04/12/2025,2110,21.68,1,Corral 1 y 2
,,,,,,,,,,,,,,,,,04/12/2025,2119,25.86,1,Corral 3 y 4
,,,,,,,,,,,,,,,,,04/12/2025,2122,14.2,1,Corral 3 y 4
,,,,,,,,,,,,,,,,,04/12/2025,2150,16.57,1,Corral 5 y 6
,,,,,,,,,,,,,,,,,04/12/2025,2165,14.01,1,Corral 5 y 6
,,,,,,,,,,,,,,,,,04/12/2025,5767,19.99,1,Corral 3 y 4
,,,,,,,,,,,,,,,,,04/12/2025,6012,29.9,2,Corral 1 y 2
,,,,,,,,,,,,,,,,,04/12/2025,6050,13.7,1,Corral 5 y 6
,,,,,,,,,,,,,,,,,04/12/2025,6054,14.9,1,Corral 3 y 4
,,,,,,,,,,,,,,,,,04/12/2025,6062,24.99,1,Corral 5 y 6
,,,,,,,,,,,,,,,,,04/12/2025,6070,31.57,2,Corral 5 y 6
,,,,,,,,,,,,,,,,,04/12/2025,6092,30.18,2,Corral 1 y 2
,,,,,,,,,,,,,,,,,04/12/2025,6124,15.98,2,Corral 5 y 6
,,,,,,,,,,,,,,,,,04/12/2025,6131,25.9,2,Corral 1 y 2
,,,,,,,,,,,,,,,,,04/12/2025,6134,27.64,1,Corral 5 y 6
,,,,,,,,,,,,,,,,,04/12/2025,6137,21.49,2,Corral 5 y 6
,,,,,,,,,,,,,,,,,04/12/2025,6161,14.65,1,Corral 3 y 4
,,,,,,,,,,,,,,,,,04/12/2025,6164,32.94,2,Corral 3 y 4
,,,,,,,,,,,,,,,,,04/12/2025,6178,26.1,1,Corral 3 y 4
,,,,,,,,,,,,,,,,,04/12/2025,6193,20.69,1,Corral 5 y 6
,,,,,,,,,,,,,,,,,04/12/2025,6197,14.3,1,Corral 1 y 2
,,,,,,,,,,,,,,,,,04/12/2025,6226,31.2,2,Corral 1 y 2
,,,,,,,,,,,,,,,,,04/12/2025,6258,18.22,1,Corral 1 y 2
,,,,,,,,,,,,,,,,,04/12/2025,8703,17.46,2,Corral 1 y 2
,,,,,,,,,,,,,,,,,04/12/2025,8707,27.25,2,Corral 3 y 4
,,,,,,,,,,,,,,,,,04/12/2025,8708,14.41,1,Corral 5 y 6
,,,,,,,,,,,,,,,,,04/12/2025,8710,15.07,1,Corral 3 y 4
,,,,,,,,,,,,,,,,,04/12/2025,8711,19.42,1,Corral 1 y 2
,,,,,,,,,,,,,,,,,04/12/2025,8712,12.18,1,Corral 1 y 2
,,,,,,,,,,,,,,,,,04/12/2025,8714,16.88,1,Corral 1 y 2
,,,,,,,,,,,,,,,,,04/12/2025,8715,36.03,2,Corral 3 y 4
,,,,,,,,,,,,,,,,,04/12/2025,8732,9.62,1,Corral 5 y 6
,,,,,,,,,,,,,,,,,04/12/2025,8755,9.36,1,Corral 5 y 6
,,,,,,,,,,,,,,,,,04/12/2025,8761,21.24,1,Corral 3 y 4
,,,,,,,,,,,,,,,,,05/12/2025,1204,16.09,1,Corral 5 y 6
,,,,,,,,,,,,,,,,,05/12/2025,1216,11.22,1,Corral 3 y 4
,,,,,,,,,,,,,,,,,05/12/2025,1225,27.82,2,Corral 1 y 2
,,,,,,,,,,,,,,,,,05/12/2025,1228,14.65,1,Corral 3 y 4
,,,,,,,,,,,,,,,,,05/12/2025,1235,22.06,2,Corral 1 y 2
,,,,,,,,,,,,,,,,,05/12/2025,1236,12.12,1,Corral 3 y 4
,,,,,,,,,,,,,,,,,05/12/2025,1242,28.56,2,Corral 3 y 4
,,,,,,,,,,,,,,,,,05/12/2025,1243,19.99,2,Corral 3 y 4
,,,,,,,,,,,,,,,,,05/12/2025,1555,23.33,1,Corral 1 y 2
,,,,,,,,,,,,,,,,,05/12/2025,1560,33.93,2,Corral 1 y 2
,,,,,,,,,,,,,,,,,05/12/2025,1567,23.95,1,Corral 3 y 4
,,,,,,,,,,,,,,,,,05/12/2025,1577,27.69,1,Corral 3 y 4
,,,,,,,,,,,,,,,,,05/12/2025,1590,28.36,2,Corral 1 y 2
,,,,,,,,,,,,,,,,,05/12/2025,1638,25.59,1,Corral 1 y 2
,,,,,,,,,,,,,,,,,05/12/2025,1644,12.34,1,Corral 1 y 2
,,,,,,,,,,,,,,,,,05/12/2025,2070,21.7,2,Corral 3 y 4
,,,,,,,,,,,,,,,,,05/12/2025,2074,10.38,1,Corral 3 y 4
,,,,,,,,,,,,,,,,,05/12/2025,2076,16.83,1,Corral 1 y 2
,,,,,,,,,,,,,,,,,05/12/2025,2082,19.32,1,Corral 3 y 4
,,,,,,,,,,,,,,,,,05/12/2025,2087,28.35,2,Corral 3 y 4
,,,,,,,,,,,,,,,,,05/12/2025,2108,20.51,1,Corral 5 y 6
,,,,,,,,,,,,,,,,,05/12/2025,2110,43.55,2,Corral 1 y 2
,,,,,,,,,,,,,,,,,05/12/2025,2119,20.24,1,Corral 3 y 4
,,,,,,,,,,,,,,,,,05/12/2025,2122,12.95,1,Corral 3 y 4
,,,,,,,,,,,,,,,,,05/12/2025,2150,24.48,1,Corral 5 y 6
,,,,,,,,,,,,,,,,,05/12/2025,2165,12.82,1,Corral 5 y 6
,,,,,,,,,,,,,,,,,05/12/2025,5767,15.75,1,Corral 3 y 4
,,,,,,,,,,,,,,,,,05/12/2025,6012,25.96,2,Corral 1 y 2
,,,,,,,,,,,,,,,,,05/12/2025,6050,20.54,1,Corral 5 y 6
,,,,,,,,,,,,,,,,,05/12/2025,6054,12.78,1,Corral 3 y 4
,,,,,,,,,,,,,,,,,05/12/2025,6062,16.96,1,Corral 5 y 6
,,,,,,,,,,,,,,,,,05/12/2025,6070,33.65,2,Corral 5 y 6
,,,,,,,,,,,,,,,,,05/12/2025,6092,28.41,1,Corral 1 y 2
,,,,,,,,,,,,,,,,,05/12/2025,6131,18.05,1,Corral 1 y 2
,,,,,,,,,,,,,,,,,05/12/2025,6134,17.52,1,Corral 5 y 6
,,,,,,,,,,,,,,,,,05/12/2025,6137,17.56,1,Corral 5 y 6
,,,,,,,,,,,,,,,,,05/12/2025,6154,20.54,1,Corral 1 y 2
,,,,,,,,,,,,,,,,,05/12/2025,6161,29.44,2,Corral 3 y 4
,,,,,,,,,,,,,,,,,05/12/2025,6164,37.33,3,Corral 3 y 4
,,,,,,,,,,,,,,,,,05/12/2025,6178,14.35,1,Corral 3 y 4
,,,,,,,,,,,,,,,,,05/12/2025,6193,19.57,1,Corral 5 y 6
,,,,,,,,,,,,,,,,,05/12/2025,6197,15.25,1,Corral 1 y 2
,,,,,,,,,,,,,,,,,05/12/2025,6226,37.63,3,Corral 1 y 2
,,,,,,,,,,,,,,,,,05/12/2025,6258,12.75,1,Corral 1 y 2
,,,,,,,,,,,,,,,,,05/12/2025,8703,10.18,1,Corral 1 y 2
,,,,,,,,,,,,,,,,,05/12/2025,8705,10.52,1,Corral 5 y 6
,,,,,,,,,,,,,,,,,05/12/2025,8707,13.84,1,Corral 3 y 4
,,,,,,,,,,,,,,,,,05/12/2025,8708,20.7,2,Corral 5 y 6
,,,,,,,,,,,,,,,,,05/12/2025,8710,20.04,1,Corral 3 y 4
,,,,,,,,,,,,,,,,,05/12/2025,8711,9.12,1,Corral 1 y 2
,,,,,,,,,,,,,,,,,05/12/2025,8712,14.08,1,Corral 1 y 2
,,,,,,,,,,,,,,,,,05/12/2025,8714,22.13,1,Corral 1 y 2
,,,,,,,,,,,,,,,,,05/12/2025,8715,13.75,1,Corral 3 y 4
,,,,,,,,,,,,,,,,,05/12/2025,8732,19.39,2,Corral 5 y 6
,,,,,,,,,,,,,,,,,05/12/2025,8739,12.56,1,Corral 1 y 2
,,,,,,,,,,,,,,,,,05/12/2025,8755,8.43,1,Corral 5 y 6
,,,,,,,,,,,,,,,,,05/12/2025,8761,21.85,1,Corral 3 y 4
,,,,,,,,,,,,,,,,,06/12/2025,1204,13.02,1,Corral 5 y 6
,,,,,,,,,,,,,,,,,06/12/2025,1216,8.53,1,Corral 3 y 4
,,,,,,,,,,,,,,,,,06/12/2025,1225,30.61,2,Corral 1 y 2
,,,,,,,,,,,,,,,,,06/12/2025,1228,14.02,1,Corral 3 y 4
,,,,,,,,,,,,,,,,,06/12/2025,1235,19.98,2,Corral 1 y 2
,,,,,,,,,,,,,,,,,06/12/2025,1236,10.76,1,Corral 3 y 4
,,,,,,,,,,,,,,,,,06/12/2025,1242,15.87,1,Corral 3 y 4
,,,,,,,,,,,,,,,,,06/12/2025,1243,13.9,1,Corral 3 y 4
,,,,,,,,,,,,,,,,,06/12/2025,1555,29.33,2,Corral 1 y 2
,,,,,,,,,,,,,,,,,06/12/2025,1560,26.05,2,Corral 1 y 2
,,,,,,,,,,,,,,,,,06/12/2025,1567,13.66,1,Corral 3 y 4
,,,,,,,,,,,,,,,,,06/12/2025,1577,14.17,1,Corral 3 y 4
,,,,,,,,,,,,,,,,,06/12/2025,1590,15.64,1,Corral 1 y 2
,,,,,,,,,,,,,,,,,06/12/2025,1638,18.1,1,Corral 1 y 2
,,,,,,,,,,,,,,,,,06/12/2025,1644,14.69,1,Corral 1 y 2
,,,,,,,,,,,,,,,,,06/12/2025,2070,16.04,1,Corral 3 y 4
,,,,,,,,,,,,,,,,,06/12/2025,2074,8.82,1,Corral 3 y 4
,,,,,,,,,,,,,,,,,06/12/2025,2076,19.58,2,Corral 1 y 2
,,,,,,,,,,,,,,,,,06/12/2025,2082,16.16,1,Corral 3 y 4
,,,,,,,,,,,,,,,,,06/12/2025,2087,17.78,1,Corral 3 y 4
,,,,,,,,,,,,,,,,,06/12/2025,2108,30.5,2,Corral 5 y 6
,,,,,,,,,,,,,,,,,06/12/2025,2110,25.92,2,Corral 1 y 2
,,,,,,,,,,,,,,,,,06/12/2025,2119,8.2,1,Corral 3 y 4
,,,,,,,,,,,,,,,,,06/12/2025,2122,10.84,1,Corral 3 y 4
,,,,,,,,,,,,,,,,,06/12/2025,2150,18.75,1,Corral 5 y 6
,,,,,,,,,,,,,,,,,06/12/2025,5767,18.03,1,Corral 3 y 4
,,,,,,,,,,,,,,,,,06/12/2025,6012,19.91,1,Corral 1 y 2
,,,,,,,,,,,,,,,,,06/12/2025,6054,23.63,2,Corral 3 y 4
,,,,,,,,,,,,,,,,,06/12/2025,6062,27.69,1,Corral 5 y 6
,,,,,,,,,,,,,,,,,06/12/2025,6070,24.76,2,Corral 5 y 6
,,,,,,,,,,,,,,,,,06/12/2025,6092,13.33,1,Corral 1 y 2
,,,,,,,,,,,,,,,,,06/12/2025,6131,14.09,1,Corral 1 y 2
,,,,,,,,,,,,,,,,,06/12/2025,6134,20.36,1,Corral 5 y 6
,,,,,,,,,,,,,,,,,06/12/2025,6137,13.51,1,Corral 5 y 6
,,,,,,,,,,,,,,,,,06/12/2025,6154,22.44,2,Corral 1 y 2
,,,,,,,,,,,,,,,,,06/12/2025,6161,28.49,2,Corral 3 y 4
,,,,,,,,,,,,,,,,,06/12/2025,6164,32.71,2,Corral 3 y 4
,,,,,,,,,,,,,,,,,06/12/2025,6178,16.92,1,Corral 3 y 4
,,,,,,,,,,,,,,,,,06/12/2025,6193,19.84,1,Corral 5 y 6
,,,,,,,,,,,,,,,,,06/12/2025,6194,14.71,1,Corral 5 y 6
,,,,,,,,,,,,,,,,,06/12/2025,6197,14,1,Corral 1 y 2
,,,,,,,,,,,,,,,,,06/12/2025,6226,29.73,2,Corral 1 y 2
,,,,,,,,,,,,,,,,,06/12/2025,6258,21.37,2,Corral 1 y 2
,,,,,,,,,,,,,,,,,06/12/2025,8703,20.51,2,Corral 1 y 2
,,,,,,,,,,,,,,,,,06/12/2025,8705,17.39,1,Corral 5 y 6
,,,,,,,,,,,,,,,,,06/12/2025,8707,21.02,2,Corral 3 y 4
,,,,,,,,,,,,,,,,,06/12/2025,8708,19.83,2,Corral 5 y 6
,,,,,,,,,,,,,,,,,06/12/2025,8710,13.65,1,Corral 3 y 4
,,,,,,,,,,,,,,,,,06/12/2025,8711,15.08,1,Corral 1 y 2
,,,,,,,,,,,,,,,,,06/12/2025,8712,14.09,1,Corral 1 y 2
,,,,,,,,,,,,,,,,,06/12/2025,8714,30.15,2,Corral 1 y 2
,,,,,,,,,,,,,,,,,06/12/2025,8715,19.29,2,Corral 3 y 4
,,,,,,,,,,,,,,,,,06/12/2025,8732,11.33,1,Corral 5 y 6
,,,,,,,,,,,,,,,,,06/12/2025,8739,10.83,1,Corral 1 y 2
,,,,,,,,,,,,,,,,,06/12/2025,8761,16.64,1,Corral 3 y 4
,,,,,,,,,,,,,,,,,09/12/2025,1510,9.48,1,Corral 1 y 2
