VID,EID,LID,Group,Last calving,Days in milk,Date,Ruminating
1567,,,100,05/11/2024,234,27/06/2025,
1567,,,100,05/11/2024,235,28/06/2025,532
1567,,,100,05/11/2024,236,29/06/2025,574
1567,,,100,05/11/2024,237,30/06/2025,621
1567,,,100,05/11/2024,238,01/07/2025,567
1567,,,100,05/11/2024,239,02/07/2025,578
1567,,,100,05/11/2024,240,03/07/2025,519
1567,,,100,05/11/2024,241,04/07/2025,575
1567,,,100,05/11/2024,242,05/07/2025,587
1567,,,100,05/11/2024,243,06/07/2025,550
1567,,,100,05/11/2024,244,07/07/2025,590
1567,,,100,05/11/2024,245,08/07/2025,582
1567,,,100,05/11/2024,246,09/07/2025,519
1567,,,100,05/11/2024,247,10/07/2025,581
1567,,,100,05/11/2024,248,11/07/2025,528
1567,,,100,05/11/2024,249,12/07/2025,648
1567,,,100,05/11/2024,250,13/07/2025,553
1567,,,100,05/11/2024,251,14/07/2025,533
1567,,,100,05/11/2024,252,15/07/2025,464
1567,,,100,05/11/2024,253,16/07/2025,532
1567,,,100,05/11/2024,254,17/07/2025,515
1567,,,100,05/11/2024,255,18/07/2025,604
1567,,,100,05/11/2024,256,19/07/2025,496
1567,,,100,05/11/2024,257,20/07/2025,614
1567,,,100,05/11/2024,258,21/07/2025,704
1567,,,100,05/11/2024,259,22/07/2025,485
1567,,,100,05/11/2024,260,23/07/2025,561
1567,,,100,05/11/2024,261,24/07/2025,690
1567,,,100,05/11/2024,262,25/07/2025,508
1567,,,100,05/11/2024,263,26/07/2025,445
1567,,,100,05/11/2024,264,27/07/2025,563
1567,,,100,05/11/2024,265,28/07/2025,534
1567,,,100,05/11/2024,266,29/07/2025,507
1567,,,100,05/11/2024,267,30/07/2025,564
1567,,,100,05/11/2024,268,31/07/2025,527
1567,,,100,05/11/2024,269,01/08/2025,645
1567,,,100,05/11/2024,270,02/08/2025,622
1567,,,100,05/11/2024,271,03/08/2025,559
1567,,,100,05/11/2024,272,04/08/2025,668
1567,,,100,05/11/2024,273,05/08/2025,491
1567,,,100,05/11/2024,274,06/08/2025,701
1567,,,100,05/11/2024,275,07/08/2025,460
1567,,,100,05/11/2024,276,08/08/2025,573
1567,,,100,05/11/2024,277,09/08/2025,692
1567,,,100,05/11/2024,278,10/08/2025,469
1567,,,100,05/11/2024,279,11/08/2025,628
1567,,,100,05/11/2024,280,12/08/2025,551
1567,,,100,05/11/2024,281,13/08/2025,702
1567,,,100,05/11/2024,282,14/08/2025,477
1567,,,100,05/11/2024,283,15/08/2025,485
1567,,,100,05/11/2024,284,16/08/2025,788
1567,,,100,05/11/2024,285,17/08/2025,581
1567,,,100,05/11/2024,286,18/08/2025,668
1567,,,100,05/11/2024,287,19/08/2025,558
1567,,,100,05/11/2024,288,20/08/2025,493
1567,,,100,05/11/2024,289,21/08/2025,431
1567,,,100,05/11/2024,290,22/08/2025,508
1567,,,100,05/11/2024,291,23/08/2025,619
1567,,,100,05/11/2024,292,24/08/2025,531
1567,,,100,05/11/2024,293,25/08/2025,406
1567,,,100,05/11/2024,294,26/08/2025,387
1567,,,100,05/11/2024,295,27/08/2025,475
1567,,,100,05/11/2024,296,28/08/2025,598
1567,,,100,05/11/2024,297,29/08/2025,481
1567,,,100,05/11/2024,298,30/08/2025,356
1567,,,100,05/11/2024,299,31/08/2025,314
1567,,,100,05/11/2024,300,01/09/2025,292
1567,,,100,05/11/2024,301,02/09/2025,379
1567,,,100,05/11/2024,302,03/09/2025,352
1567,,,100,05/11/2024,303,04/09/2025,451
1567,,,100,05/11/2024,304,05/09/2025,540
1567,,,100,05/11/2024,305,06/09/2025,511
1567,,,100,05/11/2024,306,07/09/2025,464
1567,,,100,05/11/2024,307,08/09/2025,532
1567,,,100,05/11/2024,308,09/09/2025,572
1567,,,100,05/11/2024,309,10/09/2025,603
1567,,,100,05/11/2024,310,11/09/2025,466
1567,,,100,05/11/2024,311,12/09/2025,513
1567,,,100,05/11/2024,312,13/09/2025,470
1567,,,100,05/11/2024,313,14/09/2025,523
1567,,,100,05/11/2024,314,15/09/2025,331
1567,,,100,05/11/2024,315,16/09/2025,377
1567,,,100,05/11/2024,316,17/09/2025,348
1567,,,100,05/11/2024,317,18/09/2025,499
1567,,,100,05/11/2024,318,19/09/2025,512
1567,,,100,05/11/2024,319,20/09/2025,557
1567,,,100,05/11/2024,320,21/09/2025,656
1567,,,100,05/11/2024,321,22/09/2025,278
1567,,,100,05/11/2024,322,23/09/2025,40
1567,,,100,05/11/2024,323,24/09/2025,0
1567,,,100,05/11/2024,324,25/09/2025,
1577,,,2,05/11/2024,234,27/06/2025,
1577,,,2,05/11/2024,235,28/06/2025,600
1577,,,2,05/11/2024,236,29/06/2025,598
1577,,,2,05/11/2024,237,30/06/2025,666
1577,,,2,05/11/2024,238,01/07/2025,604
1577,,,2,05/11/2024,239,02/07/2025,612
1577,,,2,05/11/2024,240,03/07/2025,641
1577,,,2,05/11/2024,241,04/07/2025,511
1577,,,2,05/11/2024,242,05/07/2025,592
1577,,,2,05/11/2024,243,06/07/2025,646
1577,,,2,05/11/2024,244,07/07/2025,552
1577,,,2,05/11/2024,245,08/07/2025,663
1577,,,2,05/11/2024,246,09/07/2025,555
1577,,,2,05/11/2024,247,10/07/2025,612
1577,,,2,05/11/2024,248,11/07/2025,479
1577,,,2,05/11/2024,249,12/07/2025,502
1577,,,2,05/11/2024,250,13/07/2025,520
1577,,,2,05/11/2024,251,14/07/2025,579
1577,,,2,05/11/2024,252,15/07/2025,606
1577,,,2,05/11/2024,253,16/07/2025,634
1577,,,2,05/11/2024,254,17/07/2025,531
1577,,,2,05/11/2024,255,18/07/2025,582
1577,,,2,05/11/2024,256,19/07/2025,516
1577,,,2,05/11/2024,257,20/07/2025,445
1577,,,2,05/11/2024,258,21/07/2025,621
1577,,,2,05/11/2024,259,22/07/2025,585
1577,,,2,05/11/2024,260,23/07/2025,593
1577,,,2,05/11/2024,261,24/07/2025,534
1577,,,2,05/11/2024,262,25/07/2025,620
1577,,,2,05/11/2024,263,26/07/2025,580
1577,,,2,05/11/2024,264,27/07/2025,654
1577,,,2,05/11/2024,265,28/07/2025,547
1577,,,2,05/11/2024,266,29/07/2025,588
1577,,,2,05/11/2024,267,30/07/2025,564
1577,,,2,05/11/2024,268,31/07/2025,528
1577,,,2,05/11/2024,269,01/08/2025,629
1577,,,2,05/11/2024,270,02/08/2025,529
1577,,,2,05/11/2024,271,03/08/2025,553
1577,,,2,05/11/2024,272,04/08/2025,599
1577,,,2,05/11/2024,273,05/08/2025,543
1577,,,2,05/11/2024,274,06/08/2025,546
1577,,,2,05/11/2024,275,07/08/2025,558
1577,,,2,05/11/2024,276,08/08/2025,629
1577,,,2,05/11/2024,277,09/08/2025,576
1577,,,2,05/11/2024,278,10/08/2025,536
1577,,,2,05/11/2024,279,11/08/2025,588
1577,,,2,05/11/2024,280,12/08/2025,616
1577,,,2,05/11/2024,281,13/08/2025,596
1577,,,2,05/11/2024,282,14/08/2025,551
1577,,,2,05/11/2024,283,15/08/2025,481
1577,,,2,05/11/2024,284,16/08/2025,628
1577,,,2,05/11/2024,285,17/08/2025,553
1577,,,2,05/11/2024,286,18/08/2025,573
1577,,,2,05/11/2024,287,19/08/2025,642
1577,,,2,05/11/2024,288,20/08/2025,504
1577,,,2,05/11/2024,289,21/08/2025,589
1577,,,2,05/11/2024,290,22/08/2025,694
1577,,,2,05/11/2024,291,23/08/2025,498
1577,,,2,05/11/2024,292,24/08/2025,632
1577,,,2,05/11/2024,293,25/08/2025,614
1577,,,2,05/11/2024,294,26/08/2025,550
1577,,,2,05/11/2024,295,27/08/2025,615
1577,,,2,05/11/2024,296,28/08/2025,547
1577,,,2,05/11/2024,297,29/08/2025,585
1577,,,2,05/11/2024,298,30/08/2025,588
1577,,,2,05/11/2024,299,31/08/2025,548
1577,,,2,05/11/2024,300,01/09/2025,597
1577,,,2,05/11/2024,301,02/09/2025,486
1577,,,2,05/11/2024,302,03/09/2025,567
1577,,,2,05/11/2024,303,04/09/2025,561
1577,,,2,05/11/2024,304,05/09/2025,626
1577,,,2,05/11/2024,305,06/09/2025,630
1577,,,2,05/11/2024,306,07/09/2025,582
1577,,,2,05/11/2024,307,08/09/2025,673
1577,,,2,05/11/2024,308,09/09/2025,631
1577,,,2,05/11/2024,309,10/09/2025,531
1577,,,2,05/11/2024,310,11/09/2025,617
1577,,,2,05/11/2024,311,12/09/2025,436
1577,,,2,05/11/2024,312,13/09/2025,359
1577,,,2,05/11/2024,313,14/09/2025,469
1577,,,2,05/11/2024,314,15/09/2025,489
1577,,,2,05/11/2024,315,16/09/2025,403
1577,,,2,05/11/2024,316,17/09/2025,381
1577,,,2,05/11/2024,317,18/09/2025,426
1577,,,2,05/11/2024,318,19/09/2025,460
1577,,,2,05/11/2024,319,20/09/2025,655
1577,,,2,05/11/2024,320,21/09/2025,565
1577,,,2,05/11/2024,321,22/09/2025,252
1577,,,2,05/11/2024,322,23/09/2025,0
1577,,,2,05/11/2024,323,24/09/2025,0
1577,,,2,05/11/2024,324,25/09/2025,
2070,,,3,10/06/2024,382,27/06/2025,
2070,,,3,10/06/2024,383,28/06/2025,505
2070,,,3,10/06/2024,384,29/06/2025,520
2070,,,3,10/06/2024,385,30/06/2025,685
2070,,,3,10/06/2024,386,01/07/2025,608
2070,,,3,10/06/2024,387,02/07/2025,576
2070,,,3,10/06/2024,388,03/07/2025,603
2070,,,3,10/06/2024,389,04/07/2025,573
2070,,,3,10/06/2024,390,05/07/2025,621
2070,,,3,10/06/2024,391,06/07/2025,524
2070,,,3,10/06/2024,392,07/07/2025,610
2070,,,3,10/06/2024,393,08/07/2025,481
2070,,,3,10/06/2024,394,09/07/2025,560
2070,,,3,10/06/2024,395,10/07/2025,530
2070,,,3,10/06/2024,396,11/07/2025,412
2070,,,3,10/06/2024,397,12/07/2025,554
2070,,,3,10/06/2024,398,13/07/2025,618
2070,,,3,10/06/2024,399,14/07/2025,482
2070,,,3,10/06/2024,400,15/07/2025,419
2070,,,3,10/06/2024,401,16/07/2025,489
2070,,,3,10/06/2024,402,17/07/2025,603
2070,,,3,10/06/2024,403,18/07/2025,519
2070,,,3,10/06/2024,404,19/07/2025,576
2070,,,3,10/06/2024,405,20/07/2025,520
2070,,,3,10/06/2024,406,21/07/2025,517
2070,,,3,10/06/2024,407,22/07/2025,623
2070,,,3,10/06/2024,408,23/07/2025,595
2070,,,3,10/06/2024,409,24/07/2025,490
2070,,,3,10/06/2024,410,25/07/2025,659
2070,,,3,10/06/2024,411,26/07/2025,433
2070,,,3,10/06/2024,412,27/07/2025,651
2070,,,3,10/06/2024,413,28/07/2025,511
2070,,,3,10/06/2024,414,29/07/2025,614
2070,,,3,10/06/2024,415,30/07/2025,581
2070,,,3,10/06/2024,416,31/07/2025,521
2070,,,3,10/06/2024,417,01/08/2025,680
2070,,,3,10/06/2024,418,02/08/2025,538
2070,,,3,10/06/2024,419,03/08/2025,558
2070,,,3,10/06/2024,420,04/08/2025,538
2070,,,3,10/06/2024,421,05/08/2025,595
2070,,,3,10/06/2024,422,06/08/2025,561
2070,,,3,10/06/2024,423,07/08/2025,627
2070,,,3,10/06/2024,424,08/08/2025,465
2070,,,3,10/06/2024,425,09/08/2025,588
2070,,,3,10/06/2024,426,10/08/2025,583
2070,,,3,10/06/2024,427,11/08/2025,557
2070,,,3,10/06/2024,428,12/08/2025,636
2070,,,3,10/06/2024,429,13/08/2025,530
2070,,,3,10/06/2024,430,14/08/2025,517
2070,,,3,10/06/2024,431,15/08/2025,617
2070,,,3,10/06/2024,432,16/08/2025,576
2070,,,3,10/06/2024,433,17/08/2025,613
2070,,,3,10/06/2024,434,18/08/2025,551
2070,,,3,10/06/2024,435,19/08/2025,645
2070,,,3,10/06/2024,436,20/08/2025,492
2070,,,3,10/06/2024,437,21/08/2025,541
2070,,,3,10/06/2024,438,22/08/2025,531
2070,,,3,10/06/2024,439,23/08/2025,547
2070,,,3,10/06/2024,440,24/08/2025,589
2070,,,3,10/06/2024,441,25/08/2025,523
2070,,,3,10/06/2024,442,26/08/2025,552
2070,,,3,10/06/2024,443,27/08/2025,625
2070,,,3,10/06/2024,444,28/08/2025,554
2070,,,3,10/06/2024,445,29/08/2025,602
2070,,,3,10/06/2024,446,30/08/2025,361
2070,,,3,10/06/2024,447,31/08/2025,531
2070,,,3,10/06/2024,448,01/09/2025,499
2070,,,3,10/06/2024,449,02/09/2025,496
2070,,,3,10/06/2024,450,03/09/2025,662
2070,,,3,10/06/2024,451,04/09/2025,499
2070,,,3,10/06/2024,452,05/09/2025,437
2070,,,3,10/06/2024,453,06/09/2025,620
2070,,,3,10/06/2024,454,07/09/2025,461
2070,,,3,10/06/2024,455,08/09/2025,434
2070,,,3,10/06/2024,456,09/09/2025,554
2070,,,3,10/06/2024,457,10/09/2025,586
2070,,,3,10/06/2024,458,11/09/2025,431
2070,,,3,10/06/2024,459,12/09/2025,662
2070,,,3,10/06/2024,460,13/09/2025,547
2070,,,3,10/06/2024,461,14/09/2025,758
2070,,,3,10/06/2024,462,15/09/2025,489
2070,,,3,10/06/2024,463,16/09/2025,533
2070,,,3,10/06/2024,464,17/09/2025,642
2070,,,3,10/06/2024,465,18/09/2025,571
2070,,,3,10/06/2024,466,19/09/2025,397
2070,,,3,10/06/2024,467,20/09/2025,687
2070,,,3,10/06/2024,468,21/09/2025,550
2070,,,3,10/06/2024,469,22/09/2025,243
2070,,,3,10/06/2024,470,23/09/2025,0
2070,,,3,10/06/2024,471,24/09/2025,0
2070,,,3,10/06/2024,472,25/09/2025,
1216,,,3,14/06/2024,378,27/06/2025,
1216,,,3,14/06/2024,379,28/06/2025,520
1216,,,3,14/06/2024,380,29/06/2025,529
1216,,,3,14/06/2024,381,30/06/2025,566
1216,,,3,14/06/2024,382,01/07/2025,496
1216,,,3,14/06/2024,383,02/07/2025,418
1216,,,3,14/06/2024,384,03/07/2025,565
1216,,,3,14/06/2024,385,04/07/2025,549
1216,,,3,14/06/2024,386,05/07/2025,531
1216,,,3,14/06/2024,387,06/07/2025,672
1216,,,3,14/06/2024,388,07/07/2025,465
1216,,,3,14/06/2024,389,08/07/2025,544
1216,,,3,14/06/2024,390,09/07/2025,484
1216,,,3,14/06/2024,391,10/07/2025,468
1216,,,3,14/06/2024,392,11/07/2025,454
1216,,,3,14/06/2024,393,12/07/2025,492
1216,,,3,14/06/2024,394,13/07/2025,515
1216,,,3,14/06/2024,395,14/07/2025,423
1216,,,3,14/06/2024,396,15/07/2025,548
1216,,,3,14/06/2024,397,16/07/2025,382
1216,,,3,14/06/2024,398,17/07/2025,488
1216,,,3,14/06/2024,399,18/07/2025,466
1216,,,3,14/06/2024,400,19/07/2025,544
1216,,,3,14/06/2024,401,20/07/2025,502
1216,,,3,14/06/2024,402,21/07/2025,440
1216,,,3,14/06/2024,403,22/07/2025,585
1216,,,3,14/06/2024,404,23/07/2025,513
1216,,,3,14/06/2024,405,24/07/2025,450
1216,,,3,14/06/2024,406,25/07/2025,509
1216,,,3,14/06/2024,407,26/07/2025,580
1216,,,3,14/06/2024,408,27/07/2025,562
1216,,,3,14/06/2024,409,28/07/2025,387
1216,,,3,14/06/2024,410,29/07/2025,429
1216,,,3,14/06/2024,411,30/07/2025,531
1216,,,3,14/06/2024,412,31/07/2025,457
1216,,,3,14/06/2024,413,01/08/2025,540
1216,,,3,14/06/2024,414,02/08/2025,586
1216,,,3,14/06/2024,415,03/08/2025,450
1216,,,3,14/06/2024,416,04/08/2025,581
1216,,,3,14/06/2024,417,05/08/2025,578
1216,,,3,14/06/2024,418,06/08/2025,554
1216,,,3,14/06/2024,419,07/08/2025,482
1216,,,3,14/06/2024,420,08/08/2025,552
1216,,,3,14/06/2024,421,09/08/2025,498
1216,,,3,14/06/2024,422,10/08/2025,600
1216,,,3,14/06/2024,423,11/08/2025,516
1216,,,3,14/06/2024,424,12/08/2025,547
1216,,,3,14/06/2024,425,13/08/2025,455
1216,,,3,14/06/2024,426,14/08/2025,526
1216,,,3,14/06/2024,427,15/08/2025,607
1216,,,3,14/06/2024,428,16/08/2025,550
1216,,,3,14/06/2024,429,17/08/2025,543
1216,,,3,14/06/2024,430,18/08/2025,566
1216,,,3,14/06/2024,431,19/08/2025,390
1216,,,3,14/06/2024,432,20/08/2025,548
1216,,,3,14/06/2024,433,21/08/2025,468
1216,,,3,14/06/2024,434,22/08/2025,546
1216,,,3,14/06/2024,435,23/08/2025,554
1216,,,3,14/06/2024,436,24/08/2025,561
1216,,,3,14/06/2024,437,25/08/2025,453
1216,,,3,14/06/2024,438,26/08/2025,389
1216,,,3,14/06/2024,439,27/08/2025,520
1216,,,3,14/06/2024,440,28/08/2025,411
1216,,,3,14/06/2024,441,29/08/2025,561
1216,,,3,14/06/2024,442,30/08/2025,448
1216,,,3,14/06/2024,443,31/08/2025,448
1216,,,3,14/06/2024,444,01/09/2025,561
1216,,,3,14/06/2024,445,02/09/2025,491
1216,,,3,14/06/2024,446,03/09/2025,579
1216,,,3,14/06/2024,447,04/09/2025,502
1216,,,3,14/06/2024,448,05/09/2025,523
1216,,,3,14/06/2024,449,06/09/2025,546
1216,,,3,14/06/2024,450,07/09/2025,631
1216,,,3,14/06/2024,451,08/09/2025,495
1216,,,3,14/06/2024,452,09/09/2025,488
1216,,,3,14/06/2024,453,10/09/2025,394
1216,,,3,14/06/2024,454,11/09/2025,477
1216,,,3,14/06/2024,455,12/09/2025,515
1216,,,3,14/06/2024,456,13/09/2025,453
1216,,,3,14/06/2024,457,14/09/2025,502
1216,,,3,14/06/2024,458,15/09/2025,414
1216,,,3,14/06/2024,459,16/09/2025,645
1216,,,3,14/06/2024,460,17/09/2025,573
1216,,,3,14/06/2024,461,18/09/2025,551
1216,,,3,14/06/2024,462,19/09/2025,459
1216,,,3,14/06/2024,463,20/09/2025,461
1216,,,3,14/06/2024,464,21/09/2025,530
1216,,,3,14/06/2024,465,22/09/2025,238
1216,,,3,14/06/2024,466,23/09/2025,0
1216,,,3,14/06/2024,467,24/09/2025,0
1216,,,3,14/06/2024,468,25/09/2025,
8710,,,2,13/12/2024,196,27/06/2025,
8710,,,2,13/12/2024,197,28/06/2025,480
8710,,,2,13/12/2024,198,29/06/2025,511
8710,,,2,13/12/2024,199,30/06/2025,645
8710,,,2,13/12/2024,200,01/07/2025,500
8710,,,2,13/12/2024,201,02/07/2025,576
8710,,,2,13/12/2024,202,03/07/2025,537
8710,,,2,13/12/2024,203,04/07/2025,596
8710,,,2,13/12/2024,204,05/07/2025,584
8710,,,2,13/12/2024,205,06/07/2025,593
8710,,,2,13/12/2024,206,07/07/2025,521
8710,,,2,13/12/2024,207,08/07/2025,587
8710,,,2,13/12/2024,208,09/07/2025,531
8710,,,2,13/12/2024,209,10/07/2025,581
8710,,,2,13/12/2024,210,11/07/2025,449
8710,,,2,13/12/2024,211,12/07/2025,488
8710,,,2,13/12/2024,212,13/07/2025,565
8710,,,2,13/12/2024,213,14/07/2025,504
8710,,,2,13/12/2024,214,15/07/2025,453
8710,,,2,13/12/2024,215,16/07/2025,530
8710,,,2,13/12/2024,216,17/07/2025,556
8710,,,2,13/12/2024,217,18/07/2025,506
8710,,,2,13/12/2024,218,19/07/2025,567
8710,,,2,13/12/2024,219,20/07/2025,520
8710,,,2,13/12/2024,220,21/07/2025,573
8710,,,2,13/12/2024,221,22/07/2025,498
8710,,,2,13/12/2024,222,23/07/2025,598
8710,,,2,13/12/2024,223,24/07/2025,592
8710,,,2,13/12/2024,224,25/07/2025,520
8710,,,2,13/12/2024,225,26/07/2025,512
8710,,,2,13/12/2024,226,27/07/2025,539
8710,,,2,13/12/2024,227,28/07/2025,469
8710,,,2,13/12/2024,228,29/07/2025,473
8710,,,2,13/12/2024,229,30/07/2025,493
8710,,,2,13/12/2024,230,31/07/2025,556
8710,,,2,13/12/2024,231,01/08/2025,532
8710,,,2,13/12/2024,232,02/08/2025,542
8710,,,2,13/12/2024,233,03/08/2025,622
8710,,,2,13/12/2024,234,04/08/2025,483
8710,,,2,13/12/2024,235,05/08/2025,522
8710,,,2,13/12/2024,236,06/08/2025,587
8710,,,2,13/12/2024,237,07/08/2025,460
8710,,,2,13/12/2024,238,08/08/2025,504
8710,,,2,13/12/2024,239,09/08/2025,553
8710,,,2,13/12/2024,240,10/08/2025,541
8710,,,2,13/12/2024,241,11/08/2025,611
8710,,,2,13/12/2024,242,12/08/2025,578
8710,,,2,13/12/2024,243,13/08/2025,584
8710,,,2,13/12/2024,244,14/08/2025,519
8710,,,2,13/12/2024,245,15/08/2025,555
8710,,,2,13/12/2024,246,16/08/2025,488
8710,,,2,13/12/2024,247,17/08/2025,518
8710,,,2,13/12/2024,248,18/08/2025,504
8710,,,2,13/12/2024,249,19/08/2025,527
8710,,,2,13/12/2024,250,20/08/2025,506
8710,,,2,13/12/2024,251,21/08/2025,523
8710,,,2,13/12/2024,252,22/08/2025,584
8710,,,2,13/12/2024,253,23/08/2025,536
8710,,,2,13/12/2024,254,24/08/2025,570
8710,,,2,13/12/2024,255,25/08/2025,497
8710,,,2,13/12/2024,256,26/08/2025,478
8710,,,2,13/12/2024,257,27/08/2025,440
8710,,,2,13/12/2024,258,28/08/2025,611
8710,,,2,13/12/2024,259,29/08/2025,509
8710,,,2,13/12/2024,260,30/08/2025,506
8710,,,2,13/12/2024,261,31/08/2025,435
8710,,,2,13/12/2024,262,01/09/2025,588
8710,,,2,13/12/2024,263,02/09/2025,599
8710,,,2,13/12/2024,264,03/09/2025,536
8710,,,2,13/12/2024,265,04/09/2025,535
8710,,,2,13/12/2024,266,05/09/2025,365
8710,,,2,13/12/2024,267,06/09/2025,433
8710,,,2,13/12/2024,268,07/09/2025,409
8710,,,2,13/12/2024,269,08/09/2025,453
8710,,,2,13/12/2024,270,09/09/2025,443
8710,,,2,13/12/2024,271,10/09/2025,498
8710,,,2,13/12/2024,272,11/09/2025,583
8710,,,2,13/12/2024,273,12/09/2025,552
8710,,,2,13/12/2024,274,13/09/2025,514
8710,,,2,13/12/2024,275,14/09/2025,493
8710,,,2,13/12/2024,276,15/09/2025,490
8710,,,2,13/12/2024,277,16/09/2025,502
8710,,,2,13/12/2024,278,17/09/2025,438
8710,,,2,13/12/2024,279,18/09/2025,370
8710,,,2,13/12/2024,280,19/09/2025,476
8710,,,2,13/12/2024,281,20/09/2025,382
8710,,,2,13/12/2024,282,21/09/2025,458
8710,,,2,13/12/2024,283,22/09/2025,255
8710,,,2,13/12/2024,284,23/09/2025,0
8710,,,2,13/12/2024,285,24/09/2025,122
8710,,,2,13/12/2024,286,25/09/2025,
8708,,,2,06/12/2024,203,27/06/2025,
8708,,,2,06/12/2024,204,28/06/2025,430
8708,,,2,06/12/2024,205,29/06/2025,447
8708,,,2,06/12/2024,206,30/06/2025,485
8708,,,2,06/12/2024,207,01/07/2025,503
8708,,,2,06/12/2024,208,02/07/2025,516
8708,,,2,06/12/2024,209,03/07/2025,554
8708,,,2,06/12/2024,210,04/07/2025,494
8708,,,2,06/12/2024,211,05/07/2025,469
8708,,,2,06/12/2024,212,06/07/2025,547
8708,,,2,06/12/2024,213,07/07/2025,487
8708,,,2,06/12/2024,214,08/07/2025,485
8708,,,2,06/12/2024,215,09/07/2025,484
8708,,,2,06/12/2024,216,10/07/2025,455
8708,,,2,06/12/2024,217,11/07/2025,521
8708,,,2,06/12/2024,218,12/07/2025,474
8708,,,2,06/12/2024,219,13/07/2025,527
8708,,,2,06/12/2024,220,14/07/2025,436
8708,,,2,06/12/2024,221,15/07/2025,506
8708,,,2,06/12/2024,222,16/07/2025,539
8708,,,2,06/12/2024,223,17/07/2025,525
8708,,,2,06/12/2024,224,18/07/2025,462
8708,,,2,06/12/2024,225,19/07/2025,361
8708,,,2,06/12/2024,226,20/07/2025,538
8708,,,2,06/12/2024,227,21/07/2025,474
8708,,,2,06/12/2024,228,22/07/2025,501
8708,,,2,06/12/2024,229,23/07/2025,443
8708,,,2,06/12/2024,230,24/07/2025,512
8708,,,2,06/12/2024,231,25/07/2025,442
8708,,,2,06/12/2024,232,26/07/2025,486
8708,,,2,06/12/2024,233,27/07/2025,482
8708,,,2,06/12/2024,234,28/07/2025,401
8708,,,2,06/12/2024,235,29/07/2025,618
8708,,,2,06/12/2024,236,30/07/2025,457
8708,,,2,06/12/2024,237,31/07/2025,472
8708,,,2,06/12/2024,238,01/08/2025,393
8708,,,2,06/12/2024,239,02/08/2025,487
8708,,,2,06/12/2024,240,03/08/2025,371
8708,,,2,06/12/2024,241,04/08/2025,460
8708,,,2,06/12/2024,242,05/08/2025,493
8708,,,2,06/12/2024,243,06/08/2025,460
8708,,,2,06/12/2024,244,07/08/2025,482
8708,,,2,06/12/2024,245,08/08/2025,420
8708,,,2,06/12/2024,246,09/08/2025,536
8708,,,2,06/12/2024,247,10/08/2025,431
8708,,,2,06/12/2024,248,11/08/2025,408
8708,,,2,06/12/2024,249,12/08/2025,349
8708,,,2,06/12/2024,250,13/08/2025,494
8708,,,2,06/12/2024,251,14/08/2025,434
8708,,,2,06/12/2024,252,15/08/2025,473
8708,,,2,06/12/2024,253,16/08/2025,403
8708,,,2,06/12/2024,254,17/08/2025,305
8708,,,2,06/12/2024,255,18/08/2025,485
8708,,,2,06/12/2024,256,19/08/2025,462
8708,,,2,06/12/2024,257,20/08/2025,428
8708,,,2,06/12/2024,258,21/08/2025,432
8708,,,2,06/12/2024,259,22/08/2025,512
8708,,,2,06/12/2024,260,23/08/2025,498
8708,,,2,06/12/2024,261,24/08/2025,475
8708,,,2,06/12/2024,262,25/08/2025,453
8708,,,2,06/12/2024,263,26/08/2025,474
8708,,,2,06/12/2024,264,27/08/2025,471
8708,,,2,06/12/2024,265,28/08/2025,456
8708,,,2,06/12/2024,266,29/08/2025,461
8708,,,2,06/12/2024,267,30/08/2025,520
8708,,,2,06/12/2024,268,31/08/2025,372
8708,,,2,06/12/2024,269,01/09/2025,527
8708,,,2,06/12/2024,270,02/09/2025,509
8708,,,2,06/12/2024,271,03/09/2025,395
8708,,,2,06/12/2024,272,04/09/2025,538
8708,,,2,06/12/2024,273,05/09/2025,542
8708,,,2,06/12/2024,274,06/09/2025,532
8708,,,2,06/12/2024,275,07/09/2025,482
8708,,,2,06/12/2024,276,08/09/2025,487
8708,,,2,06/12/2024,277,09/09/2025,576
8708,,,2,06/12/2024,278,10/09/2025,571
8708,,,2,06/12/2024,279,11/09/2025,493
8708,,,2,06/12/2024,280,12/09/2025,487
8708,,,2,06/12/2024,281,13/09/2025,482
8708,,,2,06/12/2024,282,14/09/2025,458
8708,,,2,06/12/2024,283,15/09/2025,446
8708,,,2,06/12/2024,284,16/09/2025,407
8708,,,2,06/12/2024,285,17/09/2025,497
8708,,,2,06/12/2024,286,18/09/2025,362
8708,,,2,06/12/2024,287,19/09/2025,507
8708,,,2,06/12/2024,288,20/09/2025,469
8708,,,2,06/12/2024,289,21/09/2025,437
8708,,,2,06/12/2024,290,22/09/2025,277
8708,,,2,06/12/2024,291,23/09/2025,8
8708,,,2,06/12/2024,292,24/09/2025,0
8708,,,2,06/12/2024,293,25/09/2025,
6161,,,100,18/09/2024,282,27/06/2025,
6161,,,100,18/09/2024,283,28/06/2025,473
6161,,,100,18/09/2024,284,29/06/2025,624
6161,,,100,18/09/2024,285,30/06/2025,503
6161,,,100,18/09/2024,286,01/07/2025,595
6161,,,100,18/09/2024,287,02/07/2025,568
6161,,,100,18/09/2024,288,03/07/2025,652
6161,,,100,18/09/2024,289,04/07/2025,576
6161,,,100,18/09/2024,290,05/07/2025,578
6161,,,100,18/09/2024,291,06/07/2025,597
6161,,,100,18/09/2024,292,07/07/2025,646
6161,,,100,18/09/2024,293,08/07/2025,455
6161,,,100,18/09/2024,294,09/07/2025,616
6161,,,100,18/09/2024,295,10/07/2025,626
6161,,,100,18/09/2024,296,11/07/2025,408
6161,,,100,18/09/2024,297,12/07/2025,613
6161,,,100,18/09/2024,298,13/07/2025,485
6161,,,100,18/09/2024,299,14/07/2025,514
6161,,,100,18/09/2024,300,15/07/2025,499
6161,,,100,18/09/2024,301,16/07/2025,385
6161,,,100,18/09/2024,302,17/07/2025,577
6161,,,100,18/09/2024,303,18/07/2025,563
6161,,,100,18/09/2024,304,19/07/2025,495
6161,,,100,18/09/2024,305,20/07/2025,526
6161,,,100,18/09/2024,306,21/07/2025,505
6161,,,100,18/09/2024,307,22/07/2025,529
6161,,,100,18/09/2024,308,23/07/2025,532
6161,,,100,18/09/2024,309,24/07/2025,612
6161,,,100,18/09/2024,310,25/07/2025,457
6161,,,100,18/09/2024,311,26/07/2025,527
6161,,,100,18/09/2024,312,27/07/2025,550
6161,,,100,18/09/2024,313,28/07/2025,613
6161,,,100,18/09/2024,314,29/07/2025,476
6161,,,100,18/09/2024,315,30/07/2025,494
6161,,,100,18/09/2024,316,31/07/2025,591
6161,,,100,18/09/2024,317,01/08/2025,554
6161,,,100,18/09/2024,318,02/08/2025,560
6161,,,100,18/09/2024,319,03/08/2025,485
6161,,,100,18/09/2024,320,04/08/2025,555
6161,,,100,18/09/2024,321,05/08/2025,630
6161,,,100,18/09/2024,322,06/08/2025,498
6161,,,100,18/09/2024,323,07/08/2025,544
6161,,,100,18/09/2024,324,08/08/2025,481
6161,,,100,18/09/2024,325,09/08/2025,584
6161,,,100,18/09/2024,326,10/08/2025,553
6161,,,100,18/09/2024,327,11/08/2025,599
6161,,,100,18/09/2024,328,12/08/2025,512
6161,,,100,18/09/2024,329,13/08/2025,514
6161,,,100,18/09/2024,330,14/08/2025,676
6161,,,100,18/09/2024,331,15/08/2025,506
6161,,,100,18/09/2024,332,16/08/2025,639
6161,,,100,18/09/2024,333,17/08/2025,556
6161,,,100,18/09/2024,334,18/08/2025,528
6161,,,100,18/09/2024,335,19/08/2025,542
6161,,,100,18/09/2024,336,20/08/2025,641
6161,,,100,18/09/2024,337,21/08/2025,530
6161,,,100,18/09/2024,338,22/08/2025,439
6161,,,100,18/09/2024,339,23/08/2025,609
6161,,,100,18/09/2024,340,24/08/2025,607
6161,,,100,18/09/2024,341,25/08/2025,504
6161,,,100,18/09/2024,342,26/08/2025,465
6161,,,100,18/09/2024,343,27/08/2025,495
6161,,,100,18/09/2024,344,28/08/2025,543
6161,,,100,18/09/2024,345,29/08/2025,509
6161,,,100,18/09/2024,346,30/08/2025,458
6161,,,100,18/09/2024,347,31/08/2025,533
6161,,,100,18/09/2024,348,01/09/2025,520
6161,,,100,18/09/2024,349,02/09/2025,472
6161,,,100,18/09/2024,350,03/09/2025,484
6161,,,100,18/09/2024,351,04/09/2025,451
6161,,,100,18/09/2024,352,05/09/2025,552
6161,,,100,18/09/2024,353,06/09/2025,623
6161,,,100,18/09/2024,354,07/09/2025,480
6161,,,100,18/09/2024,355,08/09/2025,529
6161,,,100,18/09/2024,356,09/09/2025,532
6161,,,100,18/09/2024,357,10/09/2025,515
6161,,,100,18/09/2024,358,11/09/2025,508
6161,,,100,18/09/2024,359,12/09/2025,533
6161,,,100,18/09/2024,360,13/09/2025,562
6161,,,100,18/09/2024,361,14/09/2025,462
6161,,,100,18/09/2024,362,15/09/2025,417
6161,,,100,18/09/2024,363,16/09/2025,394
6161,,,100,18/09/2024,364,17/09/2025,410
6161,,,100,18/09/2024,365,18/09/2025,589
6161,,,100,18/09/2024,366,19/09/2025,619
6161,,,100,18/09/2024,367,20/09/2025,644
6161,,,100,18/09/2024,368,21/09/2025,621
6161,,,100,18/09/2024,369,22/09/2025,298
6161,,,100,18/09/2024,370,23/09/2025,0
6161,,,100,18/09/2024,371,24/09/2025,0
6161,,,100,18/09/2024,372,25/09/2025,
6193,,,2,05/12/2024,204,27/06/2025,
6193,,,2,05/12/2024,205,28/06/2025,642
6193,,,2,05/12/2024,206,29/06/2025,640
6193,,,2,05/12/2024,207,30/06/2025,623
6193,,,2,05/12/2024,208,01/07/2025,525
6193,,,2,05/12/2024,209,02/07/2025,626
6193,,,2,05/12/2024,210,03/07/2025,626
6193,,,2,05/12/2024,211,04/07/2025,516
6193,,,2,05/12/2024,212,05/07/2025,499
6193,,,2,05/12/2024,213,06/07/2025,655
6193,,,2,05/12/2024,214,07/07/2025,599
6193,,,2,05/12/2024,215,08/07/2025,503
6193,,,2,05/12/2024,216,09/07/2025,526
6193,,,2,05/12/2024,217,10/07/2025,611
6193,,,2,05/12/2024,218,11/07/2025,548
6193,,,2,05/12/2024,219,12/07/2025,552
6193,,,2,05/12/2024,220,13/07/2025,590
6193,,,2,05/12/2024,221,14/07/2025,548
6193,,,2,05/12/2024,222,15/07/2025,621
6193,,,2,05/12/2024,223,16/07/2025,480
6193,,,2,05/12/2024,224,17/07/2025,516
6193,,,2,05/12/2024,225,18/07/2025,481
6193,,,2,05/12/2024,226,19/07/2025,555
6193,,,2,05/12/2024,227,20/07/2025,455
6193,,,2,05/12/2024,228,21/07/2025,523
6193,,,2,05/12/2024,229,22/07/2025,586
6193,,,2,05/12/2024,230,23/07/2025,490
6193,,,2,05/12/2024,231,24/07/2025,539
6193,,,2,05/12/2024,232,25/07/2025,540
6193,,,2,05/12/2024,233,26/07/2025,612
6193,,,2,05/12/2024,234,27/07/2025,525
6193,,,2,05/12/2024,235,28/07/2025,414
6193,,,2,05/12/2024,236,29/07/2025,568
6193,,,2,05/12/2024,237,30/07/2025,578
6193,,,2,05/12/2024,238,31/07/2025,497
6193,,,2,05/12/2024,239,01/08/2025,600
6193,,,2,05/12/2024,240,02/08/2025,595
6193,,,2,05/12/2024,241,03/08/2025,545
6193,,,2,05/12/2024,242,04/08/2025,477
6193,,,2,05/12/2024,243,05/08/2025,428
6193,,,2,05/12/2024,244,06/08/2025,469
6193,,,2,05/12/2024,245,07/08/2025,689
6193,,,2,05/12/2024,246,08/08/2025,509
6193,,,2,05/12/2024,247,09/08/2025,518
6193,,,2,05/12/2024,248,10/08/2025,617
6193,,,2,05/12/2024,249,11/08/2025,553
6193,,,2,05/12/2024,250,12/08/2025,561
6193,,,2,05/12/2024,251,13/08/2025,555
6193,,,2,05/12/2024,252,14/08/2025,591
6193,,,2,05/12/2024,253,15/08/2025,529
6193,,,2,05/12/2024,254,16/08/2025,585
6193,,,2,05/12/2024,255,17/08/2025,714
6193,,,2,05/12/2024,256,18/08/2025,524
6193,,,2,05/12/2024,257,19/08/2025,572
6193,,,2,05/12/2024,258,20/08/2025,523
6193,,,2,05/12/2024,259,21/08/2025,681
6193,,,2,05/12/2024,260,22/08/2025,587
6193,,,2,05/12/2024,261,23/08/2025,677
6193,,,2,05/12/2024,262,24/08/2025,477
6193,,,2,05/12/2024,263,25/08/2025,734
6193,,,2,05/12/2024,264,26/08/2025,491
6193,,,2,05/12/2024,265,27/08/2025,482
6193,,,2,05/12/2024,266,28/08/2025,630
6193,,,2,05/12/2024,267,29/08/2025,504
6193,,,2,05/12/2024,268,30/08/2025,611
6193,,,2,05/12/2024,269,31/08/2025,577
6193,,,2,05/12/2024,270,01/09/2025,598
6193,,,2,05/12/2024,271,02/09/2025,643
6193,,,2,05/12/2024,272,03/09/2025,526
6193,,,2,05/12/2024,273,04/09/2025,543
6193,,,2,05/12/2024,274,05/09/2025,575
6193,,,2,05/12/2024,275,06/09/2025,604
6193,,,2,05/12/2024,276,07/09/2025,573
6193,,,2,05/12/2024,277,08/09/2025,519
6193,,,2,05/12/2024,278,09/09/2025,703
6193,,,2,05/12/2024,279,10/09/2025,484
6193,,,2,05/12/2024,280,11/09/2025,669
6193,,,2,05/12/2024,281,12/09/2025,430
6193,,,2,05/12/2024,282,13/09/2025,557
6193,,,2,05/12/2024,283,14/09/2025,625
6193,,,2,05/12/2024,284,15/09/2025,641
6193,,,2,05/12/2024,285,16/09/2025,555
6193,,,2,05/12/2024,286,17/09/2025,490
6193,,,2,05/12/2024,287,18/09/2025,382
6193,,,2,05/12/2024,288,19/09/2025,445
6193,,,2,05/12/2024,289,20/09/2025,461
6193,,,2,05/12/2024,290,21/09/2025,607
6193,,,2,05/12/2024,291,22/09/2025,339
6193,,,2,05/12/2024,292,23/09/2025,0
6193,,,2,05/12/2024,293,24/09/2025,0
6193,,,2,05/12/2024,294,25/09/2025,
6124,,,2,29/07/2025,,27/06/2025,
6124,,,2,29/07/2025,,28/06/2025,
6124,,,2,29/07/2025,,29/06/2025,
6124,,,2,29/07/2025,,30/06/2025,
6124,,,2,29/07/2025,,01/07/2025,
6124,,,2,29/07/2025,,02/07/2025,
6124,,,2,29/07/2025,,03/07/2025,
6124,,,2,29/07/2025,,04/07/2025,
6124,,,2,29/07/2025,,05/07/2025,
6124,,,2,29/07/2025,,06/07/2025,
6124,,,2,29/07/2025,,07/07/2025,150
6124,,,2,29/07/2025,,08/07/2025,482
6124,,,2,29/07/2025,,09/07/2025,510
6124,,,2,29/07/2025,,10/07/2025,430
6124,,,2,29/07/2025,,11/07/2025,522
6124,,,2,29/07/2025,,12/07/2025,462
6124,,,2,29/07/2025,,13/07/2025,508
6124,,,2,29/07/2025,,14/07/2025,346
6124,,,2,29/07/2025,,15/07/2025,414
6124,,,2,29/07/2025,,16/07/2025,488
6124,,,2,29/07/2025,,17/07/2025,505
6124,,,2,29/07/2025,,18/07/2025,422
6124,,,2,29/07/2025,,19/07/2025,497
6124,,,2,29/07/2025,,20/07/2025,462
6124,,,2,29/07/2025,,21/07/2025,462
6124,,,2,29/07/2025,,22/07/2025,449
6124,,,2,29/07/2025,,23/07/2025,392
6124,,,2,29/07/2025,,24/07/2025,289
6124,,,2,29/07/2025,,25/07/2025,478
6124,,,2,29/07/2025,,26/07/2025,444
6124,,,2,29/07/2025,,27/07/2025,428
6124,,,2,29/07/2025,,28/07/2025,359
6124,,,2,29/07/2025,,29/07/2025,269
6124,,,2,29/07/2025,1,30/07/2025,293
6124,,,2,29/07/2025,2,31/07/2025,469
6124,,,2,29/07/2025,3,01/08/2025,159
6124,,,2,29/07/2025,4,02/08/2025,377
6124,,,2,29/07/2025,5,03/08/2025,319
6124,,,2,29/07/2025,6,04/08/2025,309
6124,,,2,29/07/2025,7,05/08/2025,428
6124,,,2,29/07/2025,8,06/08/2025,378
6124,,,2,29/07/2025,9,07/08/2025,242
6124,,,2,29/07/2025,10,08/08/2025,377
6124,,,2,29/07/2025,11,09/08/2025,412
6124,,,2,29/07/2025,12,10/08/2025,465
6124,,,2,29/07/2025,13,11/08/2025,356
6124,,,2,29/07/2025,14,12/08/2025,515
6124,,,2,29/07/2025,15,13/08/2025,459
6124,,,2,29/07/2025,16,14/08/2025,537
6124,,,2,29/07/2025,17,15/08/2025,439
6124,,,2,29/07/2025,18,16/08/2025,415
6124,,,2,29/07/2025,19,17/08/2025,494
6124,,,2,29/07/2025,20,18/08/2025,518
6124,,,2,29/07/2025,21,19/08/2025,519
6124,,,2,29/07/2025,22,20/08/2025,283
6124,,,2,29/07/2025,23,21/08/2025,491
6124,,,2,29/07/2025,24,22/08/2025,496
6124,,,2,29/07/2025,25,23/08/2025,543
6124,,,2,29/07/2025,26,24/08/2025,592
6124,,,2,29/07/2025,27,25/08/2025,220
6124,,,2,29/07/2025,28,26/08/2025,411
6124,,,2,29/07/2025,29,27/08/2025,514
6124,,,2,29/07/2025,30,28/08/2025,362
6124,,,2,29/07/2025,31,29/08/2025,483
6124,,,2,29/07/2025,32,30/08/2025,506
6124,,,2,29/07/2025,33,31/08/2025,501
6124,,,2,29/07/2025,34,01/09/2025,636
6124,,,2,29/07/2025,35,02/09/2025,543
6124,,,2,29/07/2025,36,03/09/2025,666
6124,,,2,29/07/2025,37,04/09/2025,485
6124,,,2,29/07/2025,38,05/09/2025,508
6124,,,2,29/07/2025,39,06/09/2025,495
6124,,,2,29/07/2025,40,07/09/2025,487
6124,,,2,29/07/2025,41,08/09/2025,579
6124,,,2,29/07/2025,42,09/09/2025,440
6124,,,2,29/07/2025,43,10/09/2025,429
6124,,,2,29/07/2025,44,11/09/2025,537
6124,,,2,29/07/2025,45,12/09/2025,600
6124,,,2,29/07/2025,46,13/09/2025,560
6124,,,2,29/07/2025,47,14/09/2025,603
6124,,,2,29/07/2025,48,15/09/2025,559
6124,,,2,29/07/2025,49,16/09/2025,644
6124,,,2,29/07/2025,50,17/09/2025,563
6124,,,2,29/07/2025,51,18/09/2025,501
6124,,,2,29/07/2025,52,19/09/2025,560
6124,,,2,29/07/2025,53,20/09/2025,494
6124,,,2,29/07/2025,54,21/09/2025,611
6124,,,2,29/07/2025,55,22/09/2025,209
6124,,,2,29/07/2025,56,23/09/2025,0
6124,,,2,29/07/2025,57,24/09/2025,0
6124,,,2,29/07/2025,58,25/09/2025,
8761,,,2,15/01/2025,163,27/06/2025,
8761,,,2,15/01/2025,164,28/06/2025,588
8761,,,2,15/01/2025,165,29/06/2025,568
8761,,,2,15/01/2025,166,30/06/2025,477
8761,,,2,15/01/2025,167,01/07/2025,289
8761,,,2,15/01/2025,168,02/07/2025,617
8761,,,2,15/01/2025,169,03/07/2025,593
8761,,,2,15/01/2025,170,04/07/2025,504
8761,,,2,15/01/2025,171,05/07/2025,630
8761,,,2,15/01/2025,172,06/07/2025,625
8761,,,2,15/01/2025,173,07/07/2025,551
8761,,,2,15/01/2025,174,08/07/2025,583
8761,,,2,15/01/2025,175,09/07/2025,518
8761,,,2,15/01/2025,176,10/07/2025,583
8761,,,2,15/01/2025,177,11/07/2025,494
8761,,,2,15/01/2025,178,12/07/2025,579
8761,,,2,15/01/2025,179,13/07/2025,638
8761,,,2,15/01/2025,180,14/07/2025,509
8761,,,2,15/01/2025,181,15/07/2025,485
8761,,,2,15/01/2025,182,16/07/2025,542
8761,,,2,15/01/2025,183,17/07/2025,629
8761,,,2,15/01/2025,184,18/07/2025,426
8761,,,2,15/01/2025,185,19/07/2025,671
8761,,,2,15/01/2025,186,20/07/2025,562
8761,,,2,15/01/2025,187,21/07/2025,579
8761,,,2,15/01/2025,188,22/07/2025,593
8761,,,2,15/01/2025,189,23/07/2025,573
8761,,,2,15/01/2025,190,24/07/2025,544
8761,,,2,15/01/2025,191,25/07/2025,542
8761,,,2,15/01/2025,192,26/07/2025,542
8761,,,2,15/01/2025,193,27/07/2025,566
8761,,,2,15/01/2025,194,28/07/2025,606
8761,,,2,15/01/2025,195,29/07/2025,499
8761,,,2,15/01/2025,196,30/07/2025,534
8761,,,2,15/01/2025,197,31/07/2025,633
8761,,,2,15/01/2025,198,01/08/2025,542
8761,,,2,15/01/2025,199,02/08/2025,555
8761,,,2,15/01/2025,200,03/08/2025,569
8761,,,2,15/01/2025,201,04/08/2025,518
8761,,,2,15/01/2025,202,05/08/2025,590
8761,,,2,15/01/2025,203,06/08/2025,385
8761,,,2,15/01/2025,204,07/08/2025,628
8761,,,2,15/01/2025,205,08/08/2025,427
8761,,,2,15/01/2025,206,09/08/2025,572
8761,,,2,15/01/2025,207,10/08/2025,577
8761,,,2,15/01/2025,208,11/08/2025,497
8761,,,2,15/01/2025,209,12/08/2025,585
8761,,,2,15/01/2025,210,13/08/2025,578
8761,,,2,15/01/2025,211,14/08/2025,555
8761,,,2,15/01/2025,212,15/08/2025,528
8761,,,2,15/01/2025,213,16/08/2025,511
8761,,,2,15/01/2025,214,17/08/2025,532
8761,,,2,15/01/2025,215,18/08/2025,610
8761,,,2,15/01/2025,216,19/08/2025,592
8761,,,2,15/01/2025,217,20/08/2025,432
8761,,,2,15/01/2025,218,21/08/2025,555
8761,,,2,15/01/2025,219,22/08/2025,722
8761,,,2,15/01/2025,220,23/08/2025,527
8761,,,2,15/01/2025,221,24/08/2025,655
8761,,,2,15/01/2025,222,25/08/2025,572
8761,,,2,15/01/2025,223,26/08/2025,532
8761,,,2,15/01/2025,224,27/08/2025,639
8761,,,2,15/01/2025,225,28/08/2025,616
8761,,,2,15/01/2025,226,29/08/2025,594
8761,,,2,15/01/2025,227,30/08/2025,612
8761,,,2,15/01/2025,228,31/08/2025,542
8761,,,2,15/01/2025,229,01/09/2025,688
8761,,,2,15/01/2025,230,02/09/2025,500
8761,,,2,15/01/2025,231,03/09/2025,653
8761,,,2,15/01/2025,232,04/09/2025,495
8761,,,2,15/01/2025,233,05/09/2025,427
8761,,,2,15/01/2025,234,06/09/2025,646
8761,,,2,15/01/2025,235,07/09/2025,589
8761,,,2,15/01/2025,236,08/09/2025,520
8761,,,2,15/01/2025,237,09/09/2025,655
8761,,,2,15/01/2025,238,10/09/2025,441
8761,,,2,15/01/2025,239,11/09/2025,567
8761,,,2,15/01/2025,240,12/09/2025,504
8761,,,2,15/01/2025,241,13/09/2025,442
8761,,,2,15/01/2025,242,14/09/2025,583
8761,,,2,15/01/2025,243,15/09/2025,456
8761,,,2,15/01/2025,244,16/09/2025,573
8761,,,2,15/01/2025,245,17/09/2025,540
8761,,,2,15/01/2025,246,18/09/2025,610
8761,,,2,15/01/2025,247,19/09/2025,539
8761,,,2,15/01/2025,248,20/09/2025,607
8761,,,2,15/01/2025,249,21/09/2025,600
8761,,,2,15/01/2025,250,22/09/2025,258
8761,,,2,15/01/2025,251,23/09/2025,0
8761,,,2,15/01/2025,252,24/09/2025,0
8761,,,2,15/01/2025,253,25/09/2025,
1248,,,100,28/10/2024,242,27/06/2025,
1248,,,100,28/10/2024,243,28/06/2025,573
1248,,,100,28/10/2024,244,29/06/2025,624
1248,,,100,28/10/2024,245,30/06/2025,514
1248,,,100,28/10/2024,246,01/07/2025,617
1248,,,100,28/10/2024,247,02/07/2025,610
1248,,,100,28/10/2024,248,03/07/2025,623
1248,,,100,28/10/2024,249,04/07/2025,357
1248,,,100,28/10/2024,250,05/07/2025,704
1248,,,100,28/10/2024,251,06/07/2025,582
1248,,,100,28/10/2024,252,07/07/2025,644
1248,,,100,28/10/2024,253,08/07/2025,536
1248,,,100,28/10/2024,254,09/07/2025,614
1248,,,100,28/10/2024,255,10/07/2025,503
1248,,,100,28/10/2024,256,11/07/2025,546
1248,,,100,28/10/2024,257,12/07/2025,524
1248,,,100,28/10/2024,258,13/07/2025,604
1248,,,100,28/10/2024,259,14/07/2025,401
1248,,,100,28/10/2024,260,15/07/2025,564
1248,,,100,28/10/2024,261,16/07/2025,579
1248,,,100,28/10/2024,262,17/07/2025,578
1248,,,100,28/10/2024,263,18/07/2025,620
1248,,,100,28/10/2024,264,19/07/2025,605
1248,,,100,28/10/2024,265,20/07/2025,549
1248,,,100,28/10/2024,266,21/07/2025,579
1248,,,100,28/10/2024,267,22/07/2025,525
1248,,,100,28/10/2024,268,23/07/2025,537
1248,,,100,28/10/2024,269,24/07/2025,0
1248,,,100,28/10/2024,270,25/07/2025,15
1248,,,100,28/10/2024,271,26/07/2025,274
1248,,,100,28/10/2024,272,27/07/2025,159
1248,,,100,28/10/2024,273,28/07/2025,232
1248,,,100,28/10/2024,274,29/07/2025,658
1248,,,100,28/10/2024,275,30/07/2025,268
1248,,,100,28/10/2024,276,31/07/2025,117
1248,,,100,28/10/2024,277,01/08/2025,0
1248,,,100,28/10/2024,278,02/08/2025,
1248,,,100,28/10/2024,279,03/08/2025,
1248,,,100,28/10/2024,280,04/08/2025,
1248,,,100,28/10/2024,281,05/08/2025,
1248,,,100,28/10/2024,282,06/08/2025,
1248,,,100,28/10/2024,283,07/08/2025,
1248,,,100,28/10/2024,284,08/08/2025,
1248,,,100,28/10/2024,285,09/08/2025,
1248,,,100,28/10/2024,286,10/08/2025,
1248,,,100,28/10/2024,287,11/08/2025,
1248,,,100,28/10/2024,288,12/08/2025,
1248,,,100,28/10/2024,289,13/08/2025,
1248,,,100,28/10/2024,290,14/08/2025,
1248,,,100,28/10/2024,291,15/08/2025,
1248,,,100,28/10/2024,292,16/08/2025,
1248,,,100,28/10/2024,293,17/08/2025,
1248,,,100,28/10/2024,294,18/08/2025,
1248,,,100,28/10/2024,295,19/08/2025,
1248,,,100,28/10/2024,296,20/08/2025,
1248,,,100,28/10/2024,297,21/08/2025,
1248,,,100,28/10/2024,298,22/08/2025,
1248,,,100,28/10/2024,299,23/08/2025,
1248,,,100,28/10/2024,300,24/08/2025,
1248,,,100,28/10/2024,301,25/08/2025,
1248,,,100,28/10/2024,302,26/08/2025,
1248,,,100,28/10/2024,303,27/08/2025,
1248,,,100,28/10/2024,304,28/08/2025,
1248,,,100,28/10/2024,305,29/08/2025,
1248,,,100,28/10/2024,306,30/08/2025,
1248,,,100,28/10/2024,307,31/08/2025,
1248,,,100,28/10/2024,308,01/09/2025,
1248,,,100,28/10/2024,309,02/09/2025,
1248,,,100,28/10/2024,310,03/09/2025,
1248,,,100,28/10/2024,311,04/09/2025,
1248,,,100,28/10/2024,312,05/09/2025,
1248,,,100,28/10/2024,313,06/09/2025,
1248,,,100,28/10/2024,314,07/09/2025,
1248,,,100,28/10/2024,315,08/09/2025,
1248,,,100,28/10/2024,316,09/09/2025,
1248,,,100,28/10/2024,317,10/09/2025,
1248,,,100,28/10/2024,318,11/09/2025,
1248,,,100,28/10/2024,319,12/09/2025,
1248,,,100,28/10/2024,320,13/09/2025,
1248,,,100,28/10/2024,321,14/09/2025,
1248,,,100,28/10/2024,322,15/09/2025,
1248,,,100,28/10/2024,323,16/09/2025,
1248,,,100,28/10/2024,324,17/09/2025,
1248,,,100,28/10/2024,325,18/09/2025,
1248,,,100,28/10/2024,326,19/09/2025,
1248,,,100,28/10/2024,327,20/09/2025,
1248,,,100,28/10/2024,328,21/09/2025,
1248,,,100,28/10/2024,329,22/09/2025,
1248,,,100,28/10/2024,330,23/09/2025,
1248,,,100,28/10/2024,331,24/09/2025,
1248,,,100,28/10/2024,332,25/09/2025,
6122,,,2,09/09/2024,291,27/06/2025,
6122,,,2,09/09/2024,292,28/06/2025,0
6122,,,2,09/09/2024,293,29/06/2025,0
6122,,,2,09/09/2024,294,30/06/2025,0
6122,,,2,09/09/2024,295,01/07/2025,0
6122,,,2,09/09/2024,296,02/07/2025,0
6122,,,2,09/09/2024,297,03/07/2025,0
6122,,,2,09/09/2024,298,04/07/2025,0
6122,,,2,09/09/2024,299,05/07/2025,0
6122,,,2,09/09/2024,300,06/07/2025,0
6122,,,2,09/09/2024,301,07/07/2025,0
6122,,,2,09/09/2024,302,08/07/2025,
6122,,,2,09/09/2024,303,09/07/2025,
6122,,,2,09/09/2024,304,10/07/2025,
6122,,,2,09/09/2024,305,11/07/2025,
6122,,,2,09/09/2024,306,12/07/2025,
6122,,,2,09/09/2024,307,13/07/2025,
6122,,,2,09/09/2024,308,14/07/2025,
6122,,,2,09/09/2024,309,15/07/2025,
6122,,,2,09/09/2024,310,16/07/2025,
6122,,,2,09/09/2024,311,17/07/2025,
6122,,,2,09/09/2024,312,18/07/2025,
6122,,,2,09/09/2024,313,19/07/2025,
6122,,,2,09/09/2024,314,20/07/2025,
6122,,,2,09/09/2024,315,21/07/2025,
6122,,,2,09/09/2024,316,22/07/2025,
6122,,,2,09/09/2024,317,23/07/2025,
6122,,,2,09/09/2024,318,24/07/2025,
6122,,,2,09/09/2024,319,25/07/2025,
6122,,,2,09/09/2024,320,26/07/2025,
6122,,,2,09/09/2024,321,27/07/2025,
6122,,,2,09/09/2024,322,28/07/2025,
6122,,,2,09/09/2024,323,29/07/2025,
6122,,,2,09/09/2024,324,30/07/2025,
6122,,,2,09/09/2024,325,31/07/2025,
6122,,,2,09/09/2024,326,01/08/2025,
6122,,,2,09/09/2024,327,02/08/2025,
6122,,,2,09/09/2024,328,03/08/2025,
6122,,,2,09/09/2024,329,04/08/2025,
6122,,,2,09/09/2024,330,05/08/2025,
6122,,,2,09/09/2024,331,06/08/2025,
6122,,,2,09/09/2024,332,07/08/2025,
6122,,,2,09/09/2024,333,08/08/2025,
6122,,,2,09/09/2024,334,09/08/2025,
6122,,,2,09/09/2024,335,10/08/2025,
6122,,,2,09/09/2024,336,11/08/2025,
6122,,,2,09/09/2024,337,12/08/2025,
6122,,,2,09/09/2024,338,13/08/2025,
6122,,,2,09/09/2024,339,14/08/2025,
6122,,,2,09/09/2024,340,15/08/2025,
6122,,,2,09/09/2024,341,16/08/2025,
6122,,,2,09/09/2024,342,17/08/2025,
6122,,,2,09/09/2024,343,18/08/2025,
6122,,,2,09/09/2024,344,19/08/2025,
6122,,,2,09/09/2024,345,20/08/2025,
6122,,,2,09/09/2024,346,21/08/2025,
6122,,,2,09/09/2024,347,22/08/2025,
6122,,,2,09/09/2024,348,23/08/2025,
6122,,,2,09/09/2024,349,24/08/2025,
6122,,,2,09/09/2024,350,25/08/2025,
6122,,,2,09/09/2024,351,26/08/2025,
6122,,,2,09/09/2024,352,27/08/2025,
6122,,,2,09/09/2024,353,28/08/2025,
6122,,,2,09/09/2024,354,29/08/2025,
6122,,,2,09/09/2024,355,30/08/2025,
6122,,,2,09/09/2024,356,31/08/2025,
6122,,,2,09/09/2024,357,01/09/2025,
6122,,,2,09/09/2024,358,02/09/2025,
6122,,,2,09/09/2024,359,03/09/2025,
6122,,,2,09/09/2024,360,04/09/2025,
6122,,,2,09/09/2024,361,05/09/2025,
6122,,,2,09/09/2024,362,06/09/2025,
6122,,,2,09/09/2024,363,07/09/2025,
6122,,,2,09/09/2024,364,08/09/2025,
6122,,,2,09/09/2024,365,09/09/2025,
6122,,,2,09/09/2024,366,10/09/2025,
6122,,,2,09/09/2024,367,11/09/2025,
6122,,,2,09/09/2024,368,12/09/2025,
6122,,,2,09/09/2024,369,13/09/2025,
6122,,,2,09/09/2024,370,14/09/2025,
6122,,,2,09/09/2024,371,15/09/2025,
6122,,,2,09/09/2024,372,16/09/2025,
6122,,,2,09/09/2024,373,17/09/2025,
6122,,,2,09/09/2024,374,18/09/2025,
6122,,,2,09/09/2024,375,19/09/2025,
6122,,,2,09/09/2024,376,20/09/2025,
6122,,,2,09/09/2024,377,21/09/2025,
6122,,,2,09/09/2024,378,22/09/2025,
6122,,,2,09/09/2024,379,23/09/2025,
6122,,,2,09/09/2024,380,24/09/2025,
6122,,,2,09/09/2024,381,25/09/2025,
2119,,,2,09/11/2024,230,27/06/2025,
2119,,,2,09/11/2024,231,28/06/2025,687
2119,,,2,09/11/2024,232,29/06/2025,522
2119,,,2,09/11/2024,233,30/06/2025,557
2119,,,2,09/11/2024,234,01/07/2025,604
2119,,,2,09/11/2024,235,02/07/2025,605
2119,,,2,09/11/2024,236,03/07/2025,583
2119,,,2,09/11/2024,237,04/07/2025,562
2119,,,2,09/11/2024,238,05/07/2025,549
2119,,,2,09/11/2024,239,06/07/2025,630
2119,,,2,09/11/2024,240,07/07/2025,550
2119,,,2,09/11/2024,241,08/07/2025,504
2119,,,2,09/11/2024,242,09/07/2025,570
2119,,,2,09/11/2024,243,10/07/2025,529
2119,,,2,09/11/2024,244,11/07/2025,456
2119,,,2,09/11/2024,245,12/07/2025,579
2119,,,2,09/11/2024,246,13/07/2025,383
2119,,,2,09/11/2024,247,14/07/2025,496
2119,,,2,09/11/2024,248,15/07/2025,604
2119,,,2,09/11/2024,249,16/07/2025,477
2119,,,2,09/11/2024,250,17/07/2025,572
2119,,,2,09/11/2024,251,18/07/2025,583
2119,,,2,09/11/2024,252,19/07/2025,469
2119,,,2,09/11/2024,253,20/07/2025,550
2119,,,2,09/11/2024,254,21/07/2025,552
2119,,,2,09/11/2024,255,22/07/2025,565
2119,,,2,09/11/2024,256,23/07/2025,509
2119,,,2,09/11/2024,257,24/07/2025,518
2119,,,2,09/11/2024,258,25/07/2025,603
2119,,,2,09/11/2024,259,26/07/2025,539
2119,,,2,09/11/2024,260,27/07/2025,507
2119,,,2,09/11/2024,261,28/07/2025,559
2119,,,2,09/11/2024,262,29/07/2025,591
2119,,,2,09/11/2024,263,30/07/2025,507
2119,,,2,09/11/2024,264,31/07/2025,312
2119,,,2,09/11/2024,265,01/08/2025,374
2119,,,2,09/11/2024,266,02/08/2025,554
2119,,,2,09/11/2024,267,03/08/2025,611
2119,,,2,09/11/2024,268,04/08/2025,456
2119,,,2,09/11/2024,269,05/08/2025,567
2119,,,2,09/11/2024,270,06/08/2025,499
2119,,,2,09/11/2024,271,07/08/2025,499
2119,,,2,09/11/2024,272,08/08/2025,547
2119,,,2,09/11/2024,273,09/08/2025,673
2119,,,2,09/11/2024,274,10/08/2025,496
2119,,,2,09/11/2024,275,11/08/2025,584
2119,,,2,09/11/2024,276,12/08/2025,510
2119,,,2,09/11/2024,277,13/08/2025,565
2119,,,2,09/11/2024,278,14/08/2025,574
2119,,,2,09/11/2024,279,15/08/2025,532
2119,,,2,09/11/2024,280,16/08/2025,635
2119,,,2,09/11/2024,281,17/08/2025,585
2119,,,2,09/11/2024,282,18/08/2025,548
2119,,,2,09/11/2024,283,19/08/2025,586
2119,,,2,09/11/2024,284,20/08/2025,539
2119,,,2,09/11/2024,285,21/08/2025,582
2119,,,2,09/11/2024,286,22/08/2025,639
2119,,,2,09/11/2024,287,23/08/2025,471
2119,,,2,09/11/2024,288,24/08/2025,571
2119,,,2,09/11/2024,289,25/08/2025,613
2119,,,2,09/11/2024,290,26/08/2025,514
2119,,,2,09/11/2024,291,27/08/2025,572
2119,,,2,09/11/2024,292,28/08/2025,460
2119,,,2,09/11/2024,293,29/08/2025,646
2119,,,2,09/11/2024,294,30/08/2025,574
2119,,,2,09/11/2024,295,31/08/2025,519
2119,,,2,09/11/2024,296,01/09/2025,631
2119,,,2,09/11/2024,297,02/09/2025,473
2119,,,2,09/11/2024,298,03/09/2025,669
2119,,,2,09/11/2024,299,04/09/2025,437
2119,,,2,09/11/2024,300,05/09/2025,508
2119,,,2,09/11/2024,301,06/09/2025,577
2119,,,2,09/11/2024,302,07/09/2025,557
2119,,,2,09/11/2024,303,08/09/2025,475
2119,,,2,09/11/2024,304,09/09/2025,578
2119,,,2,09/11/2024,305,10/09/2025,543
2119,,,2,09/11/2024,306,11/09/2025,612
2119,,,2,09/11/2024,307,12/09/2025,455
2119,,,2,09/11/2024,308,13/09/2025,518
2119,,,2,09/11/2024,309,14/09/2025,567
2119,,,2,09/11/2024,310,15/09/2025,500
2119,,,2,09/11/2024,311,16/09/2025,553
2119,,,2,09/11/2024,312,17/09/2025,263
2119,,,2,09/11/2024,313,18/09/2025,368
2119,,,2,09/11/2024,314,19/09/2025,419
2119,,,2,09/11/2024,315,20/09/2025,514
2119,,,2,09/11/2024,316,21/09/2025,532
2119,,,2,09/11/2024,317,22/09/2025,265
2119,,,2,09/11/2024,318,23/09/2025,0
2119,,,2,09/11/2024,319,24/09/2025,0
2119,,,2,09/11/2024,320,25/09/2025,
1242,,,100,15/09/2024,285,27/06/2025,
1242,,,100,15/09/2024,286,28/06/2025,653
1242,,,100,15/09/2024,287,29/06/2025,513
1242,,,100,15/09/2024,288,30/06/2025,642
1242,,,100,15/09/2024,289,01/07/2025,639
1242,,,100,15/09/2024,290,02/07/2025,666
1242,,,100,15/09/2024,291,03/07/2025,575
1242,,,100,15/09/2024,292,04/07/2025,605
1242,,,100,15/09/2024,293,05/07/2025,639
1242,,,100,15/09/2024,294,06/07/2025,594
1242,,,100,15/09/2024,295,07/07/2025,650
1242,,,100,15/09/2024,296,08/07/2025,652
1242,,,100,15/09/2024,297,09/07/2025,553
1242,,,100,15/09/2024,298,10/07/2025,619
1242,,,100,15/09/2024,299,11/07/2025,459
1242,,,100,15/09/2024,300,12/07/2025,623
1242,,,100,15/09/2024,301,13/07/2025,537
1242,,,100,15/09/2024,302,14/07/2025,571
1242,,,100,15/09/2024,303,15/07/2025,493
1242,,,100,15/09/2024,304,16/07/2025,632
1242,,,100,15/09/2024,305,17/07/2025,380
1242,,,100,15/09/2024,306,18/07/2025,628
1242,,,100,15/09/2024,307,19/07/2025,670
1242,,,100,15/09/2024,308,20/07/2025,471
1242,,,100,15/09/2024,309,21/07/2025,635
1242,,,100,15/09/2024,310,22/07/2025,668
1242,,,100,15/09/2024,311,23/07/2025,598
1242,,,100,15/09/2024,312,24/07/2025,617
1242,,,100,15/09/2024,313,25/07/2025,542
1242,,,100,15/09/2024,314,26/07/2025,564
1242,,,100,15/09/2024,315,27/07/2025,707
1242,,,100,15/09/2024,316,28/07/2025,651
1242,,,100,15/09/2024,317,29/07/2025,562
1242,,,100,15/09/2024,318,30/07/2025,653
1242,,,100,15/09/2024,319,31/07/2025,635
1242,,,100,15/09/2024,320,01/08/2025,471
1242,,,100,15/09/2024,321,02/08/2025,745
1242,,,100,15/09/2024,322,03/08/2025,582
1242,,,100,15/09/2024,323,04/08/2025,676
1242,,,100,15/09/2024,324,05/08/2025,485
1242,,,100,15/09/2024,325,06/08/2025,705
1242,,,100,15/09/2024,326,07/08/2025,555
1242,,,100,15/09/2024,327,08/08/2025,568
1242,,,100,15/09/2024,328,09/08/2025,550
1242,,,100,15/09/2024,329,10/08/2025,626
1242,,,100,15/09/2024,330,11/08/2025,685
1242,,,100,15/09/2024,331,12/08/2025,587
1242,,,100,15/09/2024,332,13/08/2025,633
1242,,,100,15/09/2024,333,14/08/2025,606
1242,,,100,15/09/2024,334,15/08/2025,464
1242,,,100,15/09/2024,335,16/08/2025,667
1242,,,100,15/09/2024,336,17/08/2025,620
1242,,,100,15/09/2024,337,18/08/2025,611
1242,,,100,15/09/2024,338,19/08/2025,599
1242,,,100,15/09/2024,339,20/08/2025,602
1242,,,100,15/09/2024,340,21/08/2025,603
1242,,,100,15/09/2024,341,22/08/2025,648
1242,,,100,15/09/2024,342,23/08/2025,490
1242,,,100,15/09/2024,343,24/08/2025,613
1242,,,100,15/09/2024,344,25/08/2025,521
1242,,,100,15/09/2024,345,26/08/2025,650
1242,,,100,15/09/2024,346,27/08/2025,499
1242,,,100,15/09/2024,347,28/08/2025,684
1242,,,100,15/09/2024,348,29/08/2025,624
1242,,,100,15/09/2024,349,30/08/2025,596
1242,,,100,15/09/2024,350,31/08/2025,591
1242,,,100,15/09/2024,351,01/09/2025,710
1242,,,100,15/09/2024,352,02/09/2025,513
1242,,,100,15/09/2024,353,03/09/2025,654
1242,,,100,15/09/2024,354,04/09/2025,593
1242,,,100,15/09/2024,355,05/09/2025,429
1242,,,100,15/09/2024,356,06/09/2025,255
1242,,,100,15/09/2024,357,07/09/2025,353
1242,,,100,15/09/2024,358,08/09/2025,328
1242,,,100,15/09/2024,359,09/09/2025,295
1242,,,100,15/09/2024,360,10/09/2025,486
1242,,,100,15/09/2024,361,11/09/2025,546
1242,,,100,15/09/2024,362,12/09/2025,503
1242,,,100,15/09/2024,363,13/09/2025,481
1242,,,100,15/09/2024,364,14/09/2025,366
1242,,,100,15/09/2024,365,15/09/2025,416
1242,,,100,15/09/2024,366,16/09/2025,395
1242,,,100,15/09/2024,367,17/09/2025,412
1242,,,100,15/09/2024,368,18/09/2025,502
1242,,,100,15/09/2024,369,19/09/2025,575
1242,,,100,15/09/2024,370,20/09/2025,602
1242,,,100,15/09/2024,371,21/09/2025,636
1242,,,100,15/09/2024,372,22/09/2025,282
1242,,,100,15/09/2024,373,23/09/2025,32
1242,,,100,15/09/2024,374,24/09/2025,0
1242,,,100,15/09/2024,375,25/09/2025,
8715,,,2,26/01/2025,152,27/06/2025,
8715,,,2,26/01/2025,153,28/06/2025,468
8715,,,2,26/01/2025,154,29/06/2025,412
8715,,,2,26/01/2025,155,30/06/2025,565
8715,,,2,26/01/2025,156,01/07/2025,486
8715,,,2,26/01/2025,157,02/07/2025,529
8715,,,2,26/01/2025,158,03/07/2025,539
8715,,,2,26/01/2025,159,04/07/2025,414
8715,,,2,26/01/2025,160,05/07/2025,540
8715,,,2,26/01/2025,161,06/07/2025,586
8715,,,2,26/01/2025,162,07/07/2025,493
8715,,,2,26/01/2025,163,08/07/2025,497
8715,,,2,26/01/2025,164,09/07/2025,482
8715,,,2,26/01/2025,165,10/07/2025,495
8715,,,2,26/01/2025,166,11/07/2025,411
8715,,,2,26/01/2025,167,12/07/2025,505
8715,,,2,26/01/2025,168,13/07/2025,446
8715,,,2,26/01/2025,169,14/07/2025,357
8715,,,2,26/01/2025,170,15/07/2025,389
8715,,,2,26/01/2025,171,16/07/2025,491
8715,,,2,26/01/2025,172,17/07/2025,557
8715,,,2,26/01/2025,173,18/07/2025,549
8715,,,2,26/01/2025,174,19/07/2025,530
8715,,,2,26/01/2025,175,20/07/2025,506
8715,,,2,26/01/2025,176,21/07/2025,512
8715,,,2,26/01/2025,177,22/07/2025,361
8715,,,2,26/01/2025,178,23/07/2025,311
8715,,,2,26/01/2025,179,24/07/2025,338
8715,,,2,26/01/2025,180,25/07/2025,528
8715,,,2,26/01/2025,181,26/07/2025,478
8715,,,2,26/01/2025,182,27/07/2025,483
8715,,,2,26/01/2025,183,28/07/2025,488
8715,,,2,26/01/2025,184,29/07/2025,528
8715,,,2,26/01/2025,185,30/07/2025,488
8715,,,2,26/01/2025,186,31/07/2025,533
8715,,,2,26/01/2025,187,01/08/2025,607
8715,,,2,26/01/2025,188,02/08/2025,402
8715,,,2,26/01/2025,189,03/08/2025,439
8715,,,2,26/01/2025,190,04/08/2025,467
8715,,,2,26/01/2025,191,05/08/2025,500
8715,,,2,26/01/2025,192,06/08/2025,475
8715,,,2,26/01/2025,193,07/08/2025,437
8715,,,2,26/01/2025,194,08/08/2025,475
8715,,,2,26/01/2025,195,09/08/2025,468
8715,,,2,26/01/2025,196,10/08/2025,452
8715,,,2,26/01/2025,197,11/08/2025,488
8715,,,2,26/01/2025,198,12/08/2025,525
8715,,,2,26/01/2025,199,13/08/2025,477
8715,,,2,26/01/2025,200,14/08/2025,573
8715,,,2,26/01/2025,201,15/08/2025,456
8715,,,2,26/01/2025,202,16/08/2025,527
8715,,,2,26/01/2025,203,17/08/2025,595
8715,,,2,26/01/2025,204,18/08/2025,581
8715,,,2,26/01/2025,205,19/08/2025,621
8715,,,2,26/01/2025,206,20/08/2025,344
8715,,,2,26/01/2025,207,21/08/2025,280
8715,,,2,26/01/2025,208,22/08/2025,496
8715,,,2,26/01/2025,209,23/08/2025,493
8715,,,2,26/01/2025,210,24/08/2025,426
8715,,,2,26/01/2025,211,25/08/2025,558
8715,,,2,26/01/2025,212,26/08/2025,491
8715,,,2,26/01/2025,213,27/08/2025,506
8715,,,2,26/01/2025,214,28/08/2025,569
8715,,,2,26/01/2025,215,29/08/2025,580
8715,,,2,26/01/2025,216,30/08/2025,574
8715,,,2,26/01/2025,217,31/08/2025,500
8715,,,2,26/01/2025,218,01/09/2025,548
8715,,,2,26/01/2025,219,02/09/2025,557
8715,,,2,26/01/2025,220,03/09/2025,519
8715,,,2,26/01/2025,221,04/09/2025,526
8715,,,2,26/01/2025,222,05/09/2025,592
8715,,,2,26/01/2025,223,06/09/2025,516
8715,,,2,26/01/2025,224,07/09/2025,598
8715,,,2,26/01/2025,225,08/09/2025,403
8715,,,2,26/01/2025,226,09/09/2025,625
8715,,,2,26/01/2025,227,10/09/2025,520
8715,,,2,26/01/2025,228,11/09/2025,544
8715,,,2,26/01/2025,229,12/09/2025,499
8715,,,2,26/01/2025,230,13/09/2025,423
8715,,,2,26/01/2025,231,14/09/2025,588
8715,,,2,26/01/2025,232,15/09/2025,354
8715,,,2,26/01/2025,233,16/09/2025,539
8715,,,2,26/01/2025,234,17/09/2025,408
8715,,,2,26/01/2025,235,18/09/2025,497
8715,,,2,26/01/2025,236,19/09/2025,520
8715,,,2,26/01/2025,237,20/09/2025,630
8715,,,2,26/01/2025,238,21/09/2025,435
8715,,,2,26/01/2025,239,22/09/2025,240
8715,,,2,26/01/2025,240,23/09/2025,0
8715,,,2,26/01/2025,241,24/09/2025,0
8715,,,2,26/01/2025,242,25/09/2025,
6164,,,2,30/10/2024,240,27/06/2025,
6164,,,2,30/10/2024,241,28/06/2025,643
6164,,,2,30/10/2024,242,29/06/2025,546
6164,,,2,30/10/2024,243,30/06/2025,558
6164,,,2,30/10/2024,244,01/07/2025,548
6164,,,2,30/10/2024,245,02/07/2025,566
6164,,,2,30/10/2024,246,03/07/2025,572
6164,,,2,30/10/2024,247,04/07/2025,617
6164,,,2,30/10/2024,248,05/07/2025,574
6164,,,2,30/10/2024,249,06/07/2025,612
6164,,,2,30/10/2024,250,07/07/2025,571
6164,,,2,30/10/2024,251,08/07/2025,624
6164,,,2,30/10/2024,252,09/07/2025,559
6164,,,2,30/10/2024,253,10/07/2025,489
6164,,,2,30/10/2024,254,11/07/2025,492
6164,,,2,30/10/2024,255,12/07/2025,556
6164,,,2,30/10/2024,256,13/07/2025,412
6164,,,2,30/10/2024,257,14/07/2025,483
6164,,,2,30/10/2024,258,15/07/2025,488
6164,,,2,30/10/2024,259,16/07/2025,533
6164,,,2,30/10/2024,260,17/07/2025,558
6164,,,2,30/10/2024,261,18/07/2025,516
6164,,,2,30/10/2024,262,19/07/2025,621
6164,,,2,30/10/2024,263,20/07/2025,392
6164,,,2,30/10/2024,264,21/07/2025,613
6164,,,2,30/10/2024,265,22/07/2025,539
6164,,,2,30/10/2024,266,23/07/2025,541
6164,,,2,30/10/2024,267,24/07/2025,566
6164,,,2,30/10/2024,268,25/07/2025,612
6164,,,2,30/10/2024,269,26/07/2025,552
6164,,,2,30/10/2024,270,27/07/2025,615
6164,,,2,30/10/2024,271,28/07/2025,523
6164,,,2,30/10/2024,272,29/07/2025,531
6164,,,2,30/10/2024,273,30/07/2025,507
6164,,,2,30/10/2024,274,31/07/2025,646
6164,,,2,30/10/2024,275,01/08/2025,553
6164,,,2,30/10/2024,276,02/08/2025,549
6164,,,2,30/10/2024,277,03/08/2025,613
6164,,,2,30/10/2024,278,04/08/2025,482
6164,,,2,30/10/2024,279,05/08/2025,570
6164,,,2,30/10/2024,280,06/08/2025,539
6164,,,2,30/10/2024,281,07/08/2025,515
6164,,,2,30/10/2024,282,08/08/2025,552
6164,,,2,30/10/2024,283,09/08/2025,544
6164,,,2,30/10/2024,284,10/08/2025,567
6164,,,2,30/10/2024,285,11/08/2025,495
6164,,,2,30/10/2024,286,12/08/2025,543
6164,,,2,30/10/2024,287,13/08/2025,571
6164,,,2,30/10/2024,288,14/08/2025,539
6164,,,2,30/10/2024,289,15/08/2025,556
6164,,,2,30/10/2024,290,16/08/2025,594
6164,,,2,30/10/2024,291,17/08/2025,608
6164,,,2,30/10/2024,292,18/08/2025,547
6164,,,2,30/10/2024,293,19/08/2025,609
6164,,,2,30/10/2024,294,20/08/2025,529
6164,,,2,30/10/2024,295,21/08/2025,578
6164,,,2,30/10/2024,296,22/08/2025,489
6164,,,2,30/10/2024,297,23/08/2025,596
6164,,,2,30/10/2024,298,24/08/2025,567
6164,,,2,30/10/2024,299,25/08/2025,523
6164,,,2,30/10/2024,300,26/08/2025,627
6164,,,2,30/10/2024,301,27/08/2025,567
6164,,,2,30/10/2024,302,28/08/2025,532
6164,,,2,30/10/2024,303,29/08/2025,611
6164,,,2,30/10/2024,304,30/08/2025,547
6164,,,2,30/10/2024,305,31/08/2025,503
6164,,,2,30/10/2024,306,01/09/2025,536
6164,,,2,30/10/2024,307,02/09/2025,379
6164,,,2,30/10/2024,308,03/09/2025,598
6164,,,2,30/10/2024,309,04/09/2025,604
6164,,,2,30/10/2024,310,05/09/2025,543
6164,,,2,30/10/2024,311,06/09/2025,571
6164,,,2,30/10/2024,312,07/09/2025,526
6164,,,2,30/10/2024,313,08/09/2025,500
6164,,,2,30/10/2024,314,09/09/2025,680
6164,,,2,30/10/2024,315,10/09/2025,546
6164,,,2,30/10/2024,316,11/09/2025,536
6164,,,2,30/10/2024,317,12/09/2025,528
6164,,,2,30/10/2024,318,13/09/2025,533
6164,,,2,30/10/2024,319,14/09/2025,563
6164,,,2,30/10/2024,320,15/09/2025,358
6164,,,2,30/10/2024,321,16/09/2025,331
6164,,,2,30/10/2024,322,17/09/2025,508
6164,,,2,30/10/2024,323,18/09/2025,471
6164,,,2,30/10/2024,324,19/09/2025,599
6164,,,2,30/10/2024,325,20/09/2025,518
6164,,,2,30/10/2024,326,21/09/2025,561
6164,,,2,30/10/2024,327,22/09/2025,194
6164,,,2,30/10/2024,328,23/09/2025,0
6164,,,2,30/10/2024,329,24/09/2025,19
6164,,,2,30/10/2024,330,25/09/2025,
2074,,,1,08/08/2024,323,27/06/2025,
2074,,,1,08/08/2024,324,28/06/2025,567
2074,,,1,08/08/2024,325,29/06/2025,525
2074,,,1,08/08/2024,326,30/06/2025,566
2074,,,1,08/08/2024,327,01/07/2025,511
2074,,,1,08/08/2024,328,02/07/2025,672
2074,,,1,08/08/2024,329,03/07/2025,563
2074,,,1,08/08/2024,330,04/07/2025,539
2074,,,1,08/08/2024,331,05/07/2025,545
2074,,,1,08/08/2024,332,06/07/2025,532
2074,,,1,08/08/2024,333,07/07/2025,527
2074,,,1,08/08/2024,334,08/07/2025,430
2074,,,1,08/08/2024,335,09/07/2025,617
2074,,,1,08/08/2024,336,10/07/2025,499
2074,,,1,08/08/2024,337,11/07/2025,461
2074,,,1,08/08/2024,338,12/07/2025,490
2074,,,1,08/08/2024,339,13/07/2025,507
2074,,,1,08/08/2024,340,14/07/2025,431
2074,,,1,08/08/2024,341,15/07/2025,571
2074,,,1,08/08/2024,342,16/07/2025,371
2074,,,1,08/08/2024,343,17/07/2025,540
2074,,,1,08/08/2024,344,18/07/2025,457
2074,,,1,08/08/2024,345,19/07/2025,626
2074,,,1,08/08/2024,346,20/07/2025,612
2074,,,1,08/08/2024,347,21/07/2025,492
2074,,,1,08/08/2024,348,22/07/2025,469
2074,,,1,08/08/2024,349,23/07/2025,430
2074,,,1,08/08/2024,350,24/07/2025,595
2074,,,1,08/08/2024,351,25/07/2025,440
2074,,,1,08/08/2024,352,26/07/2025,381
2074,,,1,08/08/2024,353,27/07/2025,538
2074,,,1,08/08/2024,354,28/07/2025,420
2074,,,1,08/08/2024,355,29/07/2025,489
2074,,,1,08/08/2024,356,30/07/2025,440
2074,,,1,08/08/2024,357,31/07/2025,492
2074,,,1,08/08/2024,358,01/08/2025,443
2074,,,1,08/08/2024,359,02/08/2025,466
2074,,,1,08/08/2024,360,03/08/2025,448
2074,,,1,08/08/2024,361,04/08/2025,440
2074,,,1,08/08/2024,362,05/08/2025,610
2074,,,1,08/08/2024,363,06/08/2025,380
2074,,,1,08/08/2024,364,07/08/2025,507
2074,,,1,08/08/2024,365,08/08/2025,476
2074,,,1,08/08/2024,366,09/08/2025,450
2074,,,1,08/08/2024,367,10/08/2025,466
2074,,,1,08/08/2024,368,11/08/2025,591
2074,,,1,08/08/2024,369,12/08/2025,595
2074,,,1,08/08/2024,370,13/08/2025,437
2074,,,1,08/08/2024,371,14/08/2025,421
2074,,,1,08/08/2024,372,15/08/2025,638
2074,,,1,08/08/2024,373,16/08/2025,555
2074,,,1,08/08/2024,374,17/08/2025,544
2074,,,1,08/08/2024,375,18/08/2025,448
2074,,,1,08/08/2024,376,19/08/2025,346
2074,,,1,08/08/2024,377,20/08/2025,614
2074,,,1,08/08/2024,378,21/08/2025,546
2074,,,1,08/08/2024,379,22/08/2025,279
2074,,,1,08/08/2024,380,23/08/2025,632
2074,,,1,08/08/2024,381,24/08/2025,562
2074,,,1,08/08/2024,382,25/08/2025,533
2074,,,1,08/08/2024,383,26/08/2025,590
2074,,,1,08/08/2024,384,27/08/2025,512
2074,,,1,08/08/2024,385,28/08/2025,558
2074,,,1,08/08/2024,386,29/08/2025,465
2074,,,1,08/08/2024,387,30/08/2025,581
2074,,,1,08/08/2024,388,31/08/2025,473
2074,,,1,08/08/2024,389,01/09/2025,503
2074,,,1,08/08/2024,390,02/09/2025,411
2074,,,1,08/08/2024,391,03/09/2025,597
2074,,,1,08/08/2024,392,04/09/2025,429
2074,,,1,08/08/2024,393,05/09/2025,600
2074,,,1,08/08/2024,394,06/09/2025,40
2074,,,1,08/08/2024,395,07/09/2025,0
2074,,,1,08/08/2024,396,08/09/2025,0
2074,,,1,08/08/2024,397,09/09/2025,13
2074,,,1,08/08/2024,398,10/09/2025,0
2074,,,1,08/08/2024,399,11/09/2025,0
2074,,,1,08/08/2024,400,12/09/2025,0
2074,,,1,08/08/2024,401,13/09/2025,0
2074,,,1,08/08/2024,402,14/09/2025,0
2074,,,1,08/08/2024,403,15/09/2025,0
2074,,,1,08/08/2024,404,16/09/2025,0
2074,,,1,08/08/2024,405,17/09/2025,0
2074,,,1,08/08/2024,406,18/09/2025,0
2074,,,1,08/08/2024,407,19/09/2025,0
2074,,,1,08/08/2024,408,20/09/2025,0
2074,,,1,08/08/2024,409,21/09/2025,0
2074,,,1,08/08/2024,410,22/09/2025,0
2074,,,1,08/08/2024,411,23/09/2025,0
2074,,,1,08/08/2024,412,24/09/2025,0
2074,,,1,08/08/2024,413,25/09/2025,
6054,,,100,14/07/2024,348,27/06/2025,
6054,,,100,14/07/2024,349,28/06/2025,596
6054,,,100,14/07/2024,350,29/06/2025,513
6054,,,100,14/07/2024,351,30/06/2025,616
6054,,,100,14/07/2024,352,01/07/2025,441
6054,,,100,14/07/2024,353,02/07/2025,543
6054,,,100,14/07/2024,354,03/07/2025,544
6054,,,100,14/07/2024,355,04/07/2025,559
6054,,,100,14/07/2024,356,05/07/2025,587
6054,,,100,14/07/2024,357,06/07/2025,543
6054,,,100,14/07/2024,358,07/07/2025,560
6054,,,100,14/07/2024,359,08/07/2025,552
6054,,,100,14/07/2024,360,09/07/2025,509
6054,,,100,14/07/2024,361,10/07/2025,494
6054,,,100,14/07/2024,362,11/07/2025,486
6054,,,100,14/07/2024,363,12/07/2025,589
6054,,,100,14/07/2024,364,13/07/2025,449
6054,,,100,14/07/2024,365,14/07/2025,477
6054,,,100,14/07/2024,366,15/07/2025,472
6054,,,100,14/07/2024,367,16/07/2025,446
6054,,,100,14/07/2024,368,17/07/2025,568
6054,,,100,14/07/2024,369,18/07/2025,579
6054,,,100,14/07/2024,370,19/07/2025,537
6054,,,100,14/07/2024,371,20/07/2025,441
6054,,,100,14/07/2024,372,21/07/2025,552
6054,,,100,14/07/2024,373,22/07/2025,465
6054,,,100,14/07/2024,374,23/07/2025,454
6054,,,100,14/07/2024,375,24/07/2025,530
6054,,,100,14/07/2024,376,25/07/2025,583
6054,,,100,14/07/2024,377,26/07/2025,454
6054,,,100,14/07/2024,378,27/07/2025,617
6054,,,100,14/07/2024,379,28/07/2025,493
6054,,,100,14/07/2024,380,29/07/2025,561
6054,,,100,14/07/2024,381,30/07/2025,464
6054,,,100,14/07/2024,382,31/07/2025,500
6054,,,100,14/07/2024,383,01/08/2025,458
6054,,,100,14/07/2024,384,02/08/2025,580
6054,,,100,14/07/2024,385,03/08/2025,651
6054,,,100,14/07/2024,386,04/08/2025,435
6054,,,100,14/07/2024,387,05/08/2025,449
6054,,,100,14/07/2024,388,06/08/2025,540
6054,,,100,14/07/2024,389,07/08/2025,507
6054,,,100,14/07/2024,390,08/08/2025,495
6054,,,100,14/07/2024,391,09/08/2025,468
6054,,,100,14/07/2024,392,10/08/2025,542
6054,,,100,14/07/2024,393,11/08/2025,621
6054,,,100,14/07/2024,394,12/08/2025,491
6054,,,100,14/07/2024,395,13/08/2025,443
6054,,,100,14/07/2024,396,14/08/2025,625
6054,,,100,14/07/2024,397,15/08/2025,590
6054,,,100,14/07/2024,398,16/08/2025,533
6054,,,100,14/07/2024,399,17/08/2025,532
6054,,,100,14/07/2024,400,18/08/2025,483
6054,,,100,14/07/2024,401,19/08/2025,632
6054,,,100,14/07/2024,402,20/08/2025,539
6054,,,100,14/07/2024,403,21/08/2025,438
6054,,,100,14/07/2024,404,22/08/2025,392
6054,,,100,14/07/2024,405,23/08/2025,570
6054,,,100,14/07/2024,406,24/08/2025,465
6054,,,100,14/07/2024,407,25/08/2025,393
6054,,,100,14/07/2024,408,26/08/2025,467
6054,,,100,14/07/2024,409,27/08/2025,374
6054,,,100,14/07/2024,410,28/08/2025,404
6054,,,100,14/07/2024,411,29/08/2025,470
6054,,,100,14/07/2024,412,30/08/2025,427
6054,,,100,14/07/2024,413,31/08/2025,386
6054,,,100,14/07/2024,414,01/09/2025,410
6054,,,100,14/07/2024,415,02/09/2025,340
6054,,,100,14/07/2024,416,03/09/2025,416
6054,,,100,14/07/2024,417,04/09/2025,452
6054,,,100,14/07/2024,418,05/09/2025,588
6054,,,100,14/07/2024,419,06/09/2025,508
6054,,,100,14/07/2024,420,07/09/2025,459
6054,,,100,14/07/2024,421,08/09/2025,521
6054,,,100,14/07/2024,422,09/09/2025,466
6054,,,100,14/07/2024,423,10/09/2025,597
6054,,,100,14/07/2024,424,11/09/2025,466
6054,,,100,14/07/2024,425,12/09/2025,471
6054,,,100,14/07/2024,426,13/09/2025,497
6054,,,100,14/07/2024,427,14/09/2025,570
6054,,,100,14/07/2024,428,15/09/2025,363
6054,,,100,14/07/2024,429,16/09/2025,317
6054,,,100,14/07/2024,430,17/09/2025,348
6054,,,100,14/07/2024,431,18/09/2025,513
6054,,,100,14/07/2024,432,19/09/2025,526
6054,,,100,14/07/2024,433,20/09/2025,520
6054,,,100,14/07/2024,434,21/09/2025,553
6054,,,100,14/07/2024,435,22/09/2025,321
6054,,,100,14/07/2024,436,23/09/2025,0
6054,,,100,14/07/2024,437,24/09/2025,0
6054,,,100,14/07/2024,438,25/09/2025,
5767,,,3,13/09/2024,287,27/06/2025,
5767,,,3,13/09/2024,288,28/06/2025,462
5767,,,3,13/09/2024,289,29/06/2025,598
5767,,,3,13/09/2024,290,30/06/2025,585
5767,,,3,13/09/2024,291,01/07/2025,563
5767,,,3,13/09/2024,292,02/07/2025,492
5767,,,3,13/09/2024,293,03/07/2025,632
5767,,,3,13/09/2024,294,04/07/2025,451
5767,,,3,13/09/2024,295,05/07/2025,609
5767,,,3,13/09/2024,296,06/07/2025,530
5767,,,3,13/09/2024,297,07/07/2025,561
5767,,,3,13/09/2024,298,08/07/2025,464
5767,,,3,13/09/2024,299,09/07/2025,411
5767,,,3,13/09/2024,300,10/07/2025,444
5767,,,3,13/09/2024,301,11/07/2025,423
5767,,,3,13/09/2024,302,12/07/2025,461
5767,,,3,13/09/2024,303,13/07/2025,493
5767,,,3,13/09/2024,304,14/07/2025,420
5767,,,3,13/09/2024,305,15/07/2025,457
5767,,,3,13/09/2024,306,16/07/2025,596
5767,,,3,13/09/2024,307,17/07/2025,410
5767,,,3,13/09/2024,308,18/07/2025,488
5767,,,3,13/09/2024,309,19/07/2025,432
5767,,,3,13/09/2024,310,20/07/2025,500
5767,,,3,13/09/2024,311,21/07/2025,540
5767,,,3,13/09/2024,312,22/07/2025,361
5767,,,3,13/09/2024,313,23/07/2025,454
5767,,,3,13/09/2024,314,24/07/2025,440
5767,,,3,13/09/2024,315,25/07/2025,392
5767,,,3,13/09/2024,316,26/07/2025,273
5767,,,3,13/09/2024,317,27/07/2025,395
5767,,,3,13/09/2024,318,28/07/2025,338
5767,,,3,13/09/2024,319,29/07/2025,357
5767,,,3,13/09/2024,320,30/07/2025,561
5767,,,3,13/09/2024,321,31/07/2025,367
5767,,,3,13/09/2024,322,01/08/2025,438
5767,,,3,13/09/2024,323,02/08/2025,485
5767,,,3,13/09/2024,324,03/08/2025,492
5767,,,3,13/09/2024,325,04/08/2025,398
5767,,,3,13/09/2024,326,05/08/2025,463
5767,,,3,13/09/2024,327,06/08/2025,397
5767,,,3,13/09/2024,328,07/08/2025,420
5767,,,3,13/09/2024,329,08/08/2025,463
5767,,,3,13/09/2024,330,09/08/2025,439
5767,,,3,13/09/2024,331,10/08/2025,421
5767,,,3,13/09/2024,332,11/08/2025,572
5767,,,3,13/09/2024,333,12/08/2025,511
5767,,,3,13/09/2024,334,13/08/2025,524
5767,,,3,13/09/2024,335,14/08/2025,541
5767,,,3,13/09/2024,336,15/08/2025,412
5767,,,3,13/09/2024,337,16/08/2025,448
5767,,,3,13/09/2024,338,17/08/2025,506
5767,,,3,13/09/2024,339,18/08/2025,501
5767,,,3,13/09/2024,340,19/08/2025,456
5767,,,3,13/09/2024,341,20/08/2025,413
5767,,,3,13/09/2024,342,21/08/2025,375
5767,,,3,13/09/2024,343,22/08/2025,516
5767,,,3,13/09/2024,344,23/08/2025,459
5767,,,3,13/09/2024,345,24/08/2025,432
5767,,,3,13/09/2024,346,25/08/2025,413
5767,,,3,13/09/2024,347,26/08/2025,355
5767,,,3,13/09/2024,348,27/08/2025,506
5767,,,3,13/09/2024,349,28/08/2025,529
5767,,,3,13/09/2024,350,29/08/2025,448
5767,,,3,13/09/2024,351,30/08/2025,344
5767,,,3,13/09/2024,352,31/08/2025,470
5767,,,3,13/09/2024,353,01/09/2025,455
5767,,,3,13/09/2024,354,02/09/2025,460
5767,,,3,13/09/2024,355,03/09/2025,514
5767,,,3,13/09/2024,356,04/09/2025,497
5767,,,3,13/09/2024,357,05/09/2025,490
5767,,,3,13/09/2024,358,06/09/2025,462
5767,,,3,13/09/2024,359,07/09/2025,551
5767,,,3,13/09/2024,360,08/09/2025,314
5767,,,3,13/09/2024,361,09/09/2025,474
5767,,,3,13/09/2024,362,10/09/2025,521
5767,,,3,13/09/2024,363,11/09/2025,578
5767,,,3,13/09/2024,364,12/09/2025,559
5767,,,3,13/09/2024,365,13/09/2025,400
5767,,,3,13/09/2024,366,14/09/2025,575
5767,,,3,13/09/2024,367,15/09/2025,404
5767,,,3,13/09/2024,368,16/09/2025,654
5767,,,3,13/09/2024,369,17/09/2025,518
5767,,,3,13/09/2024,370,18/09/2025,540
5767,,,3,13/09/2024,371,19/09/2025,449
5767,,,3,13/09/2024,372,20/09/2025,536
5767,,,3,13/09/2024,373,21/09/2025,412
5767,,,3,13/09/2024,374,22/09/2025,312
5767,,,3,13/09/2024,375,23/09/2025,0
5767,,,3,13/09/2024,376,24/09/2025,0
5767,,,3,13/09/2024,377,25/09/2025,
1619,,,2,20/07/2025,,27/06/2025,
1619,,,2,20/07/2025,,28/06/2025,
1619,,,2,20/07/2025,,29/06/2025,
1619,,,2,20/07/2025,,30/06/2025,
1619,,,2,20/07/2025,,01/07/2025,
1619,,,2,20/07/2025,,02/07/2025,
1619,,,2,20/07/2025,,03/07/2025,
1619,,,2,20/07/2025,,04/07/2025,
1619,,,2,20/07/2025,,05/07/2025,
1619,,,2,20/07/2025,,06/07/2025,
1619,,,2,20/07/2025,,07/07/2025,236
1619,,,2,20/07/2025,,08/07/2025,351
1619,,,2,20/07/2025,,09/07/2025,397
1619,,,2,20/07/2025,,10/07/2025,392
1619,,,2,20/07/2025,,11/07/2025,333
1619,,,2,20/07/2025,,12/07/2025,485
1619,,,2,20/07/2025,,13/07/2025,447
1619,,,2,20/07/2025,,14/07/2025,314
1619,,,2,20/07/2025,,15/07/2025,367
1619,,,2,20/07/2025,,16/07/2025,248
1619,,,2,20/07/2025,,17/07/2025,330
1619,,,2,20/07/2025,,18/07/2025,360
1619,,,2,20/07/2025,,19/07/2025,363
1619,,,2,20/07/2025,,20/07/2025,220
1619,,,2,20/07/2025,1,21/07/2025,427
1619,,,2,20/07/2025,2,22/07/2025,392
1619,,,2,20/07/2025,3,23/07/2025,461
1619,,,2,20/07/2025,4,24/07/2025,571
1619,,,2,20/07/2025,5,25/07/2025,277
1619,,,2,20/07/2025,6,26/07/2025,424
1619,,,2,20/07/2025,7,27/07/2025,362
1619,,,2,20/07/2025,8,28/07/2025,400
1619,,,2,20/07/2025,9,29/07/2025,446
1619,,,2,20/07/2025,10,30/07/2025,472
1619,,,2,20/07/2025,11,31/07/2025,546
1619,,,2,20/07/2025,12,01/08/2025,437
1619,,,2,20/07/2025,13,02/08/2025,425
1619,,,2,20/07/2025,14,03/08/2025,455
1619,,,2,20/07/2025,15,04/08/2025,475
1619,,,2,20/07/2025,16,05/08/2025,275
1619,,,2,20/07/2025,17,06/08/2025,333
1619,,,2,20/07/2025,18,07/08/2025,458
1619,,,2,20/07/2025,19,08/08/2025,383
1619,,,2,20/07/2025,20,09/08/2025,524
1619,,,2,20/07/2025,21,10/08/2025,462
1619,,,2,20/07/2025,22,11/08/2025,423
1619,,,2,20/07/2025,23,12/08/2025,508
1619,,,2,20/07/2025,24,13/08/2025,566
1619,,,2,20/07/2025,25,14/08/2025,539
1619,,,2,20/07/2025,26,15/08/2025,479
1619,,,2,20/07/2025,27,16/08/2025,519
1619,,,2,20/07/2025,28,17/08/2025,492
1619,,,2,20/07/2025,29,18/08/2025,500
1619,,,2,20/07/2025,30,19/08/2025,518
1619,,,2,20/07/2025,31,20/08/2025,450
1619,,,2,20/07/2025,32,21/08/2025,397
1619,,,2,20/07/2025,33,22/08/2025,573
1619,,,2,20/07/2025,34,23/08/2025,488
1619,,,2,20/07/2025,35,24/08/2025,330
1619,,,2,20/07/2025,36,25/08/2025,405
1619,,,2,20/07/2025,37,26/08/2025,505
1619,,,2,20/07/2025,38,27/08/2025,505
1619,,,2,20/07/2025,39,28/08/2025,462
1619,,,2,20/07/2025,40,29/08/2025,471
1619,,,2,20/07/2025,41,30/08/2025,543
1619,,,2,20/07/2025,42,31/08/2025,412
1619,,,2,20/07/2025,43,01/09/2025,682
1619,,,2,20/07/2025,44,02/09/2025,480
1619,,,2,20/07/2025,45,03/09/2025,527
1619,,,2,20/07/2025,46,04/09/2025,603
1619,,,2,20/07/2025,47,05/09/2025,388
1619,,,2,20/07/2025,48,06/09/2025,602
1619,,,2,20/07/2025,49,07/09/2025,474
1619,,,2,20/07/2025,50,08/09/2025,523
1619,,,2,20/07/2025,51,09/09/2025,492
1619,,,2,20/07/2025,52,10/09/2025,547
1619,,,2,20/07/2025,53,11/09/2025,626
1619,,,2,20/07/2025,54,12/09/2025,459
1619,,,2,20/07/2025,55,13/09/2025,527
1619,,,2,20/07/2025,56,14/09/2025,584
1619,,,2,20/07/2025,57,15/09/2025,540
1619,,,2,20/07/2025,58,16/09/2025,547
1619,,,2,20/07/2025,59,17/09/2025,534
1619,,,2,20/07/2025,60,18/09/2025,378
1619,,,2,20/07/2025,61,19/09/2025,360
1619,,,2,20/07/2025,62,20/09/2025,649
1619,,,2,20/07/2025,63,21/09/2025,540
1619,,,2,20/07/2025,64,22/09/2025,234
1619,,,2,20/07/2025,65,23/09/2025,0
1619,,,2,20/07/2025,66,24/09/2025,0
1619,,,2,20/07/2025,67,25/09/2025,
1617,,,2,25/07/2025,,27/06/2025,
1617,,,2,25/07/2025,,28/06/2025,
1617,,,2,25/07/2025,,29/06/2025,
1617,,,2,25/07/2025,,30/06/2025,
1617,,,2,25/07/2025,,01/07/2025,
1617,,,2,25/07/2025,,02/07/2025,
1617,,,2,25/07/2025,,03/07/2025,
1617,,,2,25/07/2025,,04/07/2025,
1617,,,2,25/07/2025,,05/07/2025,
1617,,,2,25/07/2025,,06/07/2025,
1617,,,2,25/07/2025,,07/07/2025,319
1617,,,2,25/07/2025,,08/07/2025,517
1617,,,2,25/07/2025,,09/07/2025,537
1617,,,2,25/07/2025,,10/07/2025,471
1617,,,2,25/07/2025,,11/07/2025,586
1617,,,2,25/07/2025,,12/07/2025,514
1617,,,2,25/07/2025,,13/07/2025,502
1617,,,2,25/07/2025,,14/07/2025,389
1617,,,2,25/07/2025,,15/07/2025,457
1617,,,2,25/07/2025,,16/07/2025,424
1617,,,2,25/07/2025,,17/07/2025,538
1617,,,2,25/07/2025,,18/07/2025,522
1617,,,2,25/07/2025,,19/07/2025,537
1617,,,2,25/07/2025,,20/07/2025,430
1617,,,2,25/07/2025,,21/07/2025,502
1617,,,2,25/07/2025,,22/07/2025,467
1617,,,2,25/07/2025,,23/07/2025,381
1617,,,2,25/07/2025,,24/07/2025,364
1617,,,2,25/07/2025,,25/07/2025,421
1617,,,2,25/07/2025,1,26/07/2025,372
1617,,,2,25/07/2025,2,27/07/2025,335
1617,,,2,25/07/2025,3,28/07/2025,329
1617,,,2,25/07/2025,4,29/07/2025,329
1617,,,2,25/07/2025,5,30/07/2025,421
1617,,,2,25/07/2025,6,31/07/2025,458
1617,,,2,25/07/2025,7,01/08/2025,488
1617,,,2,25/07/2025,8,02/08/2025,585
1617,,,2,25/07/2025,9,03/08/2025,382
1617,,,2,25/07/2025,10,04/08/2025,459
1617,,,2,25/07/2025,11,05/08/2025,544
1617,,,2,25/07/2025,12,06/08/2025,433
1617,,,2,25/07/2025,13,07/08/2025,516
1617,,,2,25/07/2025,14,08/08/2025,600
1617,,,2,25/07/2025,15,09/08/2025,614
1617,,,2,25/07/2025,16,10/08/2025,506
1617,,,2,25/07/2025,17,11/08/2025,573
1617,,,2,25/07/2025,18,12/08/2025,642
1617,,,2,25/07/2025,19,13/08/2025,622
1617,,,2,25/07/2025,20,14/08/2025,434
1617,,,2,25/07/2025,21,15/08/2025,545
1617,,,2,25/07/2025,22,16/08/2025,617
1617,,,2,25/07/2025,23,17/08/2025,587
1617,,,2,25/07/2025,24,18/08/2025,510
1617,,,2,25/07/2025,25,19/08/2025,614
1617,,,2,25/07/2025,26,20/08/2025,493
1617,,,2,25/07/2025,27,21/08/2025,490
1617,,,2,25/07/2025,28,22/08/2025,628
1617,,,2,25/07/2025,29,23/08/2025,599
1617,,,2,25/07/2025,30,24/08/2025,464
1617,,,2,25/07/2025,31,25/08/2025,502
1617,,,2,25/07/2025,32,26/08/2025,699
1617,,,2,25/07/2025,33,27/08/2025,507
1617,,,2,25/07/2025,34,28/08/2025,600
1617,,,2,25/07/2025,35,29/08/2025,593
1617,,,2,25/07/2025,36,30/08/2025,598
1617,,,2,25/07/2025,37,31/08/2025,596
1617,,,2,25/07/2025,38,01/09/2025,644
1617,,,2,25/07/2025,39,02/09/2025,605
1617,,,2,25/07/2025,40,03/09/2025,619
1617,,,2,25/07/2025,41,04/09/2025,627
1617,,,2,25/07/2025,42,05/09/2025,568
1617,,,2,25/07/2025,43,06/09/2025,613
1617,,,2,25/07/2025,44,07/09/2025,600
1617,,,2,25/07/2025,45,08/09/2025,431
1617,,,2,25/07/2025,46,09/09/2025,666
1617,,,2,25/07/2025,47,10/09/2025,578
1617,,,2,25/07/2025,48,11/09/2025,342
1617,,,2,25/07/2025,49,12/09/2025,549
1617,,,2,25/07/2025,50,13/09/2025,597
1617,,,2,25/07/2025,51,14/09/2025,525
1617,,,2,25/07/2025,52,15/09/2025,539
1617,,,2,25/07/2025,53,16/09/2025,535
1617,,,2,25/07/2025,54,17/09/2025,493
1617,,,2,25/07/2025,55,18/09/2025,541
1617,,,2,25/07/2025,56,19/09/2025,525
1617,,,2,25/07/2025,57,20/09/2025,371
1617,,,2,25/07/2025,58,21/09/2025,506
1617,,,2,25/07/2025,59,22/09/2025,178
1617,,,2,25/07/2025,60,23/09/2025,0
1617,,,2,25/07/2025,61,24/09/2025,0
1617,,,2,25/07/2025,62,25/09/2025,
6050,,,2,24/07/2025,,27/06/2025,
6050,,,2,24/07/2025,,28/06/2025,
6050,,,2,24/07/2025,,29/06/2025,
6050,,,2,24/07/2025,,30/06/2025,
6050,,,2,24/07/2025,,01/07/2025,
6050,,,2,24/07/2025,,02/07/2025,
6050,,,2,24/07/2025,,03/07/2025,
6050,,,2,24/07/2025,,04/07/2025,
6050,,,2,24/07/2025,,05/07/2025,
6050,,,2,24/07/2025,,06/07/2025,
6050,,,2,24/07/2025,,07/07/2025,279
6050,,,2,24/07/2025,,08/07/2025,499
6050,,,2,24/07/2025,,09/07/2025,510
6050,,,2,24/07/2025,,10/07/2025,466
6050,,,2,24/07/2025,,11/07/2025,546
6050,,,2,24/07/2025,,12/07/2025,575
6050,,,2,24/07/2025,,13/07/2025,612
6050,,,2,24/07/2025,,14/07/2025,377
6050,,,2,24/07/2025,,15/07/2025,578
6050,,,2,24/07/2025,,16/07/2025,462
6050,,,2,24/07/2025,,17/07/2025,486
6050,,,2,24/07/2025,,18/07/2025,506
6050,,,2,24/07/2025,,19/07/2025,483
6050,,,2,24/07/2025,,20/07/2025,475
6050,,,2,24/07/2025,,21/07/2025,525
6050,,,2,24/07/2025,,22/07/2025,450
6050,,,2,24/07/2025,,23/07/2025,475
6050,,,2,24/07/2025,,24/07/2025,328
6050,,,2,24/07/2025,1,25/07/2025,270
6050,,,2,24/07/2025,2,26/07/2025,324
6050,,,2,24/07/2025,3,27/07/2025,512
6050,,,2,24/07/2025,4,28/07/2025,327
6050,,,2,24/07/2025,5,29/07/2025,398
6050,,,2,24/07/2025,6,30/07/2025,430
6050,,,2,24/07/2025,7,31/07/2025,476
6050,,,2,24/07/2025,8,01/08/2025,522
6050,,,2,24/07/2025,9,02/08/2025,489
6050,,,2,24/07/2025,10,03/08/2025,536
6050,,,2,24/07/2025,11,04/08/2025,509
6050,,,2,24/07/2025,12,05/08/2025,574
6050,,,2,24/07/2025,13,06/08/2025,458
6050,,,2,24/07/2025,14,07/08/2025,525
6050,,,2,24/07/2025,15,08/08/2025,532
6050,,,2,24/07/2025,16,09/08/2025,596
6050,,,2,24/07/2025,17,10/08/2025,582
6050,,,2,24/07/2025,18,11/08/2025,631
6050,,,2,24/07/2025,19,12/08/2025,502
6050,,,2,24/07/2025,20,13/08/2025,626
6050,,,2,24/07/2025,21,14/08/2025,544
6050,,,2,24/07/2025,22,15/08/2025,451
6050,,,2,24/07/2025,23,16/08/2025,682
6050,,,2,24/07/2025,24,17/08/2025,571
6050,,,2,24/07/2025,25,18/08/2025,630
6050,,,2,24/07/2025,26,19/08/2025,637
6050,,,2,24/07/2025,27,20/08/2025,494
6050,,,2,24/07/2025,28,21/08/2025,433
6050,,,2,24/07/2025,29,22/08/2025,634
6050,,,2,24/07/2025,30,23/08/2025,567
6050,,,2,24/07/2025,31,24/08/2025,550
6050,,,2,24/07/2025,32,25/08/2025,582
6050,,,2,24/07/2025,33,26/08/2025,560
6050,,,2,24/07/2025,34,27/08/2025,587
6050,,,2,24/07/2025,35,28/08/2025,518
6050,,,2,24/07/2025,36,29/08/2025,625
6050,,,2,24/07/2025,37,30/08/2025,509
6050,,,2,24/07/2025,38,31/08/2025,547
6050,,,2,24/07/2025,39,01/09/2025,647
6050,,,2,24/07/2025,40,02/09/2025,602
6050,,,2,24/07/2025,41,03/09/2025,503
6050,,,2,24/07/2025,42,04/09/2025,578
6050,,,2,24/07/2025,43,05/09/2025,545
6050,,,2,24/07/2025,44,06/09/2025,590
6050,,,2,24/07/2025,45,07/09/2025,590
6050,,,2,24/07/2025,46,08/09/2025,477
6050,,,2,24/07/2025,47,09/09/2025,540
6050,,,2,24/07/2025,48,10/09/2025,712
6050,,,2,24/07/2025,49,11/09/2025,482
6050,,,2,24/07/2025,50,12/09/2025,591
6050,,,2,24/07/2025,51,13/09/2025,649
6050,,,2,24/07/2025,52,14/09/2025,588
6050,,,2,24/07/2025,53,15/09/2025,500
6050,,,2,24/07/2025,54,16/09/2025,567
6050,,,2,24/07/2025,55,17/09/2025,540
6050,,,2,24/07/2025,56,18/09/2025,536
6050,,,2,24/07/2025,57,19/09/2025,637
6050,,,2,24/07/2025,58,20/09/2025,625
6050,,,2,24/07/2025,59,21/09/2025,599
6050,,,2,24/07/2025,60,22/09/2025,289
6050,,,2,24/07/2025,61,23/09/2025,0
6050,,,2,24/07/2025,62,24/09/2025,0
6050,,,2,24/07/2025,63,25/09/2025,
1228,,,3,27/07/2024,335,27/06/2025,
1228,,,3,27/07/2024,336,28/06/2025,594
1228,,,3,27/07/2024,337,29/06/2025,583
1228,,,3,27/07/2024,338,30/06/2025,574
1228,,,3,27/07/2024,339,01/07/2025,592
1228,,,3,27/07/2024,340,02/07/2025,551
1228,,,3,27/07/2024,341,03/07/2025,651
1228,,,3,27/07/2024,342,04/07/2025,534
1228,,,3,27/07/2024,343,05/07/2025,648
1228,,,3,27/07/2024,344,06/07/2025,625
1228,,,3,27/07/2024,345,07/07/2025,569
1228,,,3,27/07/2024,346,08/07/2025,607
1228,,,3,27/07/2024,347,09/07/2025,505
1228,,,3,27/07/2024,348,10/07/2025,493
1228,,,3,27/07/2024,349,11/07/2025,551
1228,,,3,27/07/2024,350,12/07/2025,527
1228,,,3,27/07/2024,351,13/07/2025,577
1228,,,3,27/07/2024,352,14/07/2025,449
1228,,,3,27/07/2024,353,15/07/2025,579
1228,,,3,27/07/2024,354,16/07/2025,602
1228,,,3,27/07/2024,355,17/07/2025,522
1228,,,3,27/07/2024,356,18/07/2025,595
1228,,,3,27/07/2024,357,19/07/2025,582
1228,,,3,27/07/2024,358,20/07/2025,561
1228,,,3,27/07/2024,359,21/07/2025,526
1228,,,3,27/07/2024,360,22/07/2025,617
1228,,,3,27/07/2024,361,23/07/2025,534
1228,,,3,27/07/2024,362,24/07/2025,543
1228,,,3,27/07/2024,363,25/07/2025,542
1228,,,3,27/07/2024,364,26/07/2025,605
1228,,,3,27/07/2024,365,27/07/2025,489
1228,,,3,27/07/2024,366,28/07/2025,497
1228,,,3,27/07/2024,367,29/07/2025,573
1228,,,3,27/07/2024,368,30/07/2025,540
1228,,,3,27/07/2024,369,31/07/2025,536
1228,,,3,27/07/2024,370,01/08/2025,602
1228,,,3,27/07/2024,371,02/08/2025,576
1228,,,3,27/07/2024,372,03/08/2025,593
1228,,,3,27/07/2024,373,04/08/2025,509
1228,,,3,27/07/2024,374,05/08/2025,563
1228,,,3,27/07/2024,375,06/08/2025,512
1228,,,3,27/07/2024,376,07/08/2025,569
1228,,,3,27/07/2024,377,08/08/2025,491
1228,,,3,27/07/2024,378,09/08/2025,572
1228,,,3,27/07/2024,379,10/08/2025,507
1228,,,3,27/07/2024,380,11/08/2025,650
1228,,,3,27/07/2024,381,12/08/2025,545
1228,,,3,27/07/2024,382,13/08/2025,572
1228,,,3,27/07/2024,383,14/08/2025,543
1228,,,3,27/07/2024,384,15/08/2025,599
1228,,,3,27/07/2024,385,16/08/2025,602
1228,,,3,27/07/2024,386,17/08/2025,578
1228,,,3,27/07/2024,387,18/08/2025,627
1228,,,3,27/07/2024,388,19/08/2025,595
1228,,,3,27/07/2024,389,20/08/2025,557
1228,,,3,27/07/2024,390,21/08/2025,450
1228,,,3,27/07/2024,391,22/08/2025,540
1228,,,3,27/07/2024,392,23/08/2025,560
1228,,,3,27/07/2024,393,24/08/2025,589
1228,,,3,27/07/2024,394,25/08/2025,491
1228,,,3,27/07/2024,395,26/08/2025,562
1228,,,3,27/07/2024,396,27/08/2025,548
1228,,,3,27/07/2024,397,28/08/2025,465
1228,,,3,27/07/2024,398,29/08/2025,650
1228,,,3,27/07/2024,399,30/08/2025,546
1228,,,3,27/07/2024,400,31/08/2025,604
1228,,,3,27/07/2024,401,01/09/2025,539
1228,,,3,27/07/2024,402,02/09/2025,531
1228,,,3,27/07/2024,403,03/09/2025,545
1228,,,3,27/07/2024,404,04/09/2025,602
1228,,,3,27/07/2024,405,05/09/2025,603
1228,,,3,27/07/2024,406,06/09/2025,598
1228,,,3,27/07/2024,407,07/09/2025,538
1228,,,3,27/07/2024,408,08/09/2025,508
1228,,,3,27/07/2024,409,09/09/2025,634
1228,,,3,27/07/2024,410,10/09/2025,555
1228,,,3,27/07/2024,411,11/09/2025,572
1228,,,3,27/07/2024,412,12/09/2025,573
1228,,,3,27/07/2024,413,13/09/2025,537
1228,,,3,27/07/2024,414,14/09/2025,588
1228,,,3,27/07/2024,415,15/09/2025,609
1228,,,3,27/07/2024,416,16/09/2025,532
1228,,,3,27/07/2024,417,17/09/2025,615
1228,,,3,27/07/2024,418,18/09/2025,538
1228,,,3,27/07/2024,419,19/09/2025,514
1228,,,3,27/07/2024,420,20/09/2025,549
1228,,,3,27/07/2024,421,21/09/2025,540
1228,,,3,27/07/2024,422,22/09/2025,268
1228,,,3,27/07/2024,423,23/09/2025,0
1228,,,3,27/07/2024,424,24/09/2025,0
1228,,,3,27/07/2024,425,25/09/2025,
2087,,,102,13/11/2024,226,27/06/2025,
2087,,,102,13/11/2024,227,28/06/2025,628
2087,,,102,13/11/2024,228,29/06/2025,555
2087,,,102,13/11/2024,229,30/06/2025,593
2087,,,102,13/11/2024,230,01/07/2025,565
2087,,,102,13/11/2024,231,02/07/2025,609
2087,,,102,13/11/2024,232,03/07/2025,610
2087,,,102,13/11/2024,233,04/07/2025,593
2087,,,102,13/11/2024,234,05/07/2025,520
2087,,,102,13/11/2024,235,06/07/2025,451
2087,,,102,13/11/2024,236,07/07/2025,731
2087,,,102,13/11/2024,237,08/07/2025,569
2087,,,102,13/11/2024,238,09/07/2025,367
2087,,,102,13/11/2024,239,10/07/2025,446
2087,,,102,13/11/2024,240,11/07/2025,363
2087,,,102,13/11/2024,241,12/07/2025,646
2087,,,102,13/11/2024,242,13/07/2025,428
2087,,,102,13/11/2024,243,14/07/2025,493
2087,,,102,13/11/2024,244,15/07/2025,463
2087,,,102,13/11/2024,245,16/07/2025,481
2087,,,102,13/11/2024,246,17/07/2025,564
2087,,,102,13/11/2024,247,18/07/2025,698
2087,,,102,13/11/2024,248,19/07/2025,496
2087,,,102,13/11/2024,249,20/07/2025,420
2087,,,102,13/11/2024,250,21/07/2025,636
2087,,,102,13/11/2024,251,22/07/2025,452
2087,,,102,13/11/2024,252,23/07/2025,561
2087,,,102,13/11/2024,253,24/07/2025,465
2087,,,102,13/11/2024,254,25/07/2025,537
2087,,,102,13/11/2024,255,26/07/2025,367
2087,,,102,13/11/2024,256,27/07/2025,531
2087,,,102,13/11/2024,257,28/07/2025,516
2087,,,102,13/11/2024,258,29/07/2025,614
2087,,,102,13/11/2024,259,30/07/2025,405
2087,,,102,13/11/2024,260,31/07/2025,611
2087,,,102,13/11/2024,261,01/08/2025,711
2087,,,102,13/11/2024,262,02/08/2025,492
2087,,,102,13/11/2024,263,03/08/2025,507
2087,,,102,13/11/2024,264,04/08/2025,540
2087,,,102,13/11/2024,265,05/08/2025,655
2087,,,102,13/11/2024,266,06/08/2025,386
2087,,,102,13/11/2024,267,07/08/2025,600
2087,,,102,13/11/2024,268,08/08/2025,554
2087,,,102,13/11/2024,269,09/08/2025,662
2087,,,102,13/11/2024,270,10/08/2025,577
2087,,,102,13/11/2024,271,11/08/2025,595
2087,,,102,13/11/2024,272,12/08/2025,545
2087,,,102,13/11/2024,273,13/08/2025,450
2087,,,102,13/11/2024,274,14/08/2025,575
2087,,,102,13/11/2024,275,15/08/2025,659
2087,,,102,13/11/2024,276,16/08/2025,656
2087,,,102,13/11/2024,277,17/08/2025,486
2087,,,102,13/11/2024,278,18/08/2025,490
2087,,,102,13/11/2024,279,19/08/2025,454
2087,,,102,13/11/2024,280,20/08/2025,485
2087,,,102,13/11/2024,281,21/08/2025,612
2087,,,102,13/11/2024,282,22/08/2025,515
2087,,,102,13/11/2024,283,23/08/2025,713
2087,,,102,13/11/2024,284,24/08/2025,530
2087,,,102,13/11/2024,285,25/08/2025,616
2087,,,102,13/11/2024,286,26/08/2025,543
2087,,,102,13/11/2024,287,27/08/2025,549
2087,,,102,13/11/2024,288,28/08/2025,679
2087,,,102,13/11/2024,289,29/08/2025,435
2087,,,102,13/11/2024,290,30/08/2025,608
2087,,,102,13/11/2024,291,31/08/2025,463
2087,,,102,13/11/2024,292,01/09/2025,634
2087,,,102,13/11/2024,293,02/09/2025,433
2087,,,102,13/11/2024,294,03/09/2025,640
2087,,,102,13/11/2024,295,04/09/2025,516
2087,,,102,13/11/2024,296,05/09/2025,485
2087,,,102,13/11/2024,297,06/09/2025,664
2087,,,102,13/11/2024,298,07/09/2025,508
2087,,,102,13/11/2024,299,08/09/2025,478
2087,,,102,13/11/2024,300,09/09/2025,519
2087,,,102,13/11/2024,301,10/09/2025,413
2087,,,102,13/11/2024,302,11/09/2025,328
2087,,,102,13/11/2024,303,12/09/2025,327
2087,,,102,13/11/2024,304,13/09/2025,501
2087,,,102,13/11/2024,305,14/09/2025,384
2087,,,102,13/11/2024,306,15/09/2025,446
2087,,,102,13/11/2024,307,16/09/2025,341
2087,,,102,13/11/2024,308,17/09/2025,522
2087,,,102,13/11/2024,309,18/09/2025,416
2087,,,102,13/11/2024,310,19/09/2025,468
2087,,,102,13/11/2024,311,20/09/2025,327
2087,,,102,13/11/2024,312,21/09/2025,455
2087,,,102,13/11/2024,313,22/09/2025,298
2087,,,102,13/11/2024,314,23/09/2025,0
2087,,,102,13/11/2024,315,24/09/2025,0
2087,,,102,13/11/2024,316,25/09/2025,
1236,,,3,27/08/2024,304,27/06/2025,
1236,,,3,27/08/2024,305,28/06/2025,546
1236,,,3,27/08/2024,306,29/06/2025,404
1236,,,3,27/08/2024,307,30/06/2025,649
1236,,,3,27/08/2024,308,01/07/2025,617
1236,,,3,27/08/2024,309,02/07/2025,595
1236,,,3,27/08/2024,310,03/07/2025,610
1236,,,3,27/08/2024,311,04/07/2025,572
1236,,,3,27/08/2024,312,05/07/2025,647
1236,,,3,27/08/2024,313,06/07/2025,530
1236,,,3,27/08/2024,314,07/07/2025,516
1236,,,3,27/08/2024,315,08/07/2025,656
1236,,,3,27/08/2024,316,09/07/2025,547
1236,,,3,27/08/2024,317,10/07/2025,532
1236,,,3,27/08/2024,318,11/07/2025,466
1236,,,3,27/08/2024,319,12/07/2025,543
1236,,,3,27/08/2024,320,13/07/2025,597
1236,,,3,27/08/2024,321,14/07/2025,574
1236,,,3,27/08/2024,322,15/07/2025,610
1236,,,3,27/08/2024,323,16/07/2025,570
1236,,,3,27/08/2024,324,17/07/2025,617
1236,,,3,27/08/2024,325,18/07/2025,617
1236,,,3,27/08/2024,326,19/07/2025,558
1236,,,3,27/08/2024,327,20/07/2025,558
1236,,,3,27/08/2024,328,21/07/2025,557
1236,,,3,27/08/2024,329,22/07/2025,582
1236,,,3,27/08/2024,330,23/07/2025,566
1236,,,3,27/08/2024,331,24/07/2025,552
1236,,,3,27/08/2024,332,25/07/2025,442
1236,,,3,27/08/2024,333,26/07/2025,542
1236,,,3,27/08/2024,334,27/07/2025,597
1236,,,3,27/08/2024,335,28/07/2025,460
1236,,,3,27/08/2024,336,29/07/2025,569
1236,,,3,27/08/2024,337,30/07/2025,556
1236,,,3,27/08/2024,338,31/07/2025,516
1236,,,3,27/08/2024,339,01/08/2025,335
1236,,,3,27/08/2024,340,02/08/2025,492
1236,,,3,27/08/2024,341,03/08/2025,627
1236,,,3,27/08/2024,342,04/08/2025,562
1236,,,3,27/08/2024,343,05/08/2025,594
1236,,,3,27/08/2024,344,06/08/2025,587
1236,,,3,27/08/2024,345,07/08/2025,524
1236,,,3,27/08/2024,346,08/08/2025,595
1236,,,3,27/08/2024,347,09/08/2025,601
1236,,,3,27/08/2024,348,10/08/2025,587
1236,,,3,27/08/2024,349,11/08/2025,534
1236,,,3,27/08/2024,350,12/08/2025,613
1236,,,3,27/08/2024,351,13/08/2025,618
1236,,,3,27/08/2024,352,14/08/2025,527
1236,,,3,27/08/2024,353,15/08/2025,545
1236,,,3,27/08/2024,354,16/08/2025,425
1236,,,3,27/08/2024,355,17/08/2025,571
1236,,,3,27/08/2024,356,18/08/2025,487
1236,,,3,27/08/2024,357,19/08/2025,552
1236,,,3,27/08/2024,358,20/08/2025,539
1236,,,3,27/08/2024,359,21/08/2025,573
1236,,,3,27/08/2024,360,22/08/2025,627
1236,,,3,27/08/2024,361,23/08/2025,671
1236,,,3,27/08/2024,362,24/08/2025,550
1236,,,3,27/08/2024,363,25/08/2025,641
1236,,,3,27/08/2024,364,26/08/2025,511
1236,,,3,27/08/2024,365,27/08/2025,600
1236,,,3,27/08/2024,366,28/08/2025,543
1236,,,3,27/08/2024,367,29/08/2025,584
1236,,,3,27/08/2024,368,30/08/2025,624
1236,,,3,27/08/2024,369,31/08/2025,614
1236,,,3,27/08/2024,370,01/09/2025,615
1236,,,3,27/08/2024,371,02/09/2025,626
1236,,,3,27/08/2024,372,03/09/2025,630
1236,,,3,27/08/2024,373,04/09/2025,520
1236,,,3,27/08/2024,374,05/09/2025,584
1236,,,3,27/08/2024,375,06/09/2025,592
1236,,,3,27/08/2024,376,07/09/2025,571
1236,,,3,27/08/2024,377,08/09/2025,514
1236,,,3,27/08/2024,378,09/09/2025,555
1236,,,3,27/08/2024,379,10/09/2025,569
1236,,,3,27/08/2024,380,11/09/2025,613
1236,,,3,27/08/2024,381,12/09/2025,572
1236,,,3,27/08/2024,382,13/09/2025,513
1236,,,3,27/08/2024,383,14/09/2025,649
1236,,,3,27/08/2024,384,15/09/2025,536
1236,,,3,27/08/2024,385,16/09/2025,551
1236,,,3,27/08/2024,386,17/09/2025,610
1236,,,3,27/08/2024,387,18/09/2025,557
1236,,,3,27/08/2024,388,19/09/2025,623
1236,,,3,27/08/2024,389,20/09/2025,536
1236,,,3,27/08/2024,390,21/09/2025,608
1236,,,3,27/08/2024,391,22/09/2025,282
1236,,,3,27/08/2024,392,23/09/2025,0
1236,,,3,27/08/2024,393,24/09/2025,0
1236,,,3,27/08/2024,394,25/09/2025,
8768,,,3,21/07/2025,,27/06/2025,
8768,,,3,21/07/2025,,28/06/2025,
8768,,,3,21/07/2025,,29/06/2025,
8768,,,3,21/07/2025,,30/06/2025,
8768,,,3,21/07/2025,,01/07/2025,
8768,,,3,21/07/2025,,02/07/2025,
8768,,,3,21/07/2025,,03/07/2025,
8768,,,3,21/07/2025,,04/07/2025,
8768,,,3,21/07/2025,,05/07/2025,
8768,,,3,21/07/2025,,06/07/2025,
8768,,,3,21/07/2025,,07/07/2025,181
8768,,,3,21/07/2025,,08/07/2025,399
8768,,,3,21/07/2025,,09/07/2025,368
8768,,,3,21/07/2025,,10/07/2025,464
8768,,,3,21/07/2025,,11/07/2025,416
8768,,,3,21/07/2025,,12/07/2025,405
8768,,,3,21/07/2025,,13/07/2025,433
8768,,,3,21/07/2025,,14/07/2025,286
8768,,,3,21/07/2025,,15/07/2025,590
8768,,,3,21/07/2025,,16/07/2025,294
8768,,,3,21/07/2025,,17/07/2025,450
8768,,,3,21/07/2025,,18/07/2025,361
8768,,,3,21/07/2025,,19/07/2025,403
8768,,,3,21/07/2025,,20/07/2025,403
8768,,,3,21/07/2025,,21/07/2025,265
8768,,,3,21/07/2025,1,22/07/2025,444
8768,,,3,21/07/2025,2,23/07/2025,463
8768,,,3,21/07/2025,3,24/07/2025,494
8768,,,3,21/07/2025,4,25/07/2025,358
8768,,,3,21/07/2025,5,26/07/2025,220
8768,,,3,21/07/2025,6,27/07/2025,339
8768,,,3,21/07/2025,7,28/07/2025,301
8768,,,3,21/07/2025,8,29/07/2025,240
8768,,,3,21/07/2025,9,30/07/2025,309
8768,,,3,21/07/2025,10,31/07/2025,173
8768,,,3,21/07/2025,11,01/08/2025,322
8768,,,3,21/07/2025,12,02/08/2025,406
8768,,,3,21/07/2025,13,03/08/2025,306
8768,,,3,21/07/2025,14,04/08/2025,336
8768,,,3,21/07/2025,15,05/08/2025,394
8768,,,3,21/07/2025,16,06/08/2025,464
8768,,,3,21/07/2025,17,07/08/2025,445
8768,,,3,21/07/2025,18,08/08/2025,480
8768,,,3,21/07/2025,19,09/08/2025,401
8768,,,3,21/07/2025,20,10/08/2025,477
8768,,,3,21/07/2025,21,11/08/2025,377
8768,,,3,21/07/2025,22,12/08/2025,449
8768,,,3,21/07/2025,23,13/08/2025,294
8768,,,3,21/07/2025,24,14/08/2025,298
8768,,,3,21/07/2025,25,15/08/2025,274
8768,,,3,21/07/2025,26,16/08/2025,455
8768,,,3,21/07/2025,27,17/08/2025,402
8768,,,3,21/07/2025,28,18/08/2025,215
8768,,,3,21/07/2025,29,19/08/2025,388
8768,,,3,21/07/2025,30,20/08/2025,227
8768,,,3,21/07/2025,31,21/08/2025,290
8768,,,3,21/07/2025,32,22/08/2025,280
8768,,,3,21/07/2025,33,23/08/2025,453
8768,,,3,21/07/2025,34,24/08/2025,277
8768,,,3,21/07/2025,35,25/08/2025,286
8768,,,3,21/07/2025,36,26/08/2025,215
8768,,,3,21/07/2025,37,27/08/2025,624
8768,,,3,21/07/2025,38,28/08/2025,651
8768,,,3,21/07/2025,39,29/08/2025,475
8768,,,3,21/07/2025,40,30/08/2025,519
8768,,,3,21/07/2025,41,31/08/2025,646
8768,,,3,21/07/2025,42,01/09/2025,573
8768,,,3,21/07/2025,43,02/09/2025,422
8768,,,3,21/07/2025,44,03/09/2025,697
8768,,,3,21/07/2025,45,04/09/2025,534
8768,,,3,21/07/2025,46,05/09/2025,657
8768,,,3,21/07/2025,47,06/09/2025,537
8768,,,3,21/07/2025,48,07/09/2025,565
8768,,,3,21/07/2025,49,08/09/2025,452
8768,,,3,21/07/2025,50,09/09/2025,564
8768,,,3,21/07/2025,51,10/09/2025,693
8768,,,3,21/07/2025,52,11/09/2025,605
8768,,,3,21/07/2025,53,12/09/2025,521
8768,,,3,21/07/2025,54,13/09/2025,598
8768,,,3,21/07/2025,55,14/09/2025,591
8768,,,3,21/07/2025,56,15/09/2025,485
8768,,,3,21/07/2025,57,16/09/2025,625
8768,,,3,21/07/2025,58,17/09/2025,594
8768,,,3,21/07/2025,59,18/09/2025,604
8768,,,3,21/07/2025,60,19/09/2025,495
8768,,,3,21/07/2025,61,20/09/2025,474
8768,,,3,21/07/2025,62,21/09/2025,623
8768,,,3,21/07/2025,63,22/09/2025,315
8768,,,3,21/07/2025,64,23/09/2025,8
8768,,,3,21/07/2025,65,24/09/2025,0
8768,,,3,21/07/2025,66,25/09/2025,
5981,,,2,26/07/2025,,27/06/2025,
5981,,,2,26/07/2025,,28/06/2025,
5981,,,2,26/07/2025,,29/06/2025,
5981,,,2,26/07/2025,,30/06/2025,
5981,,,2,26/07/2025,,01/07/2025,
5981,,,2,26/07/2025,,02/07/2025,
5981,,,2,26/07/2025,,03/07/2025,
5981,,,2,26/07/2025,,04/07/2025,
5981,,,2,26/07/2025,,05/07/2025,
5981,,,2,26/07/2025,,06/07/2025,
5981,,,2,26/07/2025,,07/07/2025,443
5981,,,2,26/07/2025,,08/07/2025,334
5981,,,2,26/07/2025,,09/07/2025,407
5981,,,2,26/07/2025,,10/07/2025,341
5981,,,2,26/07/2025,,11/07/2025,383
5981,,,2,26/07/2025,,12/07/2025,391
5981,,,2,26/07/2025,,13/07/2025,438
5981,,,2,26/07/2025,,14/07/2025,287
5981,,,2,26/07/2025,,15/07/2025,382
5981,,,2,26/07/2025,,16/07/2025,202
5981,,,2,26/07/2025,,17/07/2025,425
5981,,,2,26/07/2025,,18/07/2025,377
5981,,,2,26/07/2025,,19/07/2025,429
5981,,,2,26/07/2025,,20/07/2025,417
5981,,,2,26/07/2025,,21/07/2025,491
5981,,,2,26/07/2025,,22/07/2025,386
5981,,,2,26/07/2025,,23/07/2025,332
5981,,,2,26/07/2025,,24/07/2025,255
5981,,,2,26/07/2025,,25/07/2025,307
5981,,,2,26/07/2025,,26/07/2025,237
5981,,,2,26/07/2025,1,27/07/2025,458
5981,,,2,26/07/2025,2,28/07/2025,254
5981,,,2,26/07/2025,3,29/07/2025,252
5981,,,2,26/07/2025,4,30/07/2025,219
5981,,,2,26/07/2025,5,31/07/2025,162
5981,,,2,26/07/2025,6,01/08/2025,239
5981,,,2,26/07/2025,7,02/08/2025,351
5981,,,2,26/07/2025,8,03/08/2025,382
5981,,,2,26/07/2025,9,04/08/2025,485
5981,,,2,26/07/2025,10,05/08/2025,450
5981,,,2,26/07/2025,11,06/08/2025,519
5981,,,2,26/07/2025,12,07/08/2025,414
5981,,,2,26/07/2025,13,08/08/2025,255
5981,,,2,26/07/2025,14,09/08/2025,606
5981,,,2,26/07/2025,15,10/08/2025,551
5981,,,2,26/07/2025,16,11/08/2025,528
5981,,,2,26/07/2025,17,12/08/2025,492
5981,,,2,26/07/2025,18,13/08/2025,486
5981,,,2,26/07/2025,19,14/08/2025,445
5981,,,2,26/07/2025,20,15/08/2025,538
5981,,,2,26/07/2025,21,16/08/2025,505
5981,,,2,26/07/2025,22,17/08/2025,474
5981,,,2,26/07/2025,23,18/08/2025,555
5981,,,2,26/07/2025,24,19/08/2025,468
5981,,,2,26/07/2025,25,20/08/2025,563
5981,,,2,26/07/2025,26,21/08/2025,493
5981,,,2,26/07/2025,27,22/08/2025,603
5981,,,2,26/07/2025,28,23/08/2025,561
5981,,,2,26/07/2025,29,24/08/2025,492
5981,,,2,26/07/2025,30,25/08/2025,542
5981,,,2,26/07/2025,31,26/08/2025,569
5981,,,2,26/07/2025,32,27/08/2025,384
5981,,,2,26/07/2025,33,28/08/2025,585
5981,,,2,26/07/2025,34,29/08/2025,522
5981,,,2,26/07/2025,35,30/08/2025,437
5981,,,2,26/07/2025,36,31/08/2025,647
5981,,,2,26/07/2025,37,01/09/2025,569
5981,,,2,26/07/2025,38,02/09/2025,561
5981,,,2,26/07/2025,39,03/09/2025,548
5981,,,2,26/07/2025,40,04/09/2025,572
5981,,,2,26/07/2025,41,05/09/2025,559
5981,,,2,26/07/2025,42,06/09/2025,515
5981,,,2,26/07/2025,43,07/09/2025,551
5981,,,2,26/07/2025,44,08/09/2025,466
5981,,,2,26/07/2025,45,09/09/2025,581
5981,,,2,26/07/2025,46,10/09/2025,563
5981,,,2,26/07/2025,47,11/09/2025,644
5981,,,2,26/07/2025,48,12/09/2025,476
5981,,,2,26/07/2025,49,13/09/2025,517
5981,,,2,26/07/2025,50,14/09/2025,574
5981,,,2,26/07/2025,51,15/09/2025,604
5981,,,2,26/07/2025,52,16/09/2025,526
5981,,,2,26/07/2025,53,17/09/2025,493
5981,,,2,26/07/2025,54,18/09/2025,487
5981,,,2,26/07/2025,55,19/09/2025,501
5981,,,2,26/07/2025,56,20/09/2025,507
5981,,,2,26/07/2025,57,21/09/2025,464
5981,,,2,26/07/2025,58,22/09/2025,195
5981,,,2,26/07/2025,59,23/09/2025,0
5981,,,2,26/07/2025,60,24/09/2025,0
5981,,,2,26/07/2025,61,25/09/2025,
1554,,,2,10/02/2025,137,27/06/2025,
1554,,,2,10/02/2025,138,28/06/2025,690
1554,,,2,10/02/2025,139,29/06/2025,579
1554,,,2,10/02/2025,140,30/06/2025,510
1554,,,2,10/02/2025,141,01/07/2025,659
1554,,,2,10/02/2025,142,02/07/2025,561
1554,,,2,10/02/2025,143,03/07/2025,499
1554,,,2,10/02/2025,144,04/07/2025,650
1554,,,2,10/02/2025,145,05/07/2025,634
1554,,,2,10/02/2025,146,06/07/2025,513
1554,,,2,10/02/2025,147,07/07/2025,683
1554,,,2,10/02/2025,148,08/07/2025,553
1554,,,2,10/02/2025,149,09/07/2025,523
1554,,,2,10/02/2025,150,10/07/2025,555
1554,,,2,10/02/2025,151,11/07/2025,481
1554,,,2,10/02/2025,152,12/07/2025,657
1554,,,2,10/02/2025,153,13/07/2025,546
1554,,,2,10/02/2025,154,14/07/2025,660
1554,,,2,10/02/2025,155,15/07/2025,460
1554,,,2,10/02/2025,156,16/07/2025,471
1554,,,2,10/02/2025,157,17/07/2025,651
1554,,,2,10/02/2025,158,18/07/2025,531
1554,,,2,10/02/2025,159,19/07/2025,628
1554,,,2,10/02/2025,160,20/07/2025,470
1554,,,2,10/02/2025,161,21/07/2025,596
1554,,,2,10/02/2025,162,22/07/2025,511
1554,,,2,10/02/2025,163,23/07/2025,474
1554,,,2,10/02/2025,164,24/07/2025,491
1554,,,2,10/02/2025,165,25/07/2025,635
1554,,,2,10/02/2025,166,26/07/2025,496
1554,,,2,10/02/2025,167,27/07/2025,468
1554,,,2,10/02/2025,168,28/07/2025,424
1554,,,2,10/02/2025,169,29/07/2025,630
1554,,,2,10/02/2025,170,30/07/2025,642
1554,,,2,10/02/2025,171,31/07/2025,396
1554,,,2,10/02/2025,172,01/08/2025,552
1554,,,2,10/02/2025,173,02/08/2025,592
1554,,,2,10/02/2025,174,03/08/2025,397
1554,,,2,10/02/2025,175,04/08/2025,481
1554,,,2,10/02/2025,176,05/08/2025,627
1554,,,2,10/02/2025,177,06/08/2025,574
1554,,,2,10/02/2025,178,07/08/2025,568
1554,,,2,10/02/2025,179,08/08/2025,415
1554,,,2,10/02/2025,180,09/08/2025,577
1554,,,2,10/02/2025,181,10/08/2025,476
1554,,,2,10/02/2025,182,11/08/2025,594
1554,,,2,10/02/2025,183,12/08/2025,603
1554,,,2,10/02/2025,184,13/08/2025,480
1554,,,2,10/02/2025,185,14/08/2025,637
1554,,,2,10/02/2025,186,15/08/2025,636
1554,,,2,10/02/2025,187,16/08/2025,638
1554,,,2,10/02/2025,188,17/08/2025,585
1554,,,2,10/02/2025,189,18/08/2025,649
1554,,,2,10/02/2025,190,19/08/2025,684
1554,,,2,10/02/2025,191,20/08/2025,387
1554,,,2,10/02/2025,192,21/08/2025,559
1554,,,2,10/02/2025,193,22/08/2025,694
1554,,,2,10/02/2025,194,23/08/2025,545
1554,,,2,10/02/2025,195,24/08/2025,481
1554,,,2,10/02/2025,196,25/08/2025,643
1554,,,2,10/02/2025,197,26/08/2025,509
1554,,,2,10/02/2025,198,27/08/2025,594
1554,,,2,10/02/2025,199,28/08/2025,575
1554,,,2,10/02/2025,200,29/08/2025,624
1554,,,2,10/02/2025,201,30/08/2025,528
1554,,,2,10/02/2025,202,31/08/2025,561
1554,,,2,10/02/2025,203,01/09/2025,580
1554,,,2,10/02/2025,204,02/09/2025,549
1554,,,2,10/02/2025,205,03/09/2025,660
1554,,,2,10/02/2025,206,04/09/2025,581
1554,,,2,10/02/2025,207,05/09/2025,522
1554,,,2,10/02/2025,208,06/09/2025,650
1554,,,2,10/02/2025,209,07/09/2025,480
1554,,,2,10/02/2025,210,08/09/2025,486
1554,,,2,10/02/2025,211,09/09/2025,518
1554,,,2,10/02/2025,212,10/09/2025,569
1554,,,2,10/02/2025,213,11/09/2025,676
1554,,,2,10/02/2025,214,12/09/2025,577
1554,,,2,10/02/2025,215,13/09/2025,555
1554,,,2,10/02/2025,216,14/09/2025,783
1554,,,2,10/02/2025,217,15/09/2025,553
1554,,,2,10/02/2025,218,16/09/2025,605
1554,,,2,10/02/2025,219,17/09/2025,588
1554,,,2,10/02/2025,220,18/09/2025,613
1554,,,2,10/02/2025,221,19/09/2025,617
1554,,,2,10/02/2025,222,20/09/2025,586
1554,,,2,10/02/2025,223,21/09/2025,603
1554,,,2,10/02/2025,224,22/09/2025,319
1554,,,2,10/02/2025,225,23/09/2025,0
1554,,,2,10/02/2025,226,24/09/2025,0
1554,,,2,10/02/2025,227,25/09/2025,
8707,,,2,27/08/2025,,27/06/2025,
8707,,,2,27/08/2025,,28/06/2025,
8707,,,2,27/08/2025,,29/06/2025,
8707,,,2,27/08/2025,,30/06/2025,
8707,,,2,27/08/2025,,01/07/2025,
8707,,,2,27/08/2025,,02/07/2025,
8707,,,2,27/08/2025,,03/07/2025,
8707,,,2,27/08/2025,,04/07/2025,
8707,,,2,27/08/2025,,05/07/2025,
8707,,,2,27/08/2025,,06/07/2025,
8707,,,2,27/08/2025,,07/07/2025,
8707,,,2,27/08/2025,,08/07/2025,
8707,,,2,27/08/2025,,09/07/2025,
8707,,,2,27/08/2025,,10/07/2025,
8707,,,2,27/08/2025,,11/07/2025,
8707,,,2,27/08/2025,,12/07/2025,
8707,,,2,27/08/2025,,13/07/2025,
8707,,,2,27/08/2025,,14/07/2025,
8707,,,2,27/08/2025,,15/07/2025,
8707,,,2,27/08/2025,,16/07/2025,
8707,,,2,27/08/2025,,17/07/2025,
8707,,,2,27/08/2025,,18/07/2025,
8707,,,2,27/08/2025,,19/07/2025,
8707,,,2,27/08/2025,,20/07/2025,
8707,,,2,27/08/2025,,21/07/2025,
8707,,,2,27/08/2025,,22/07/2025,
8707,,,2,27/08/2025,,23/07/2025,
8707,,,2,27/08/2025,,24/07/2025,
8707,,,2,27/08/2025,,25/07/2025,
8707,,,2,27/08/2025,,26/07/2025,
8707,,,2,27/08/2025,,27/07/2025,
8707,,,2,27/08/2025,,28/07/2025,
8707,,,2,27/08/2025,,29/07/2025,
8707,,,2,27/08/2025,,30/07/2025,
8707,,,2,27/08/2025,,31/07/2025,
8707,,,2,27/08/2025,,01/08/2025,362
8707,,,2,27/08/2025,,02/08/2025,441
8707,,,2,27/08/2025,,03/08/2025,361
8707,,,2,27/08/2025,,04/08/2025,483
8707,,,2,27/08/2025,,05/08/2025,513
8707,,,2,27/08/2025,,06/08/2025,578
8707,,,2,27/08/2025,,07/08/2025,471
8707,,,2,27/08/2025,,08/08/2025,424
8707,,,2,27/08/2025,,09/08/2025,475
8707,,,2,27/08/2025,,10/08/2025,414
8707,,,2,27/08/2025,,11/08/2025,470
8707,,,2,27/08/2025,,12/08/2025,456
8707,,,2,27/08/2025,,13/08/2025,497
8707,,,2,27/08/2025,,14/08/2025,509
8707,,,2,27/08/2025,,15/08/2025,432
8707,,,2,27/08/2025,,16/08/2025,454
8707,,,2,27/08/2025,,17/08/2025,344
8707,,,2,27/08/2025,,18/08/2025,460
8707,,,2,27/08/2025,,19/08/2025,495
8707,,,2,27/08/2025,,20/08/2025,485
8707,,,2,27/08/2025,,21/08/2025,353
8707,,,2,27/08/2025,,22/08/2025,339
8707,,,2,27/08/2025,,23/08/2025,467
8707,,,2,27/08/2025,,24/08/2025,338
8707,,,2,27/08/2025,,25/08/2025,457
8707,,,2,27/08/2025,,26/08/2025,395
8707,,,2,27/08/2025,,27/08/2025,276
8707,,,2,27/08/2025,1,28/08/2025,400
8707,,,2,27/08/2025,2,29/08/2025,167
8707,,,2,27/08/2025,3,30/08/2025,543
8707,,,2,27/08/2025,4,31/08/2025,693
8707,,,2,27/08/2025,5,01/09/2025,648
8707,,,2,27/08/2025,6,02/09/2025,622
8707,,,2,27/08/2025,7,03/09/2025,502
8707,,,2,27/08/2025,8,04/09/2025,584
8707,,,2,27/08/2025,9,05/09/2025,563
8707,,,2,27/08/2025,10,06/09/2025,546
8707,,,2,27/08/2025,11,07/09/2025,597
8707,,,2,27/08/2025,12,08/09/2025,505
8707,,,2,27/08/2025,13,09/09/2025,557
8707,,,2,27/08/2025,14,10/09/2025,516
8707,,,2,27/08/2025,15,11/09/2025,601
8707,,,2,27/08/2025,16,12/09/2025,520
8707,,,2,27/08/2025,17,13/09/2025,626
8707,,,2,27/08/2025,18,14/09/2025,560
8707,,,2,27/08/2025,19,15/09/2025,512
8707,,,2,27/08/2025,20,16/09/2025,589
8707,,,2,27/08/2025,21,17/09/2025,572
8707,,,2,27/08/2025,22,18/09/2025,526
8707,,,2,27/08/2025,23,19/09/2025,583
8707,,,2,27/08/2025,24,20/09/2025,571
8707,,,2,27/08/2025,25,21/09/2025,588
8707,,,2,27/08/2025,26,22/09/2025,353
8707,,,2,27/08/2025,27,23/09/2025,0
8707,,,2,27/08/2025,28,24/09/2025,0
8707,,,2,27/08/2025,29,25/09/2025,
2150,,,2,12/01/2025,166,27/06/2025,
2150,,,2,12/01/2025,167,28/06/2025,529
2150,,,2,12/01/2025,168,29/06/2025,605
2150,,,2,12/01/2025,169,30/06/2025,595
2150,,,2,12/01/2025,170,01/07/2025,593
2150,,,2,12/01/2025,171,02/07/2025,546
2150,,,2,12/01/2025,172,03/07/2025,657
2150,,,2,12/01/2025,173,04/07/2025,490
2150,,,2,12/01/2025,174,05/07/2025,531
2150,,,2,12/01/2025,175,06/07/2025,499
2150,,,2,12/01/2025,176,07/07/2025,564
2150,,,2,12/01/2025,177,08/07/2025,566
2150,,,2,12/01/2025,178,09/07/2025,539
2150,,,2,12/01/2025,179,10/07/2025,413
2150,,,2,12/01/2025,180,11/07/2025,493
2150,,,2,12/01/2025,181,12/07/2025,546
2150,,,2,12/01/2025,182,13/07/2025,483
2150,,,2,12/01/2025,183,14/07/2025,509
2150,,,2,12/01/2025,184,15/07/2025,560
2150,,,2,12/01/2025,185,16/07/2025,440
2150,,,2,12/01/2025,186,17/07/2025,496
2150,,,2,12/01/2025,187,18/07/2025,559
2150,,,2,12/01/2025,188,19/07/2025,629
2150,,,2,12/01/2025,189,20/07/2025,447
2150,,,2,12/01/2025,190,21/07/2025,531
2150,,,2,12/01/2025,191,22/07/2025,578
2150,,,2,12/01/2025,192,23/07/2025,441
2150,,,2,12/01/2025,193,24/07/2025,515
2150,,,2,12/01/2025,194,25/07/2025,612
2150,,,2,12/01/2025,195,26/07/2025,390
2150,,,2,12/01/2025,196,27/07/2025,581
2150,,,2,12/01/2025,197,28/07/2025,531
2150,,,2,12/01/2025,198,29/07/2025,476
2150,,,2,12/01/2025,199,30/07/2025,518
2150,,,2,12/01/2025,200,31/07/2025,526
2150,,,2,12/01/2025,201,01/08/2025,444
2150,,,2,12/01/2025,202,02/08/2025,514
2150,,,2,12/01/2025,203,03/08/2025,464
2150,,,2,12/01/2025,204,04/08/2025,550
2150,,,2,12/01/2025,205,05/08/2025,528
2150,,,2,12/01/2025,206,06/08/2025,402
2150,,,2,12/01/2025,207,07/08/2025,549
2150,,,2,12/01/2025,208,08/08/2025,592
2150,,,2,12/01/2025,209,09/08/2025,587
2150,,,2,12/01/2025,210,10/08/2025,587
2150,,,2,12/01/2025,211,11/08/2025,597
2150,,,2,12/01/2025,212,12/08/2025,519
2150,,,2,12/01/2025,213,13/08/2025,578
2150,,,2,12/01/2025,214,14/08/2025,571
2150,,,2,12/01/2025,215,15/08/2025,442
2150,,,2,12/01/2025,216,16/08/2025,583
2150,,,2,12/01/2025,217,17/08/2025,526
2150,,,2,12/01/2025,218,18/08/2025,532
2150,,,2,12/01/2025,219,19/08/2025,521
2150,,,2,12/01/2025,220,20/08/2025,463
2150,,,2,12/01/2025,221,21/08/2025,517
2150,,,2,12/01/2025,222,22/08/2025,610
2150,,,2,12/01/2025,223,23/08/2025,672
2150,,,2,12/01/2025,224,24/08/2025,509
2150,,,2,12/01/2025,225,25/08/2025,496
2150,,,2,12/01/2025,226,26/08/2025,587
2150,,,2,12/01/2025,227,27/08/2025,550
2150,,,2,12/01/2025,228,28/08/2025,583
2150,,,2,12/01/2025,229,29/08/2025,535
2150,,,2,12/01/2025,230,30/08/2025,483
2150,,,2,12/01/2025,231,31/08/2025,495
2150,,,2,12/01/2025,232,01/09/2025,646
2150,,,2,12/01/2025,233,02/09/2025,480
2150,,,2,12/01/2025,234,03/09/2025,496
2150,,,2,12/01/2025,235,04/09/2025,535
2150,,,2,12/01/2025,236,05/09/2025,507
2150,,,2,12/01/2025,237,06/09/2025,591
2150,,,2,12/01/2025,238,07/09/2025,454
2150,,,2,12/01/2025,239,08/09/2025,486
2150,,,2,12/01/2025,240,09/09/2025,594
2150,,,2,12/01/2025,241,10/09/2025,548
2150,,,2,12/01/2025,242,11/09/2025,481
2150,,,2,12/01/2025,243,12/09/2025,564
2150,,,2,12/01/2025,244,13/09/2025,539
2150,,,2,12/01/2025,245,14/09/2025,542
2150,,,2,12/01/2025,246,15/09/2025,502
2150,,,2,12/01/2025,247,16/09/2025,570
2150,,,2,12/01/2025,248,17/09/2025,456
2150,,,2,12/01/2025,249,18/09/2025,532
2150,,,2,12/01/2025,250,19/09/2025,553
2150,,,2,12/01/2025,251,20/09/2025,548
2150,,,2,12/01/2025,252,21/09/2025,569
2150,,,2,12/01/2025,253,22/09/2025,293
2150,,,2,12/01/2025,254,23/09/2025,0
2150,,,2,12/01/2025,255,24/09/2025,0
2150,,,2,12/01/2025,256,25/09/2025,
2165,,,2,26/07/2025,,27/06/2025,
2165,,,2,26/07/2025,,28/06/2025,
2165,,,2,26/07/2025,,29/06/2025,
2165,,,2,26/07/2025,,30/06/2025,
2165,,,2,26/07/2025,,01/07/2025,
2165,,,2,26/07/2025,,02/07/2025,
2165,,,2,26/07/2025,,03/07/2025,
2165,,,2,26/07/2025,,04/07/2025,
2165,,,2,26/07/2025,,05/07/2025,
2165,,,2,26/07/2025,,06/07/2025,
2165,,,2,26/07/2025,,07/07/2025,516
2165,,,2,26/07/2025,,08/07/2025,454
2165,,,2,26/07/2025,,09/07/2025,534
2165,,,2,26/07/2025,,10/07/2025,562
2165,,,2,26/07/2025,,11/07/2025,626
2165,,,2,26/07/2025,,12/07/2025,533
2165,,,2,26/07/2025,,13/07/2025,552
2165,,,2,26/07/2025,,14/07/2025,430
2165,,,2,26/07/2025,,15/07/2025,615
2165,,,2,26/07/2025,,16/07/2025,516
2165,,,2,26/07/2025,,17/07/2025,533
2165,,,2,26/07/2025,,18/07/2025,489
2165,,,2,26/07/2025,,19/07/2025,508
2165,,,2,26/07/2025,,20/07/2025,457
2165,,,2,26/07/2025,,21/07/2025,536
2165,,,2,26/07/2025,,22/07/2025,458
2165,,,2,26/07/2025,,23/07/2025,416
2165,,,2,26/07/2025,,24/07/2025,432
2165,,,2,26/07/2025,,25/07/2025,435
2165,,,2,26/07/2025,,26/07/2025,351
2165,,,2,26/07/2025,1,27/07/2025,348
2165,,,2,26/07/2025,2,28/07/2025,366
2165,,,2,26/07/2025,3,29/07/2025,387
2165,,,2,26/07/2025,4,30/07/2025,475
2165,,,2,26/07/2025,5,31/07/2025,506
2165,,,2,26/07/2025,6,01/08/2025,512
2165,,,2,26/07/2025,7,02/08/2025,496
2165,,,2,26/07/2025,8,03/08/2025,512
2165,,,2,26/07/2025,9,04/08/2025,377
2165,,,2,26/07/2025,10,05/08/2025,498
2165,,,2,26/07/2025,11,06/08/2025,478
2165,,,2,26/07/2025,12,07/08/2025,498
2165,,,2,26/07/2025,13,08/08/2025,481
2165,,,2,26/07/2025,14,09/08/2025,641
2165,,,2,26/07/2025,15,10/08/2025,577
2165,,,2,26/07/2025,16,11/08/2025,499
2165,,,2,26/07/2025,17,12/08/2025,620
2165,,,2,26/07/2025,18,13/08/2025,525
2165,,,2,26/07/2025,19,14/08/2025,594
2165,,,2,26/07/2025,20,15/08/2025,568
2165,,,2,26/07/2025,21,16/08/2025,642
2165,,,2,26/07/2025,22,17/08/2025,594
2165,,,2,26/07/2025,23,18/08/2025,594
2165,,,2,26/07/2025,24,19/08/2025,654
2165,,,2,26/07/2025,25,20/08/2025,420
2165,,,2,26/07/2025,26,21/08/2025,589
2165,,,2,26/07/2025,27,22/08/2025,589
2165,,,2,26/07/2025,28,23/08/2025,693
2165,,,2,26/07/2025,29,24/08/2025,518
2165,,,2,26/07/2025,30,25/08/2025,575
2165,,,2,26/07/2025,31,26/08/2025,653
2165,,,2,26/07/2025,32,27/08/2025,598
2165,,,2,26/07/2025,33,28/08/2025,595
2165,,,2,26/07/2025,34,29/08/2025,645
2165,,,2,26/07/2025,35,30/08/2025,621
2165,,,2,26/07/2025,36,31/08/2025,577
2165,,,2,26/07/2025,37,01/09/2025,648
2165,,,2,26/07/2025,38,02/09/2025,590
2165,,,2,26/07/2025,39,03/09/2025,508
2165,,,2,26/07/2025,40,04/09/2025,633
2165,,,2,26/07/2025,41,05/09/2025,573
2165,,,2,26/07/2025,42,06/09/2025,616
2165,,,2,26/07/2025,43,07/09/2025,636
2165,,,2,26/07/2025,44,08/09/2025,373
2165,,,2,26/07/2025,45,09/09/2025,763
2165,,,2,26/07/2025,46,10/09/2025,537
2165,,,2,26/07/2025,47,11/09/2025,600
2165,,,2,26/07/2025,48,12/09/2025,581
2165,,,2,26/07/2025,49,13/09/2025,654
2165,,,2,26/07/2025,50,14/09/2025,677
2165,,,2,26/07/2025,51,15/09/2025,459
2165,,,2,26/07/2025,52,16/09/2025,631
2165,,,2,26/07/2025,53,17/09/2025,598
2165,,,2,26/07/2025,54,18/09/2025,629
2165,,,2,26/07/2025,55,19/09/2025,617
2165,,,2,26/07/2025,56,20/09/2025,580
2165,,,2,26/07/2025,57,21/09/2025,591
2165,,,2,26/07/2025,58,22/09/2025,247
2165,,,2,26/07/2025,59,23/09/2025,0
2165,,,2,26/07/2025,60,24/09/2025,0
2165,,,2,26/07/2025,61,25/09/2025,
6134,,,2,07/12/2024,202,27/06/2025,
6134,,,2,07/12/2024,203,28/06/2025,541
6134,,,2,07/12/2024,204,29/06/2025,529
6134,,,2,07/12/2024,205,30/06/2025,600
6134,,,2,07/12/2024,206,01/07/2025,472
6134,,,2,07/12/2024,207,02/07/2025,546
6134,,,2,07/12/2024,208,03/07/2025,497
6134,,,2,07/12/2024,209,04/07/2025,540
6134,,,2,07/12/2024,210,05/07/2025,601
6134,,,2,07/12/2024,211,06/07/2025,481
6134,,,2,07/12/2024,212,07/07/2025,471
6134,,,2,07/12/2024,213,08/07/2025,521
6134,,,2,07/12/2024,214,09/07/2025,518
6134,,,2,07/12/2024,215,10/07/2025,545
6134,,,2,07/12/2024,216,11/07/2025,552
6134,,,2,07/12/2024,217,12/07/2025,179
6134,,,2,07/12/2024,218,13/07/2025,534
6134,,,2,07/12/2024,219,14/07/2025,468
6134,,,2,07/12/2024,220,15/07/2025,543
6134,,,2,07/12/2024,221,16/07/2025,339
6134,,,2,07/12/2024,222,17/07/2025,538
6134,,,2,07/12/2024,223,18/07/2025,552
6134,,,2,07/12/2024,224,19/07/2025,443
6134,,,2,07/12/2024,225,20/07/2025,574
6134,,,2,07/12/2024,226,21/07/2025,458
6134,,,2,07/12/2024,227,22/07/2025,477
6134,,,2,07/12/2024,228,23/07/2025,488
6134,,,2,07/12/2024,229,24/07/2025,510
6134,,,2,07/12/2024,230,25/07/2025,572
6134,,,2,07/12/2024,231,26/07/2025,473
6134,,,2,07/12/2024,232,27/07/2025,489
6134,,,2,07/12/2024,233,28/07/2025,499
6134,,,2,07/12/2024,234,29/07/2025,466
6134,,,2,07/12/2024,235,30/07/2025,521
6134,,,2,07/12/2024,236,31/07/2025,556
6134,,,2,07/12/2024,237,01/08/2025,583
6134,,,2,07/12/2024,238,02/08/2025,498
6134,,,2,07/12/2024,239,03/08/2025,513
6134,,,2,07/12/2024,240,04/08/2025,516
6134,,,2,07/12/2024,241,05/08/2025,524
6134,,,2,07/12/2024,242,06/08/2025,410
6134,,,2,07/12/2024,243,07/08/2025,555
6134,,,2,07/12/2024,244,08/08/2025,549
6134,,,2,07/12/2024,245,09/08/2025,560
6134,,,2,07/12/2024,246,10/08/2025,601
6134,,,2,07/12/2024,247,11/08/2025,549
6134,,,2,07/12/2024,248,12/08/2025,546
6134,,,2,07/12/2024,249,13/08/2025,626
6134,,,2,07/12/2024,250,14/08/2025,536
6134,,,2,07/12/2024,251,15/08/2025,552
6134,,,2,07/12/2024,252,16/08/2025,575
6134,,,2,07/12/2024,253,17/08/2025,537
6134,,,2,07/12/2024,254,18/08/2025,506
6134,,,2,07/12/2024,255,19/08/2025,600
6134,,,2,07/12/2024,256,20/08/2025,520
6134,,,2,07/12/2024,257,21/08/2025,350
6134,,,2,07/12/2024,258,22/08/2025,629
6134,,,2,07/12/2024,259,23/08/2025,555
6134,,,2,07/12/2024,260,24/08/2025,497
6134,,,2,07/12/2024,261,25/08/2025,462
6134,,,2,07/12/2024,262,26/08/2025,441
6134,,,2,07/12/2024,263,27/08/2025,542
6134,,,2,07/12/2024,264,28/08/2025,545
6134,,,2,07/12/2024,265,29/08/2025,513
6134,,,2,07/12/2024,266,30/08/2025,440
6134,,,2,07/12/2024,267,31/08/2025,529
6134,,,2,07/12/2024,268,01/09/2025,462
6134,,,2,07/12/2024,269,02/09/2025,567
6134,,,2,07/12/2024,270,03/09/2025,576
6134,,,2,07/12/2024,271,04/09/2025,544
6134,,,2,07/12/2024,272,05/09/2025,579
6134,,,2,07/12/2024,273,06/09/2025,543
6134,,,2,07/12/2024,274,07/09/2025,575
6134,,,2,07/12/2024,275,08/09/2025,437
6134,,,2,07/12/2024,276,09/09/2025,632
6134,,,2,07/12/2024,277,10/09/2025,503
6134,,,2,07/12/2024,278,11/09/2025,542
6134,,,2,07/12/2024,279,12/09/2025,495
6134,,,2,07/12/2024,280,13/09/2025,573
6134,,,2,07/12/2024,281,14/09/2025,572
6134,,,2,07/12/2024,282,15/09/2025,482
6134,,,2,07/12/2024,283,16/09/2025,553
6134,,,2,07/12/2024,284,17/09/2025,449
6134,,,2,07/12/2024,285,18/09/2025,487
6134,,,2,07/12/2024,286,19/09/2025,485
6134,,,2,07/12/2024,287,20/09/2025,498
6134,,,2,07/12/2024,288,21/09/2025,639
6134,,,2,07/12/2024,289,22/09/2025,296
6134,,,2,07/12/2024,290,23/09/2025,0
6134,,,2,07/12/2024,291,24/09/2025,0
6134,,,2,07/12/2024,292,25/09/2025,
